name,stars,city,state_name,party,education,salary,median_rent_2025_10_31,population_density
St Honore Pastries,4.0,Philadelphia,Pennsylvania,Democrat,36.4,60698.0,1715.4754572988052,4517.0
Caviar & Bananas,3.5,Nashville,Tennessee,Democrat,51.2,75197.0,1803.1395088912257,537.0
Wawa,3.0,Philadelphia,Pennsylvania,Democrat,36.4,60698.0,1715.4754572988052,4517.0
Helena Avenue Bakery,4.0,Santa Barbara,California,Democrat,38.6,101672.0,3646.9091098603294,
Mike's Ice Cream,4.5,Nashville,Tennessee,Democrat,51.2,75197.0,1803.1395088912257,537.0
McDonald's,1.5,St. Louis,Missouri,Democrat,46.7,55279.0,,1943.0
ReAnimator Coffee,4.0,Philadelphia,Pennsylvania,Democrat,36.4,60698.0,1715.4754572988052,4517.0
Red Hook Coffee & Tea,4.5,Philadelphia,Pennsylvania,Democrat,36.4,60698.0,1715.4754572988052,4517.0
Cafe Con Leche,2.5,Tampa,Florida,Republican,39.6,71302.0,2011.9116084311615,1284.0
Nesbit's Magazine Street Market,5.0,New Orleans,Louisiana,Democrat,43.3,55339.0,1635.4273395346563,892.0
The Hideout Coffee House,4.5,Brandon,Florida,Republican,39.6,77068.0,1944.9896640826876,
McDonald's,1.5,Lansdale,Pennsylvania,Democrat,55.4,86460.0,1966.2497212931996,
The Silo Eatery Coffee Bakery,4.0,Tampa,Florida,Republican,39.6,71302.0,2011.9116084311615,1284.0
Liberty City Roasters,4.5,Bristol,Pennsylvania,Republican,,70595.0,1622.25,
McDonald's,2.0,Pennsville,New Jersey,Republican,,75162.0,,
Local Links,4.5,Haddon Heights,New Jersey,Democrat,38.8,126055.0,,
NY Bagel Cafe & Deli,3.0,Philadelphia,Pennsylvania,Democrat,36.4,60698.0,1715.4754572988052,4517.0
McDonald's,1.5,St. Louis,Missouri,Democrat,46.7,55279.0,,1943.0
NY Bagel & Deli Shop,4.0,Philadelphia,Pennsylvania,Democrat,36.4,60698.0,1715.4754572988052,4517.0
The Bricks,4.0,Tampa,Florida,Republican,39.6,71302.0,2011.9116084311615,1284.0
Dunkin',2.0,Pinellas Park,Florida,Republican,38.5,62043.0,2039.4087024087028,
Barista Cafe,4.5,Palmyra,New Jersey,Democrat,42.1,85014.0,2137.5,
Dunkin' Donuts,2.0,Indianapolis,Indiana,Democrat,35.3,62995.0,1376.034945102525,913.0
Cafe Victoria's,3.0,Philadelphia,Pennsylvania,Democrat,36.4,60698.0,1715.4754572988052,4517.0
Starbucks,3.0,Tampa,Florida,Republican,39.6,71302.0,2011.9116084311615,1284.0
Bagelicious and More,3.5,Brandon,Florida,Republican,39.6,77068.0,1944.9896640826876,
State Street Kitchen,4.5,Newtown,Pennsylvania,Republican,45.2,146765.0,2431.944444444445,
Wawa,3.5,Media,Pennsylvania,Democrat,44.4,86219.0,1922.0873015873012,
McDonald's,2.0,Brandon,Florida,Republican,39.6,77068.0,1944.9896640826876,
McDonald's,1.5,Philadelphia,Pennsylvania,Democrat,36.4,60698.0,1715.4754572988052,4517.0
Hippie Hi,4.0,Clearwater,Florida,Republican,38.5,64440.0,1956.247155052128,1727.0
Dune Coffee Roasters - Anacapa,4.0,Santa Barbara,California,Democrat,38.6,101672.0,3646.9091098603294,
365 Caffe Italiano,4.5,Wesley Chapel,Florida,Republican,31.3,107004.0,2225.93855222764,
Dunkin',2.0,Brandon,Florida,Republican,39.6,77068.0,1944.9896640826876,
De Ville Coffee House & Creperie,4.5,New Orleans,Louisiana,Democrat,43.3,55339.0,1635.4273395346563,892.0
Edgehill Cafe,3.5,Nashville,Tennessee,Democrat,51.2,75197.0,1803.1395088912257,537.0
7-Eleven,2.0,Sparks,Nevada,Democrat,37.3,86979.0,1964.762212770985,
McDonald's,2.0,Fishers,Indiana,Republican,62.7,128141.0,1951.650886475448,
Wawa,3.5,Norristown,Pennsylvania,Democrat,55.4,65058.0,1698.5733057280884,
Edgehill Cafe,4.0,Nashville,Tennessee,Democrat,51.2,75197.0,1803.1395088912257,537.0
Capitol Cellars,4.0,Boise,Idaho,Republican,46.3,76402.0,1769.288449703903,
The flagpole Nola,5.0,New Orleans,Louisiana,Democrat,43.3,55339.0,1635.4273395346563,892.0
Dunkin',3.0,Delran,New Jersey,Democrat,,91000.0,,
Cocco's Gelateria,4.5,Primos,Pennsylvania,Democrat,,60698.0,,
Dunkin',3.5,Cherry Hill,New Jersey,Democrat,38.8,91000.0,2419.9864433811804,
Wawa,3.5,Philadelphia,Pennsylvania,Democrat,36.4,60698.0,1715.4754572988052,4517.0
Cosi,2.5,Philadelphia,Pennsylvania,Democrat,36.4,60698.0,1715.4754572988052,4517.0
Kávé Express,4.5,Hendersonville,Tennessee,Republican,35.1,91503.0,1604.2083028083027,
Dunkin',2.5,Riverview,Florida,Republican,39.6,95442.0,2171.145685305324,
Starbucks,4.5,Cinnaminson,New Jersey,Democrat,,91000.0,,
Stardust Tea Spices and Beads,4.5,Nashville,Tennessee,Democrat,51.2,75197.0,1803.1395088912257,537.0
Eagles Peak Spring Water,2.0,Fountainville,Pennsylvania,Republican,,60698.0,,
Palo De Azucar Cafe,5.0,Trenton,New Jersey,Democrat,47.3,47102.0,2197.5047619047623,
Roadrunner Coffee Co.,4.0,Tucson,Arizona,Democrat,37.9,54546.0,1468.4007810603507,904.0
Dunkin',2.0,Royersford,Pennsylvania,Democrat,55.4,67083.0,1867.1333333333328,
The Cubby Hole,4.5,Moorestown,New Jersey,Democrat,,91000.0,,
Monon Coffee Company,4.0,Indianapolis,Indiana,Democrat,35.3,62995.0,1376.034945102525,913.0
Benna's West,3.5,Philadelphia,Pennsylvania,Democrat,36.4,60698.0,1715.4754572988052,4517.0
Frost & Bean Gelato & Coffee Laboratory,4.0,Dunedin,Florida,Republican,38.5,68068.0,2087.5775446775447,
Wheel Cafe,4.5,Dunedin,Florida,Republican,38.5,68068.0,2087.5775446775447,
Dunkin',2.0,Tampa,Florida,Republican,39.6,71302.0,2011.9116084311615,1284.0
Treme Coffeehouse,4.5,New Orleans,Louisiana,Democrat,43.3,55339.0,1635.4273395346563,892.0
Krispy Kreme,3.0,Nashville,Tennessee,Democrat,51.2,75197.0,1803.1395088912257,537.0
Basimo Beach Cafe,4.0,Clearwater,Florida,Republican,38.5,64440.0,1956.247155052128,1727.0
Starbucks,3.0,Reno,Nevada,Democrat,37.3,78448.0,1895.051309846432,920.0
Fray's Donut House,4.5,Saint Petersburg,Florida,Republican,,71302.0,,
Cat Therapy,4.5,Santa Barbara,California,Democrat,38.6,101672.0,3646.9091098603294,
Saige Café,3.0,Philadelphia,Pennsylvania,Democrat,36.4,60698.0,1715.4754572988052,4517.0
Kimberton Whole Foods - Collegeville,5.0,Collegeville,Pennsylvania,Democrat,55.4,88992.0,2583.753703703704,
Stone House Grille,4.5,Kimberton,Pennsylvania,Democrat,58.0,60698.0,,
Mood Cafe,4.5,Philadelphia,Pennsylvania,Democrat,36.4,60698.0,1715.4754572988052,4517.0
Wawa,3.0,Narberth,Pennsylvania,Democrat,55.4,119863.0,,
Kung Fu Tea,4.5,Cherry Hill,New Jersey,Democrat,38.8,91000.0,2419.9864433811804,
The Human Bean,4.5,Reno,Nevada,Democrat,37.3,78448.0,1895.051309846432,920.0
Starbucks,3.0,Gloucester Township,New Jersey,Democrat,,91000.0,,
Breakfast Club,4.5,Port Richey,Florida,Republican,31.3,45435.0,1721.7101449275362,
Dunkin',2.5,Ruskin,Florida,Republican,39.6,76402.0,2210.5286195286194,
NY Bagel Cafe & Deli,3.0,Springfield,Pennsylvania,Democrat,,60698.0,,
Vecchia Osteria,4.0,Newtown,Pennsylvania,Republican,45.2,146765.0,2431.944444444445,
McDonald's,2.0,Philadelphia,Pennsylvania,Democrat,36.4,60698.0,1715.4754572988052,4517.0
LeBuzz Caffe,4.0,Tucson,Arizona,Democrat,37.9,54546.0,1468.4007810603507,904.0
Starbucks,2.5,Marrero,Louisiana,Republican,31.2,45633.0,1651.5873015873017,
Cups & Chairs,4.5,Philadelphia,Pennsylvania,Democrat,36.4,60698.0,1715.4754572988052,4517.0
Harvest Coffee Roastery,4.0,Voorhees Township,New Jersey,Democrat,,91000.0,1815.4166666666667,
McDonald's,2.0,Sun City Center,Florida,Republican,39.6,71012.0,2150.534722222222,
Hugs & Yogurt Cafe,4.0,Willow Grove,Pennsylvania,Democrat,55.4,98402.0,2074.1666666666665,
Turning Point of North Wales,3.0,North Wales,Pennsylvania,Democrat,55.4,115833.0,1930.419047619048,
Tinker Coffee,3.5,Indianapolis,Indiana,Democrat,35.3,62995.0,1376.034945102525,913.0
Alchemy Coffee,5.0,Philadelphia,Pennsylvania,Democrat,36.4,60698.0,1715.4754572988052,4517.0
The 81 Hong Kong Cafe,4.0,Tucson,Arizona,Democrat,37.9,54546.0,1468.4007810603507,904.0
McDonald's,2.5,Franklin,Tennessee,Republican,65.8,115000.0,2052.104521404521,
McDonald's,1.5,Florissant,Missouri,Democrat,46.7,66344.0,1490.5542857142857,
Anani Bistro,4.5,Gulfport,Florida,Republican,38.5,68617.0,2081.904761904762,
Wawa,2.0,Bala Cynwyd,Pennsylvania,Democrat,55.4,144453.0,,
District Donuts Sliders Brew,4.5,New Orleans,Louisiana,Democrat,43.3,55339.0,1635.4273395346563,892.0
Dunkin',2.0,Land O Lakes,Florida,Republican,,71302.0,2296.723625140292,
Koffee Korner Cafe,3.5,Lansdale,Pennsylvania,Democrat,55.4,86460.0,1966.2497212931996,
Capogiro Gelato,4.0,Philadelphia,Pennsylvania,Democrat,36.4,60698.0,1715.4754572988052,4517.0
McDonald's,1.5,Woodstown,New Jersey,Republican,24.4,101855.0,,
McDonald's,1.5,Belleville,Illinois,Democrat,34.2,60529.0,1072.5014005602245,
Nectar Urban Cantina,4.5,Nashville,Tennessee,Democrat,51.2,75197.0,1803.1395088912257,537.0
Junes Breakfast,2.5,Philadelphia,Pennsylvania,Democrat,36.4,60698.0,1715.4754572988052,4517.0
Quick Chek,2.0,Ewing,New Jersey,Democrat,,91000.0,2199.345238095238,
California Shakes & Juice Bar,5.0,Deptford Township,New Jersey,Republican,,91000.0,,
The Urban Juicer,3.5,Nashville,Tennessee,Democrat,51.2,75197.0,1803.1395088912257,537.0
Dunkin',2.0,Sewell,New Jersey,Republican,37.6,135141.0,2450.833333333333,
Dunkin',3.5,Cherry Hill,New Jersey,Democrat,38.8,91000.0,2419.9864433811804,
The Larder,4.5,Doylestown,Pennsylvania,Republican,,93672.0,2597.1666666666665,
Capricho’s,5.0,Tampa,Florida,Republican,39.6,71302.0,2011.9116084311615,1284.0
Corner Cafe,2.5,Royersford,Pennsylvania,Democrat,55.4,67083.0,1867.1333333333328,
Ann's Market,4.0,Eddystone,Pennsylvania,Democrat,44.4,53665.0,,
Ranch House Restaurant,3.5,Tampa,Florida,Republican,39.6,71302.0,2011.9116084311615,1284.0
Simply Done Donuts,5.0,Tampa,Florida,Republican,39.6,71302.0,2011.9116084311615,1284.0
Three Brothers Coffee,4.5,Nashville,Tennessee,Democrat,51.2,75197.0,1803.1395088912257,537.0
McDonald's,1.5,Belleville,Illinois,Democrat,34.2,60529.0,1072.5014005602245,
Dunkin',4.0,Springfield,Pennsylvania,Democrat,,60698.0,,
Strange Donuts,3.5,Maplewood,Missouri,Democrat,46.7,65510.0,1205.2407407407406,
The Creperie Cafe,3.5,Boise,Idaho,Republican,46.3,76402.0,1769.288449703903,
Starbucks,2.5,Doylestown,Pennsylvania,Republican,,93672.0,2597.1666666666665,
Cairdeas Coffee,4.0,Saint Louis,Missouri,Democrat,,55279.0,,
McDonald's,2.5,Eddystone,Pennsylvania,Democrat,44.4,53665.0,,
J'aime French Bakery,4.5,Philadelphia,Pennsylvania,Democrat,36.4,60698.0,1715.4754572988052,4517.0
Pia Urban Cafe & Market,5.0,Indianapolis,Indiana,Democrat,35.3,62995.0,1376.034945102525,913.0
McDonald's,1.5,Marana,Arizona,Democrat,37.9,108256.0,2097.519841269841,
Panera Bread,2.5,Nashville,Tennessee,Democrat,51.2,75197.0,1803.1395088912257,537.0
Coffeebar,4.5,Reno,Nevada,Democrat,37.3,78448.0,1895.051309846432,920.0
Old World Coffee Lab - Midtown,4.5,Reno,Nevada,Democrat,37.3,78448.0,1895.051309846432,920.0
Buddy Brew - Hyde Park,4.0,Tampa,Florida,Republican,39.6,71302.0,2011.9116084311615,1284.0
Brenda's On the Causeway,4.0,Dunedin,Florida,Republican,38.5,68068.0,2087.5775446775447,
Dunkin',2.5,Bristol,Pennsylvania,Republican,,70595.0,1622.25,
Starbucks,3.5,Cherry Hill,New Jersey,Democrat,38.8,91000.0,2419.9864433811804,
Petite Clouet Cafe,4.5,New Orleans,Louisiana,Democrat,43.3,55339.0,1635.4273395346563,892.0
Café Aqui,5.0,Tucson,Arizona,Democrat,37.9,54546.0,1468.4007810603507,904.0
Starbucks,3.5,Sewell,New Jersey,Republican,37.6,135141.0,2450.833333333333,
Tinker Coffee,5.0,Indianapolis,Indiana,Democrat,35.3,62995.0,1376.034945102525,913.0
Dunkin',2.0,Nashville,Tennessee,Democrat,51.2,75197.0,1803.1395088912257,537.0
Brown Chicken Brown Cow,4.0,Philadelphia,Pennsylvania,Democrat,36.4,60698.0,1715.4754572988052,4517.0
Vientiane Café,4.0,Philadelphia,Pennsylvania,Democrat,36.4,60698.0,1715.4754572988052,4517.0
Frost Gelato,4.5,Tucson,Arizona,Democrat,37.9,54546.0,1468.4007810603507,904.0
Pomme Cafe & Wine Bar,3.5,Saint Louis,Missouri,Democrat,,55279.0,,
Urban Eats,4.0,Saint Louis,Missouri,Democrat,,55279.0,,
Parts Guru,3.5,Lansdale,Pennsylvania,Democrat,55.4,86460.0,1966.2497212931996,
Eet Gud Bakery,4.5,Trenton,New Jersey,Democrat,47.3,47102.0,2197.5047619047623,
Passero's Coffee Roasters,4.5,Philadelphia,Pennsylvania,Democrat,36.4,60698.0,1715.4754572988052,4517.0
Starbucks,2.5,Philadelphia,Pennsylvania,Democrat,36.4,60698.0,1715.4754572988052,4517.0
Kim's Cuban Sandwich Shop,4.0,Seffner,Florida,Republican,39.6,88167.0,2141.3650793650795,
Eleven Cafē,5.0,Tucson,Arizona,Democrat,37.9,54546.0,1468.4007810603507,904.0
Pranzo Jersey Italian Cafe,4.0,Nashville,Tennessee,Democrat,51.2,75197.0,1803.1395088912257,537.0
Milktooth,4.0,Indianapolis,Indiana,Democrat,35.3,62995.0,1376.034945102525,913.0
Smalls Tea and Coffee,5.0,Saint Louis,Missouri,Democrat,,55279.0,,
Arber Cafè,4.5,Saint Louis,Missouri,Democrat,,55279.0,,
McDonald's,1.5,Reno,Nevada,Democrat,37.3,78448.0,1895.051309846432,920.0
Starbucks,3.5,Tucson,Arizona,Democrat,37.9,54546.0,1468.4007810603507,904.0
Honeydeux,3.5,New Orleans,Louisiana,Democrat,43.3,55339.0,1635.4273395346563,892.0
McDonald's,2.5,Hudson,Florida,Republican,31.3,49063.0,2058.958333333333,
Blue Collar Coffee Co.,3.5,Indianapolis,Indiana,Democrat,35.3,62995.0,1376.034945102525,913.0
Factory Donuts,4.0,Newtown,Pennsylvania,Republican,45.2,146765.0,2431.944444444445,
Suncraft Beverages,5.0,Tucson,Arizona,Democrat,37.9,54546.0,1468.4007810603507,904.0
Superstitions Java,4.5,Reno,Nevada,Democrat,37.3,78448.0,1895.051309846432,920.0
Num Num Boba,4.5,Reno,Nevada,Democrat,37.3,78448.0,1895.051309846432,920.0
Vineyards Cafe,4.5,Philadelphia,Pennsylvania,Democrat,36.4,60698.0,1715.4754572988052,4517.0
Old Road Coffee,4.5,New Orleans,Louisiana,Democrat,43.3,55339.0,1635.4273395346563,892.0
The Spark,4.5,Speedway,Indiana,Democrat,35.3,57158.0,1667.75,
Cafe Du Monde City Park,4.0,New Orleans,Louisiana,Democrat,43.3,55339.0,1635.4273395346563,892.0
Wawa,3.5,Mount Ephraim,New Jersey,Democrat,38.8,95137.0,,
Roundabout Grill,4.0,Reno,Nevada,Democrat,37.3,78448.0,1895.051309846432,920.0
The Bodacious Bean,4.5,Boise,Idaho,Republican,46.3,76402.0,1769.288449703903,
Living Room- Southampton,4.5,St. Louis,Missouri,Democrat,46.7,55279.0,,1943.0
7-Eleven,1.5,New Port Richey,Florida,Republican,31.3,46160.0,1753.8333333333333,
McDonald's,2.0,Fishers,Indiana,Republican,62.7,128141.0,1951.650886475448,
Tutti Frutti Frozen Yogurt,4.0,University City,Missouri,Democrat,46.7,76466.0,1582.4187134502924,
McDonald's,2.0,Morrisville,Pennsylvania,Republican,45.2,94126.0,2138.333333333333,
Wawa,2.5,Philadelphia,Pennsylvania,Democrat,36.4,60698.0,1715.4754572988052,4517.0
Safehouse,3.5,Tucson,Arizona,Democrat,37.9,54546.0,1468.4007810603507,904.0
Hackett's Causeway Cafe and Creamery,4.5,Dunedin,Florida,Republican,38.5,68068.0,2087.5775446775447,
High Brow Coffee + Tea,4.0,Franklin,Tennessee,Republican,65.8,115000.0,2052.104521404521,
The Cuban Sandwich Shop,4.5,Indianapolis,Indiana,Democrat,35.3,62995.0,1376.034945102525,913.0
Josef's Vienna Bakery & Cafe,4.0,Reno,Nevada,Democrat,37.3,78448.0,1895.051309846432,920.0
McDonald's,1.5,Claymont,Delaware,Democrat,38.7,75808.0,1550.7222222222224,
Mokka Kaffeehaus,3.0,Columbia,Illinois,Republican,,107922.0,,
Fa Caldo Caffe,4.5,Philadelphia,Pennsylvania,Democrat,36.4,60698.0,1715.4754572988052,4517.0
McDonald's,1.0,Upper Darby,Pennsylvania,Democrat,,60698.0,1262.75,
Frothy Monkey,4.0,Nashville,Tennessee,Democrat,51.2,75197.0,1803.1395088912257,537.0
Almaz Cafe,3.5,Norristown,Pennsylvania,Democrat,55.4,65058.0,1698.5733057280884,
Cafe Zoma,4.0,Santa Barbara,California,Democrat,38.6,101672.0,3646.9091098603294,
Dunkin',2.5,Kennett Square,Pennsylvania,Democrat,58.0,74259.0,2455.2000000000003,
McDonald's,1.0,Philadelphia,Pennsylvania,Democrat,36.4,60698.0,1715.4754572988052,4517.0
Dunkin',2.0,Philadelphia,Pennsylvania,Democrat,36.4,60698.0,1715.4754572988052,4517.0
Fleur-De-Lis Nutrition,4.5,New Orleans,Louisiana,Democrat,43.3,55339.0,1635.4273395346563,892.0
Bing's Boba Tea,4.0,Tucson,Arizona,Democrat,37.9,54546.0,1468.4007810603507,904.0
Goody's Cafe,3.5,Terrytown,Louisiana,Republican,31.2,56944.0,,
Starbucks,3.0,Philadelphia,Pennsylvania,Democrat,36.4,60698.0,1715.4754572988052,4517.0
Deja Brew Laugh A Latte,4.5,Meridian,Idaho,Republican,46.3,98686.0,2015.2290262803235,
Slow Hand Coffee Company,4.0,Nashville,Tennessee,Democrat,51.2,75197.0,1803.1395088912257,537.0
McDonald's,1.5,Brandon,Florida,Republican,39.6,77068.0,1944.9896640826876,
Books-A-Million,3.5,Brandon,Florida,Republican,39.6,77068.0,1944.9896640826876,
Stanley Service Bar,4.5,New Orleans,Louisiana,Democrat,43.3,55339.0,1635.4273395346563,892.0
Cafe 29,2.0,Nashville,Tennessee,Democrat,51.2,75197.0,1803.1395088912257,537.0
McDonald's,1.5,Fairless Hills,Pennsylvania,Republican,45.2,80625.0,,
Orange Blossom Cafe & Bakery,3.5,Riverton,New Jersey,Democrat,42.1,126818.0,,
McDonald's,1.5,Upper Darby,Pennsylvania,Democrat,,60698.0,1262.75,
Wawa,3.0,New Castle,Delaware,Democrat,38.7,92565.0,1786.4166666666667,
McDonald's,1.5,Kennett Square,Pennsylvania,Democrat,58.0,74259.0,2455.2000000000003,
Hippie Hi,4.0,Clearwater,Florida,Republican,38.5,64440.0,1956.247155052128,1727.0
Perks Coffeehouse,4.0,Trinity,Florida,Republican,31.3,113125.0,,
McDonald's,1.5,Trenton,New Jersey,Democrat,47.3,47102.0,2197.5047619047623,
Foodwerx,4.5,Cherry Hill,New Jersey,Democrat,38.8,91000.0,2419.9864433811804,
Community Coffee Company,3.0,New Orleans,Louisiana,Democrat,43.3,55339.0,1635.4273395346563,892.0
Starbucks,4.0,Brownsburg,Indiana,Republican,37.1,105435.0,1939.3527777777776,
Bing's Boba Tea,4.0,Tucson,Arizona,Democrat,37.9,54546.0,1468.4007810603507,904.0
Angys’s Cafe And Ice Cream Parlor,4.5,Warminster,Pennsylvania,Republican,,60698.0,,
Sip of Saigon,5.0,Spanish Springs,Nevada,Democrat,37.3,121250.0,,
Starbucks,2.5,Penns Grove,New Jersey,Republican,24.4,43889.0,,
Naviera Coffee Mills,4.0,Tampa,Florida,Republican,39.6,71302.0,2011.9116084311615,1284.0
Dunkin',2.5,Glendora,New Jersey,Democrat,38.8,94792.0,,
Lucky Goat Coffeehouse,4.5,Philadelphia,Pennsylvania,Democrat,36.4,60698.0,1715.4754572988052,4517.0
The Centennial Cafe,3.5,Philadelphia,Pennsylvania,Democrat,36.4,60698.0,1715.4754572988052,4517.0
Trywith,4.5,Mount Laurel,New Jersey,Democrat,,91000.0,,
Cafe Fleur De Lis,4.0,New Orleans,Louisiana,Democrat,43.3,55339.0,1635.4273395346563,892.0
Healthies Fishers,4.5,Fishers,Indiana,Republican,62.7,128141.0,1951.650886475448,
Speedway,1.5,Tucson,Arizona,Democrat,37.9,54546.0,1468.4007810603507,904.0
Clusters Handcrafted Popcorn,4.5,Doylestown,Pennsylvania,Republican,,93672.0,2597.1666666666665,
McDonald's,1.0,Philadelphia,Pennsylvania,Democrat,36.4,60698.0,1715.4754572988052,4517.0
Yolklore,4.5,St. Louis,Missouri,Democrat,46.7,55279.0,,1943.0
Starbucks,3.5,Haddonfield,New Jersey,Democrat,38.8,190882.0,1900.8333333333333,
Dunkin',1.0,Philadelphia,Pennsylvania,Democrat,36.4,60698.0,1715.4754572988052,4517.0
Rolling Stars,4.0,West Chester,Pennsylvania,Democrat,58.0,81492.0,2121.137626262627,
Starbucks,2.5,Indianapolis,Indiana,Democrat,35.3,62995.0,1376.034945102525,913.0
McDonald's,1.0,Cherry Hill,New Jersey,Democrat,38.8,91000.0,2419.9864433811804,
Cabin Coffee,4.5,Avon,Indiana,Republican,37.1,80292.0,1762.1857142857143,
"Coffee, Lunch.",4.0,Nashville,Tennessee,Democrat,51.2,75197.0,1803.1395088912257,537.0
Chateau Cafe,3.0,New Orleans,Louisiana,Democrat,43.3,55339.0,1635.4273395346563,892.0
McDonald's,1.5,St. Louis,Missouri,Democrat,46.7,55279.0,,1943.0
Good Karma Cafe,4.0,Philadelphia,Pennsylvania,Democrat,36.4,60698.0,1715.4754572988052,4517.0
Chadds Cafe,5.0,Chadds Ford,Pennsylvania,Democrat,58.0,169250.0,,
7-Eleven,2.0,Reno,Nevada,Democrat,37.3,78448.0,1895.051309846432,920.0
Kung Fu Tea,3.5,Petersburg,Florida,Republican,,71302.0,,
Blueprint Coffee,4.5,St Louis,Missouri,Democrat,,55279.0,1297.475912635836,
Yolk - Monument Circle,3.5,Indianapolis,Indiana,Democrat,35.3,62995.0,1376.034945102525,913.0
Capital One 360 Café,4.0,Wilmington,Delaware,Democrat,38.7,55269.0,1756.0830026455026,
Plat 99,4.5,Indianapolis,Indiana,Democrat,35.3,62995.0,1376.034945102525,913.0
Elevation Coffee Roasters,5.0,Tampa,Florida,Republican,39.6,71302.0,2011.9116084311615,1284.0
ICED by Betsy,5.0,Royersford,Pennsylvania,Democrat,55.4,67083.0,1867.1333333333328,
Northwest Coffee Roasting Company,3.5,Clayton,Missouri,Democrat,46.7,128898.0,1712.9682539682535,
Starbucks,2.5,Tampa,Florida,Republican,39.6,71302.0,2011.9116084311615,1284.0
Sips Specialty Coffee House,4.5,Tampa,Florida,Republican,39.6,71302.0,2011.9116084311615,1284.0
Bubba Tea & Cafe,3.5,Saint Louis,Missouri,Democrat,,55279.0,,
McDonald's,1.5,Sahuarita,Arizona,Democrat,37.9,100719.0,1911.47095959596,
Cafe Cioccolato,4.5,Saint Louis,Missouri,Democrat,,55279.0,,
Yvette's CountrySide Cafe,4.0,Goodlettsville,Tennessee,Republican,35.1,65898.0,1786.8333333333333,
High Point Cafe,4.0,Philadelphia,Pennsylvania,Democrat,36.4,60698.0,1715.4754572988052,4517.0
McDonald's,2.0,Philadelphia,Pennsylvania,Democrat,36.4,60698.0,1715.4754572988052,4517.0
Buddy Brew Coffee ,4.0,Tampa,Florida,Republican,39.6,71302.0,2011.9116084311615,1284.0
Flow State CoffeeBar,5.0,Philadelphia,Pennsylvania,Democrat,36.4,60698.0,1715.4754572988052,4517.0
Chateau Coffee Cafe,3.5,Kenner,Louisiana,Republican,31.2,64099.0,1663.6666666666667,
Speedway,2.5,Brownsburg,Indiana,Republican,37.1,105435.0,1939.3527777777776,
Dutch Bros Coffee,4.0,Reno,Nevada,Democrat,37.3,78448.0,1895.051309846432,920.0
French Truck Coffee,4.0,New Orleans,Louisiana,Democrat,43.3,55339.0,1635.4273395346563,892.0
Wawa,2.5,Maple Shade,New Jersey,Democrat,,91000.0,,
Un Caffé Italian Bistro,4.5,Reno,Nevada,Democrat,37.3,78448.0,1895.051309846432,920.0
Berry Sweet Frozen Yogurt,4.0,Philadelphia,Pennsylvania,Democrat,36.4,60698.0,1715.4754572988052,4517.0
Dunkin',1.5,Saint Petersburg,Florida,Republican,,71302.0,,
Upper Nine Doughnut Company,3.5,New Orleans,Louisiana,Democrat,43.3,55339.0,1635.4273395346563,892.0
City of Tucson,3.0,Tucson,Arizona,Democrat,37.9,54546.0,1468.4007810603507,904.0
Cafe Du Monde,4.5,Metairie,Louisiana,Republican,31.2,73256.0,1645.3324786324786,
McDonald's,2.0,New Orleans,Louisiana,Democrat,43.3,55339.0,1635.4273395346563,892.0
Milk and Honey Nashville,4.0,Nashville,Tennessee,Democrat,51.2,75197.0,1803.1395088912257,537.0
OneCupJoe,4.5,Warminster,Pennsylvania,Republican,,60698.0,,
Starbucks,4.0,Palm Harbor,Florida,Republican,38.5,75354.0,1901.0656790123455,
Goody's Soda Fountain & Candy Store,4.5,Boise,Idaho,Republican,46.3,76402.0,1769.288449703903,
Nameless Coffee & Tea House,4.5,Reno,Nevada,Democrat,37.3,78448.0,1895.051309846432,920.0
Bay City Sandwich Shop,4.5,Tampa,Florida,Republican,39.6,71302.0,2011.9116084311615,1284.0
Starbucks,2.5,Mt. Juliet,Tennessee,Republican,,75197.0,,
Dunkin' Donuts,2.5,Philadelphia,Pennsylvania,Democrat,36.4,60698.0,1715.4754572988052,4517.0
Krispy Kreme,2.5,Smyrna,Tennessee,Republican,36.6,78409.0,1682.256728778468,
Old Town Cafe,4.5,Palm Harbor,Florida,Republican,38.5,75354.0,1901.0656790123455,
Cily Chicken Rice,4.5,Philadelphia,Pennsylvania,Democrat,36.4,60698.0,1715.4754572988052,4517.0
Good Cup,3.5,Santa Barbara,California,Democrat,38.6,101672.0,3646.9091098603294,
Starbucks,3.0,Carmel,Indiana,Republican,62.7,134602.0,1827.6327732974908,
Wawa,4.5,Maple Shade,New Jersey,Democrat,,91000.0,,
McDonald's,2.0,Deptford,New Jersey,Republican,,91000.0,,
Franny Lou's Porch,4.5,Philadelphia,Pennsylvania,Democrat,36.4,60698.0,1715.4754572988052,4517.0
Be Well Bakery & Cafe,4.5,Richboro,Pennsylvania,Republican,45.2,153691.0,,
Cafe Du Monde,4.0,Metairie,Louisiana,Republican,31.2,73256.0,1645.3324786324786,
Frist Art Museum Cafe,4.0,Nashville,Tennessee,Democrat,51.2,75197.0,1803.1395088912257,537.0
Dunkin',2.0,Philadelphia,Pennsylvania,Democrat,36.4,60698.0,1715.4754572988052,4517.0
McDonald's,2.0,Tampa,Florida,Republican,39.6,71302.0,2011.9116084311615,1284.0
Starbucks,1.5,Mount Laurel,New Jersey,Democrat,,91000.0,,
Dharma Kava Lounge,4.0,Largo,Florida,Republican,38.5,60465.0,1787.582052090859,
Starbucks,3.5,Port Richey,Florida,Republican,31.3,45435.0,1721.7101449275362,
Paradise Sweets,4.5,St. Pete Beach,Florida,Republican,38.5,108931.0,,
Catahoula Coffee Shop,4.5,New Orleans,Louisiana,Democrat,43.3,55339.0,1635.4273395346563,892.0
Saint Cecilia,4.5,New Orleans,Louisiana,Democrat,43.3,55339.0,1635.4273395346563,892.0
Cosi,3.5,Philadelphia,Pennsylvania,Democrat,36.4,60698.0,1715.4754572988052,4517.0
Dunkin',1.5,Arnold,Missouri,Republican,25.5,75194.0,1574.3055555555557,
McDonald's,1.5,Caseyville,Illinois,Democrat,34.2,57919.0,,
McDonald's,1.5,Tucson,Arizona,Democrat,37.9,54546.0,1468.4007810603507,904.0
Wawa,4.0,Bensalem,Pennsylvania,Republican,,60698.0,1804.6603174603176,
McDonald's,1.5,Fishers,Indiana,Republican,62.7,128141.0,1951.650886475448,
Manhattan Bagel,2.0,Willow Grove,Pennsylvania,Democrat,55.4,98402.0,2074.1666666666665,
Wawa,2.5,Philadelphia,Pennsylvania,Democrat,36.4,60698.0,1715.4754572988052,4517.0
Einstein Bros Bagels,2.5,Saint Louis,Missouri,Democrat,,55279.0,,
The Mug Shot Coffee & Eatery,4.5,Reno,Nevada,Democrat,37.3,78448.0,1895.051309846432,920.0
Petite Rouge Cafe ,4.5,New Orleans,Louisiana,Democrat,43.3,55339.0,1635.4273395346563,892.0
Flap-Jacks Pancake House,4.0,Indianapolis,Indiana,Democrat,35.3,62995.0,1376.034945102525,913.0
Suraya,4.5,Philadelphia,Pennsylvania,Democrat,36.4,60698.0,1715.4754572988052,4517.0
McDonald's,2.0,Marana,Arizona,Democrat,37.9,108256.0,2097.519841269841,
McDonald's,3.0,Palm Harbor,Florida,Republican,38.5,75354.0,1901.0656790123455,
McDonald's,1.5,Bryn Mawr,Pennsylvania,Democrat,55.4,87218.0,2184.9999999999995,
The Bean Bar,4.0,Tampa,Florida,Republican,39.6,71302.0,2011.9116084311615,1284.0
Dunkin' Donuts,2.0,Goodlettsville,Tennessee,Republican,35.1,65898.0,1786.8333333333333,
McDonald's,1.5,Philadelphia,Pennsylvania,Democrat,36.4,60698.0,1715.4754572988052,4517.0
Dutch Bros Coffee,4.0,Oro Valley,Arizona,Democrat,37.9,105342.0,1923.6564327485376,
Starbucks,2.0,Nashville,Tennessee,Democrat,51.2,75197.0,1803.1395088912257,537.0
The Original Coffee Bar,4.5,Collingdale,Pennsylvania,Democrat,44.4,49578.0,1162.5,
Yoya Self Service Frozen Yogurt and Bubble Tea,4.0,Indianapolis,Indiana,Democrat,35.3,62995.0,1376.034945102525,913.0
Starbucks,2.5,Santa Barbara,California,Democrat,38.6,101672.0,3646.9091098603294,
Paris Baguette,4.5,Philadelphia,Pennsylvania,Democrat,36.4,60698.0,1715.4754572988052,4517.0
Whitebox Eatery,4.0,Clayton,Missouri,Democrat,46.7,128898.0,1712.9682539682535,
Healthy Happies Carmel,4.0,Carmel,Indiana,Republican,62.7,134602.0,1827.6327732974908,
WIN Bubble Tea - Hickory Hollow,4.5,Antioch,Tennessee,Democrat,,75197.0,,
Cafe Square One,4.5,Philadelphia,Pennsylvania,Democrat,36.4,60698.0,1715.4754572988052,4517.0
K Dessert cafe,5.0,Tampa Bay,Florida,Republican,,71302.0,,
Parrot Pete's,2.5,Harvey,Louisiana,Republican,31.2,43524.0,1309.2763532763531,
Dunkin',2.0,Mount Laurel,New Jersey,Democrat,,91000.0,,
Stacie's Cottage Cafe,4.0,Saint Petersburg,Florida,Republican,,71302.0,,
The Red Bicycle,3.5,Nashville,Tennessee,Democrat,51.2,75197.0,1803.1395088912257,537.0
7-Eleven,4.0,Philadelphia,Pennsylvania,Democrat,36.4,60698.0,1715.4754572988052,4517.0
Wawa,3.0,Sicklerville,New Jersey,Democrat,38.8,102881.0,2218.611111111112,
Black Rock Coffee Bar,4.5,Boise,Idaho,Republican,46.3,76402.0,1769.288449703903,
McDonald's,2.5,Avon,Indiana,Republican,37.1,80292.0,1762.1857142857143,
Cath Coffee & Tea House,4.0,Indianapolis,Indiana,Democrat,35.3,62995.0,1376.034945102525,913.0
Valerio Coffee Roasters,4.0,Philadelphia,Pennsylvania,Democrat,36.4,60698.0,1715.4754572988052,4517.0
7-Eleven,4.0,Marlton,New Jersey,Democrat,42.1,94160.0,,
Blackberry Cafe,3.0,Saint Louis,Missouri,Democrat,,55279.0,,
Wawa,3.0,Gilbertsville,Pennsylvania,Democrat,55.4,117426.0,,
Lucky 7 Deli,3.0,Bristol,Pennsylvania,Republican,,70595.0,1622.25,
Kool Licks,5.0,Sellersville,Pennsylvania,Republican,45.2,88516.0,,
Fulton Street Cafe,3.0,New Orleans,Louisiana,Democrat,43.3,55339.0,1635.4273395346563,892.0
Cafe Soleil,5.0,St. Pete Beach,Florida,Republican,38.5,108931.0,,
Hyde Perk Coffee House,4.5,Boise,Idaho,Republican,46.3,76402.0,1769.288449703903,
McDonald's,2.0,Brentwood,Tennessee,Republican,65.8,184720.0,2257.203703703704,
Gold Coffee Pancake House,3.5,Indianapolis,Indiana,Democrat,35.3,62995.0,1376.034945102525,913.0
7-Eleven,2.5,Conshohocken,Pennsylvania,Democrat,55.4,117330.0,2378.5670794633643,
Tropiccool,4.5,St. Petersburg,Florida,Republican,38.5,73118.0,,1632.0
Starbucks,2.5,Tampa,Florida,Republican,39.6,71302.0,2011.9116084311615,1284.0
Chef's Market Cafe & Takeaway,4.5,Goodlettsville,Tennessee,Republican,35.1,65898.0,1786.8333333333333,
Darkshot Coffee,4.0,Reno,Nevada,Democrat,37.3,78448.0,1895.051309846432,920.0
Wawa,4.0,Somerdale,New Jersey,Democrat,38.8,79101.0,1754.0,
The Station,4.0,Merchantville,New Jersey,Democrat,38.8,91607.0,,
Starbucks,2.0,Newark,Delaware,Democrat,38.7,71373.0,2153.965643274854,
Cosi,2.5,Philadelphia,Pennsylvania,Democrat,36.4,60698.0,1715.4754572988052,4517.0
Gryphon Cafe,4.0,Wayne,Pennsylvania,Democrat,44.4,143981.0,2133.833333333333,
Starbucks,3.5,Wayne,Pennsylvania,Democrat,44.4,143981.0,2133.833333333333,
Traveling Tea,4.5,Maplewood,Missouri,Democrat,46.7,65510.0,1205.2407407407406,
Cristino's Bakery,5.0,Goleta,California,Democrat,38.6,118039.0,3642.484920634921,
DoDo Bakery,4.5,Philadelphia,Pennsylvania,Democrat,36.4,60698.0,1715.4754572988052,4517.0
Devon Donut & Bagel Company,3.5,Devon,Pennsylvania,Democrat,58.0,194813.0,2037.2222222222224,
Frog at the Yard,3.5,Philadelphia,Pennsylvania,Democrat,36.4,60698.0,1715.4754572988052,4517.0
McDonald's,2.5,Indianapolis,Indiana,Democrat,35.3,62995.0,1376.034945102525,913.0
Wawa,3.5,Audubon,New Jersey,Democrat,38.8,116900.0,,
Barrister's Bagels,3.0,Royersford,Pennsylvania,Democrat,55.4,67083.0,1867.1333333333328,
Wawa,3.5,Royersford,Pennsylvania,Democrat,55.4,67083.0,1867.1333333333328,
The White Heron Tea and Gifts,4.5,New Port Richey,Florida,Republican,31.3,46160.0,1753.8333333333333,
Wawa,3.5,Lansdale,Pennsylvania,Democrat,55.4,86460.0,1966.2497212931996,
The Independent,4.0,Tampa,Florida,Republican,39.6,71302.0,2011.9116084311615,1284.0
McDonald's,1.5,Valley Park,Missouri,Democrat,46.7,64470.0,1525.8,
Starbucks,3.5,Indianapolis,Indiana,Democrat,35.3,62995.0,1376.034945102525,913.0
The Praline Connection,3.5,New Orleans,Louisiana,Democrat,43.3,55339.0,1635.4273395346563,892.0
The Neidhammer Coffee Co.,4.5,Indianapolis,Indiana,Democrat,35.3,62995.0,1376.034945102525,913.0
Veskolini Cafe,5.0,Dunedin,Florida,Republican,38.5,68068.0,2087.5775446775447,
McDonald's,2.5,Marana,Arizona,Democrat,37.9,108256.0,2097.519841269841,
Starbucks,3.5,Tucson,Arizona,Democrat,37.9,54546.0,1468.4007810603507,904.0
Rembrandts,3.5,Eagle,Idaho,Republican,46.3,118037.0,1985.2402777777777,
Grounds 4 Inspiration,4.0,Nashville,Tennessee,Democrat,51.2,75197.0,1803.1395088912257,537.0
McDonald's,1.0,Nashville,Tennessee,Democrat,51.2,75197.0,1803.1395088912257,537.0
Wawa,2.5,Pennsauken,New Jersey,Democrat,38.8,91000.0,2524.0,
Riverside Village,4.5,Nashville,Tennessee,Democrat,51.2,75197.0,1803.1395088912257,537.0
Dawn Patrol,4.0,Santa Barbara,California,Democrat,38.6,101672.0,3646.9091098603294,
Breakfast Culture Club,4.0,Santa Barbara,California,Democrat,38.6,101672.0,3646.9091098603294,
Swill Coffee and Wine,4.0,Reno,Nevada,Democrat,37.3,78448.0,1895.051309846432,920.0
Barnes & Noble Booksellers,4.0,Saint Louis,Missouri,Democrat,,55279.0,,
Frost Gelato,4.5,Tucson,Arizona,Democrat,37.9,54546.0,1468.4007810603507,904.0
Bandit Coffee Co.,4.5,Saint Petersburg,Florida,Republican,,71302.0,,
Eeffoc Cafe,3.0,Wilmington,Delaware,Democrat,38.7,55269.0,1756.0830026455026,
Whistle Stop Gourmet Coffee Shop,4.0,Plant City,Florida,Republican,39.6,64536.0,2014.522077922078,
Starbucks,3.0,Nashville,Tennessee,Democrat,51.2,75197.0,1803.1395088912257,537.0
Starbucks,4.0,Ferguson,Missouri,Democrat,46.7,46106.0,1299.638888888889,
Morning Call Coffee Stand,4.0,Metairie,Louisiana,Republican,31.2,73256.0,1645.3324786324786,
City Market Eats,4.5,Tampa,Florida,Republican,39.6,71302.0,2011.9116084311615,1284.0
Swiss Haus Cafe & Pastry Bar,4.0,Philadelphia,Pennsylvania,Democrat,36.4,60698.0,1715.4754572988052,4517.0
Alert Coffee,5.0,Tampa,Florida,Republican,39.6,71302.0,2011.9116084311615,1284.0
La Colombe Coffee,4.0,Philadelphia,Pennsylvania,Democrat,36.4,60698.0,1715.4754572988052,4517.0
IHOP,2.0,Boone,North Carolina,Democrat,,28633.0,1812.5,
Addicted To Joe,4.5,Gulfport,Florida,Republican,38.5,68617.0,2081.904761904762,
CC's Coffee House,3.5,Metairie,Louisiana,Republican,31.2,73256.0,1645.3324786324786,
Backyard Bowls,4.0,Santa Barbara,California,Democrat,38.6,101672.0,3646.9091098603294,
Kakao Chocolate,4.5,Clayton,Missouri,Democrat,46.7,128898.0,1712.9682539682535,
McDonald's,2.0,Brentwood,Tennessee,Republican,65.8,184720.0,2257.203703703704,
Americano Lounge,5.0,Nashville,Tennessee,Democrat,51.2,75197.0,1803.1395088912257,537.0
Cafe Hope's Green Dot Cafe,4.5,New Orleans,Louisiana,Democrat,43.3,55339.0,1635.4273395346563,892.0
Starbucks,3.0,Broomall,Pennsylvania,Democrat,44.4,114844.0,,
Canes Cafe and Corner Store,5.0,Palm Harbor,Florida,Republican,38.5,75354.0,1901.0656790123455,
7-Eleven,3.5,Philadelphia,Pennsylvania,Democrat,36.4,60698.0,1715.4754572988052,4517.0
Chatime - Bubble Tea Cafe,3.5,Tucson,Arizona,Democrat,37.9,54546.0,1468.4007810603507,904.0
Starbucks,3.0,New Orleans,Louisiana,Democrat,43.3,55339.0,1635.4273395346563,892.0
Phat Bites,3.5,Nashville,Tennessee,Democrat,51.2,75197.0,1803.1395088912257,537.0
Starbucks,3.0,Franklin,Tennessee,Republican,65.8,115000.0,2052.104521404521,
Emerald City Cafe & Catering,3.5,Reno,Nevada,Democrat,37.3,78448.0,1895.051309846432,920.0
McDonald's,1.5,Tucson,Arizona,Democrat,37.9,54546.0,1468.4007810603507,904.0
Wawa,3.0,Philadelphia,Pennsylvania,Democrat,36.4,60698.0,1715.4754572988052,4517.0
Sunrise Cafe,3.0,Tucson,Arizona,Democrat,37.9,54546.0,1468.4007810603507,904.0
Sweetheart Cupcakes,3.5,Plainfield,Indiana,Republican,37.1,85074.0,1703.8148148148148,
Petit Piquant,4.0,Tampa,Florida,Republican,39.6,71302.0,2011.9116084311615,1284.0
Daily Grind,4.0,Reno,Nevada,Democrat,37.3,78448.0,1895.051309846432,920.0
Trackside Cafe,2.0,Paoli,Pennsylvania,Democrat,58.0,117094.0,2429.0333333333333,
Mammoth Espresso,4.5,New Orleans,Louisiana,Democrat,43.3,55339.0,1635.4273395346563,892.0
Brew D Licious,4.5,Saint Petersburg,Florida,Republican,,71302.0,,
Dunkin',2.0,Tampa,Florida,Republican,39.6,71302.0,2011.9116084311615,1284.0
Cynwyd Station Cafe And Tea Room,4.0,Bala Cynwyd,Pennsylvania,Democrat,55.4,144453.0,,
Wawa,3.0,Wilmington,Delaware,Democrat,38.7,55269.0,1756.0830026455026,
McDonald's,1.0,Avondale,Louisiana,Republican,31.2,47561.0,,
Treasure Valley Coffee - Boise,4.0,Boise,Idaho,Republican,46.3,76402.0,1769.288449703903,
Dunkin',3.0,Doylestown,Pennsylvania,Republican,,93672.0,2597.1666666666665,
District Coffee,4.5,Nashville,Tennessee,Democrat,51.2,75197.0,1803.1395088912257,537.0
Dunkin' Donuts,2.5,Chalmette,Louisiana,Republican,,56875.0,1436.9444444444446,
Truffles,5.0,Meridian,Idaho,Republican,46.3,98686.0,2015.2290262803235,
Fair Grinds Coffee House,4.0,New Orleans,Louisiana,Democrat,43.3,55339.0,1635.4273395346563,892.0
McDonald's,2.5,Glassboro,New Jersey,Republican,37.6,80388.0,2963.31746031746,
Dunkin',1.5,Oldsmar,Florida,Republican,38.5,76100.0,1936.440476190476,
Wawa,4.0,Tampa,Florida,Republican,39.6,71302.0,2011.9116084311615,1284.0
Dunkin',1.0,Zephyrhills,Florida,Republican,31.3,49295.0,1854.3201058201057,
Poke Theory SB,4.5,Goleta,California,Democrat,38.6,118039.0,3642.484920634921,
Dunkin',2.0,Largo,Florida,Republican,38.5,60465.0,1787.582052090859,
The Blind Tiger Cafe - Ybor City,4.5,Tampa,Florida,Republican,39.6,71302.0,2011.9116084311615,1284.0
Dunkin',1.5,Saint Charles,Missouri,Republican,,55279.0,,
Starbucks,3.0,Reno,Nevada,Democrat,37.3,78448.0,1895.051309846432,920.0
McDonald's,3.0,Salem,New Jersey,Republican,24.4,40650.0,1800.0,
Wawa,2.5,North Wales,Pennsylvania,Democrat,55.4,115833.0,1930.419047619048,
Grindhouse,3.5,Clearwater,Florida,Republican,38.5,64440.0,1956.247155052128,1727.0
McDonald's,2.0,Tucson,Arizona,Democrat,37.9,54546.0,1468.4007810603507,904.0
Square Donuts,4.0,Indianapolis,Indiana,Democrat,35.3,62995.0,1376.034945102525,913.0
Provisions Coffee & Kitchen,4.5,Wesley Chapel,Florida,Republican,31.3,107004.0,2225.93855222764,
Bold Coffee Bar,5.0,Philadelphia,Pennsylvania,Democrat,36.4,60698.0,1715.4754572988052,4517.0
Mazag Cafe,4.5,Philadelphia,Pennsylvania,Democrat,36.4,60698.0,1715.4754572988052,4517.0
Fill A Bagel & Breads,3.5,Jenkintown,Pennsylvania,Democrat,55.4,114306.0,1958.388888888889,
Starbucks,2.5,Doylestown,Pennsylvania,Republican,,93672.0,2597.1666666666665,
"The Human Bean Boise, W. State St",4.0,Boise,Idaho,Republican,46.3,76402.0,1769.288449703903,
Latteria,5.0,Swedesboro,New Jersey,Republican,37.6,91000.0,2950.0,
McDonald's,1.5,St. Charles,Missouri,Republican,43.4,85522.0,,
Dunkin',1.5,Pinellas Park,Florida,Republican,38.5,62043.0,2039.4087024087028,
Dunkin',1.5,Cherry Hill,New Jersey,Democrat,38.8,91000.0,2419.9864433811804,
Kahwa St Pete Drive Thru,4.0,Saint Petersburg,Florida,Republican,,71302.0,,
The Brim Coffee House,3.5,Eagle,Idaho,Republican,46.3,118037.0,1985.2402777777777,
Starbucks,3.0,Bordentown,New Jersey,Democrat,,91208.0,,
Mimi's Ice Cream & Coffee Shoppe,4.0,Nashville,Tennessee,Democrat,51.2,75197.0,1803.1395088912257,537.0
Brunchies - Lutz,4.0,Lutz,Florida,Republican,39.6,114516.0,2055.789287749288,
Whole and Grounded Cafe,5.0,Woodbury,New Jersey,Republican,37.6,74769.0,2549.5,
Starbucks,3.5,Philadelphia,Pennsylvania,Democrat,36.4,60698.0,1715.4754572988052,4517.0
Federal Donuts,4.5,Philadelphia,Pennsylvania,Democrat,36.4,60698.0,1715.4754572988052,4517.0
Wawa,4.0,Talleyville,Delaware,Democrat,,55269.0,,
Wawa,4.0,Swedesboro,New Jersey,Republican,37.6,91000.0,2950.0,
Boise Bistro Market,4.5,Boise,Idaho,Republican,46.3,76402.0,1769.288449703903,
Starbucks,3.0,Indianapolis,Indiana,Democrat,35.3,62995.0,1376.034945102525,913.0
Dunkin',2.0,Wesley Chapel,Florida,Republican,31.3,107004.0,2225.93855222764,
TeaBuds Brewing,3.5,Carmel,Indiana,Republican,62.7,134602.0,1827.6327732974908,
Certified Kitchen + Bakery,4.5,Boise,Idaho,Republican,46.3,76402.0,1769.288449703903,
The Cake Bake Shop by Gwendolyn Rogers-Broad Ripple Village,4.0,Indianapolis,Indiana,Democrat,35.3,62995.0,1376.034945102525,913.0
Nestle Toll House Cafe by Chip,3.0,Lutz,Florida,Republican,39.6,114516.0,2055.789287749288,
"A Tutti, Ristorante Italiano",4.5,Philadelphia,Pennsylvania,Democrat,36.4,60698.0,1715.4754572988052,4517.0
Caffe Primo,4.0,Santa Barbara,California,Democrat,38.6,101672.0,3646.9091098603294,
McDonald's,2.0,Seffner,Florida,Republican,39.6,88167.0,2141.3650793650795,
Pineapplez,4.0,Saint Petersburg,Florida,Republican,,71302.0,,
Dunkin',2.5,Pennsauken,New Jersey,Democrat,38.8,91000.0,2524.0,
Pontilly Coffee,4.5,New Orleans,Louisiana,Democrat,43.3,55339.0,1635.4273395346563,892.0
Starbucks,3.5,Palm Harbor,Florida,Republican,38.5,75354.0,1901.0656790123455,
Wishbone,3.5,Philadelphia,Pennsylvania,Democrat,36.4,60698.0,1715.4754572988052,4517.0
Nyumbarista OHV,5.0,Old Hickory,Tennessee,Democrat,,75197.0,,
Teavana,2.5,King of Prussia,Pennsylvania,Democrat,55.4,86149.0,2166.7329901329904,
Course Coffee Roasters,5.0,Saint Charles,Missouri,Republican,,55279.0,,
The O Oracle 2000,3.5,Tucson,Arizona,Democrat,37.9,54546.0,1468.4007810603507,904.0
Dunkin',2.5,Harleysville,Pennsylvania,Democrat,55.4,111530.0,,
Franklin Family Pharmacy,4.5,Franklin,Tennessee,Republican,65.8,115000.0,2052.104521404521,
Koliyan,4.0,Philadelphia,Pennsylvania,Democrat,36.4,60698.0,1715.4754572988052,4517.0
Sweetwaters Coffee & Tea,4.0,Nashville,Tennessee,Democrat,51.2,75197.0,1803.1395088912257,537.0
British Bee Tea,4.5,Nashville,Tennessee,Democrat,51.2,75197.0,1803.1395088912257,537.0
McDonald's,2.5,Greenwood,Indiana,Republican,38.0,78765.0,1632.2466230936818,
Mango Mango Dessert,4.5,Philadelphia,Pennsylvania,Democrat,36.4,60698.0,1715.4754572988052,4517.0
Reno Coffee Company,5.0,Reno,Nevada,Democrat,37.3,78448.0,1895.051309846432,920.0
Dunkin',1.5,Turnersville,New Jersey,Republican,37.6,156176.0,,
McDonald's,1.0,St. Louis,Missouri,Democrat,46.7,55279.0,,1943.0
The Gelateria Coffee Company,4.5,Saint Louis,Missouri,Democrat,,55279.0,,
Wawa,2.5,Philadelphia,Pennsylvania,Democrat,36.4,60698.0,1715.4754572988052,4517.0
Coffee,4.0,Marrero,Louisiana,Republican,31.2,45633.0,1651.5873015873017,
Casa Casale,4.0,Lahaska,Pennsylvania,Republican,,60698.0,,
Trinity Coffee,4.5,Antioch,Tennessee,Democrat,,75197.0,,
Starbucks,3.5,Tampa,Florida,Republican,39.6,71302.0,2011.9116084311615,1284.0
The Turning Point - Cherry Hill,3.5,Cherry Hill,New Jersey,Democrat,38.8,91000.0,2419.9864433811804,
Serious Cookie Company,3.5,Clearwater Beach,Florida,Republican,,71302.0,,
Tony's Donuts - McKelvey,4.5,Maryland Heights,Missouri,Democrat,46.7,86485.0,1322.1503759398497,
Jersey Java and Tea,3.5,Haddonfield,New Jersey,Democrat,38.8,190882.0,1900.8333333333333,
Dunkin',2.5,Apollo Beach,Florida,Republican,39.6,113130.0,2339.319035947712,
Cafe Envie & Espresso Bar,4.0,New Orleans,Louisiana,Democrat,43.3,55339.0,1635.4273395346563,892.0
Starbucks,2.5,Riverview,Florida,Republican,39.6,95442.0,2171.145685305324,
Seminole Hard Rock Hotel & Casino Tampa,2.5,Tampa,Florida,Republican,39.6,71302.0,2011.9116084311615,1284.0
Wawa,2.5,Philadelphia,Pennsylvania,Democrat,36.4,60698.0,1715.4754572988052,4517.0
McDonald's,2.5,Tampa,Florida,Republican,39.6,71302.0,2011.9116084311615,1284.0
Annie Moons Bakery & Cafe,5.0,Saint Louis,Missouri,Democrat,,55279.0,,
Duck Donuts,4.0,West Chester,Pennsylvania,Democrat,58.0,81492.0,2121.137626262627,
Wawa,3.5,Palmyra,New Jersey,Democrat,42.1,85014.0,2137.5,
Wawa,3.5,Marlton,New Jersey,Democrat,42.1,94160.0,,
Devon Donut & Bagel Company,4.0,Paoli,Pennsylvania,Democrat,58.0,117094.0,2429.0333333333333,
7-Eleven,3.5,Philadelphia,Pennsylvania,Democrat,36.4,60698.0,1715.4754572988052,4517.0
Yolk Iron Works,4.0,Indianapolis,Indiana,Democrat,35.3,62995.0,1376.034945102525,913.0
AeroCaffe´,4.5,Boise,Idaho,Republican,46.3,76402.0,1769.288449703903,
Dunkin',3.0,Logan Township,New Jersey,Republican,,91000.0,,
Crumbles & Cream,4.0,Plant City,Florida,Republican,39.6,64536.0,2014.522077922078,
Caffè Capri,5.0,Boise,Idaho,Republican,46.3,76402.0,1769.288449703903,
Birds Nest Cafe,4.5,New Orleans,Louisiana,Democrat,43.3,55339.0,1635.4273395346563,892.0
Blondie's Coffee and Wine Bar,4.0,Saint Louis,Missouri,Democrat,,55279.0,,
Starbucks,4.0,Boise,Idaho,Republican,46.3,76402.0,1769.288449703903,
Starbucks,3.5,Tampa,Florida,Republican,39.6,71302.0,2011.9116084311615,1284.0
Cathey's Coffee Bar,4.0,West Chester,Pennsylvania,Democrat,58.0,81492.0,2121.137626262627,
'feine,4.5,Conshohocken,Pennsylvania,Democrat,55.4,117330.0,2378.5670794633643,
Starbucks,3.5,Philadelphia,Pennsylvania,Democrat,36.4,60698.0,1715.4754572988052,4517.0
Cosi,2.0,Philadelphia,Pennsylvania,Democrat,36.4,60698.0,1715.4754572988052,4517.0
Duck Donuts,4.0,Marlton,New Jersey,Democrat,42.1,94160.0,,
Starbucks,3.0,Bellevue,Tennessee,Democrat,,75197.0,,
Starbucks,4.5,Goodlettsville,Tennessee,Republican,35.1,65898.0,1786.8333333333333,
Catalyst Coffee Bar,4.5,Saint Louis,Missouri,Democrat,,55279.0,,
Starbucks,3.0,Oro Valley,Arizona,Democrat,37.9,105342.0,1923.6564327485376,
Wawa,3.5,Abington,Pennsylvania,Democrat,,60698.0,,
Mad Hatter Cafe,5.0,Hatboro,Pennsylvania,Democrat,55.4,108927.0,2555.833333333333,
Puccino's Coffee House,3.0,Metairie,Louisiana,Republican,31.2,73256.0,1645.3324786324786,
Fancy Plants,4.5,Mooresville,Indiana,Republican,21.6,70228.0,,
Wawa Food Markets,4.5,Newtown Square,Pennsylvania,Democrat,,60698.0,3116.611111111111,
Dunkin',2.5,Brooklawn,New Jersey,Democrat,38.8,55882.0,,
Pied Out Bakeshop,5.0,Delanco,New Jersey,Democrat,,91000.0,,
Wawa,3.5,Philadelphia,Pennsylvania,Democrat,36.4,60698.0,1715.4754572988052,4517.0
Common Grounds Philly,2.5,Philadelphia,Pennsylvania,Democrat,36.4,60698.0,1715.4754572988052,4517.0
Kopi Latte,4.5,Philadelphia,Pennsylvania,Democrat,36.4,60698.0,1715.4754572988052,4517.0
Silver State Eatery,4.0,Reno,Nevada,Democrat,37.3,78448.0,1895.051309846432,920.0
Wawa,4.5,Royersford,Pennsylvania,Democrat,55.4,67083.0,1867.1333333333328,
McDonald's,1.5,Nashville,Tennessee,Democrat,51.2,75197.0,1803.1395088912257,537.0
BAMBU,4.5,Pennsauken,New Jersey,Democrat,38.8,91000.0,2524.0,
Dunkin',2.0,Largo,Florida,Republican,38.5,60465.0,1787.582052090859,
Market on Ninth,4.5,Philadelphia,Pennsylvania,Democrat,36.4,60698.0,1715.4754572988052,4517.0
Wawa,3.5,Philadelphia,Pennsylvania,Democrat,36.4,60698.0,1715.4754572988052,4517.0
Federal Donuts,4.0,Philadelphia,Pennsylvania,Democrat,36.4,60698.0,1715.4754572988052,4517.0
McDonald's,3.0,Greenwood,Indiana,Republican,38.0,78765.0,1632.2466230936818,
Fresh Cafe and Catering,4.0,Tucson,Arizona,Democrat,37.9,54546.0,1468.4007810603507,904.0
Zeal Coffee Roasters,4.5,Lutz,Florida,Republican,39.6,114516.0,2055.789287749288,
Lucky Perk Coffee,4.0,Meridian,Idaho,Republican,46.3,98686.0,2015.2290262803235,
The Coffee Room,4.0,Newtown,Pennsylvania,Republican,45.2,146765.0,2431.944444444445,
Tin Comet Coffee,4.5,Indianapolis,Indiana,Democrat,35.3,62995.0,1376.034945102525,913.0
swah-rey,4.5,St Petersburg,Florida,Republican,,71302.0,2063.6960586694618,
DGX,4.0,Philadelphia,Pennsylvania,Democrat,36.4,60698.0,1715.4754572988052,4517.0
The Cheezy Cajun,4.0,Bywater,Louisiana,Democrat,,55339.0,,
McDonald's,2.5,Tampa,Florida,Republican,39.6,71302.0,2011.9116084311615,1284.0
Bluestone Lane,3.5,King of Prussia,Pennsylvania,Democrat,55.4,86149.0,2166.7329901329904,
Rowhouse Grocery,5.0,Philadelphia,Pennsylvania,Democrat,36.4,60698.0,1715.4754572988052,4517.0
Krispy Kreme,3.0,Saint Louis,Missouri,Democrat,,55279.0,,
Santo Espiritu Bakery,5.0,Tampa,Florida,Republican,39.6,71302.0,2011.9116084311615,1284.0
Ants Pants Café,4.0,Philadelphia,Pennsylvania,Democrat,36.4,60698.0,1715.4754572988052,4517.0
Starbucks,3.0,New Orleans,Louisiana,Democrat,43.3,55339.0,1635.4273395346563,892.0
McDonald's,2.0,Philadelphia,Pennsylvania,Democrat,36.4,60698.0,1715.4754572988052,4517.0
Henry's Coffee Bistro,3.5,Indianapolis,Indiana,Democrat,35.3,62995.0,1376.034945102525,913.0
Keva Juice,4.0,Reno,Nevada,Democrat,37.3,78448.0,1895.051309846432,920.0
Dunkin',4.0,New Castle,Delaware,Democrat,38.7,92565.0,1786.4166666666667,
TeBella Tea Company,4.5,Tampa,Florida,Republican,39.6,71302.0,2011.9116084311615,1284.0
Wawa,3.5,St. Petersburg,Florida,Republican,38.5,73118.0,,1632.0
Darnel’s Cakes,4.0,Philadelphia,Pennsylvania,Democrat,36.4,60698.0,1715.4754572988052,4517.0
Richie's,4.5,Philadelphia,Pennsylvania,Democrat,36.4,60698.0,1715.4754572988052,4517.0
Wired Beans Cafe,4.5,Philadelphia,Pennsylvania,Democrat,36.4,60698.0,1715.4754572988052,4517.0
La Va Cafe,3.5,Philadelphia,Pennsylvania,Democrat,36.4,60698.0,1715.4754572988052,4517.0
Beaucoup Juice,4.0,New Orleans,Louisiana,Democrat,43.3,55339.0,1635.4273395346563,892.0
Il Posto Italian Cafe,4.0,New Orleans,Louisiana,Democrat,43.3,55339.0,1635.4273395346563,892.0
Yummy 2,4.0,Clifton Heights,Pennsylvania,Democrat,44.4,69940.0,1491.829365079365,
Espresso Yourself Coffee & Cafe,4.5,St. Louis,Missouri,Democrat,46.7,55279.0,,1943.0
McDonald's,1.5,Tampa,Florida,Republican,39.6,71302.0,2011.9116084311615,1284.0
Donut House,4.5,Saint Louis,Missouri,Democrat,,55279.0,,
Café Cour,4.5,New Orleans,Louisiana,Democrat,43.3,55339.0,1635.4273395346563,892.0
McDonald's,2.5,Boise,Idaho,Republican,46.3,76402.0,1769.288449703903,
Speedway,2.5,Clearwater Beach,Florida,Republican,,71302.0,,
McDonald's,1.5,Thorndale,Pennsylvania,Democrat,58.0,107995.0,1821.6666666666667,
Tim Hortons Cafe & Bake Shop,3.0,Saint Louis,Missouri,Democrat,,55279.0,,
Eagle Creek Coffee Company,4.0,Zionsville,Indiana,Republican,53.1,159126.0,1692.1625,
Brodo,3.0,Philadelphia,Pennsylvania,Democrat,36.4,60698.0,1715.4754572988052,4517.0
Belleair Coffee Company,4.5,Belleair Bluffs,Florida,Republican,38.5,55688.0,,
Harpeth Coffee,4.5,Nashville,Tennessee,Democrat,51.2,75197.0,1803.1395088912257,537.0
"Vice Coffee, Tattoos & Books",4.0,Philadelphia,Pennsylvania,Democrat,36.4,60698.0,1715.4754572988052,4517.0
Kettner Coffee Supply,4.5,Nashville,Tennessee,Democrat,51.2,75197.0,1803.1395088912257,537.0
McDonald's,3.0,Lutz,Florida,Republican,39.6,114516.0,2055.789287749288,
Dragon Spring,5.0,Reno,Nevada,Democrat,37.3,78448.0,1895.051309846432,920.0
Axis Pizza,3.0,Philadelphia,Pennsylvania,Democrat,36.4,60698.0,1715.4754572988052,4517.0
C Oliver Coffee + Flower Bar,4.5,Maplewood,Missouri,Democrat,46.7,65510.0,1205.2407407407406,
7-Eleven,3.0,Clearwater,Florida,Republican,38.5,64440.0,1956.247155052128,1727.0
Starbucks,4.0,Crestwood,Missouri,Democrat,46.7,115512.0,,
Teavana,3.0,Tucson,Arizona,Democrat,37.9,54546.0,1468.4007810603507,904.0
The Blend,4.0,St. Petersburg,Florida,Republican,38.5,73118.0,,1632.0
Crumb de la Crumb,4.0,Nashville,Tennessee,Democrat,51.2,75197.0,1803.1395088912257,537.0
St. Pete Bagel Co.,4.5,Saint Petersburg,Florida,Republican,,71302.0,,
McDonald's,2.0,Broomall,Pennsylvania,Democrat,44.4,114844.0,,
Cyrano's,4.0,Saint Louis,Missouri,Democrat,,55279.0,,
Starbucks,3.5,Fishers,Indiana,Republican,62.7,128141.0,1951.650886475448,
Starbucks,4.0,Upper Southampton Township,Pennsylvania,Republican,,60698.0,,
7-Eleven,3.5,Glenside,Pennsylvania,Democrat,55.4,101050.0,,
Tanya & Matt's Ice Cream,4.0,Tampa,Florida,Republican,39.6,71302.0,2011.9116084311615,1284.0
Tim Hortons Cafe & Bake Shop,3.0,Saint Louis,Missouri,Democrat,,55279.0,,
McDonald's,3.0,East Alton,Illinois,Republican,32.0,46926.0,,
Dunkin',2.0,Norristown,Pennsylvania,Democrat,55.4,65058.0,1698.5733057280884,
Caffe Tree,4.0,Elkins Park,Pennsylvania,Democrat,55.4,129773.0,1571.5555555555557,
McDonald's,2.0,St. Petersburg,Florida,Republican,38.5,73118.0,,1632.0
Factory Donuts,3.5,Media,Pennsylvania,Democrat,44.4,86219.0,1922.0873015873012,
Federal Donuts,4.0,Philadelphia,Pennsylvania,Democrat,36.4,60698.0,1715.4754572988052,4517.0
Red Cup Cafe & Hookah Lounge,4.0,Philadelphia,Pennsylvania,Democrat,36.4,60698.0,1715.4754572988052,4517.0
7-Eleven,1.0,Sparks,Nevada,Democrat,37.3,86979.0,1964.762212770985,
Dunkin',2.0,Concordville,Pennsylvania,Democrat,,60698.0,,
Starbucks,3.0,Nashville,Tennessee,Democrat,51.2,75197.0,1803.1395088912257,537.0
Pete's Bagels,3.5,St. Petersburg,Florida,Republican,38.5,73118.0,,1632.0
Dunkin',2.0,Langhorne,Pennsylvania,Republican,45.2,95568.0,2732.1,
McDonald's,1.5,Swansea,Illinois,Democrat,34.2,84367.0,1294.111111111111,
The Lola Bean,4.5,Philadelphia,Pennsylvania,Democrat,36.4,60698.0,1715.4754572988052,4517.0
Chapterhouse Café & Gallery,4.5,Philadelphia,Pennsylvania,Democrat,36.4,60698.0,1715.4754572988052,4517.0
Cafe Ole In The Valley,4.5,Huntingdon Valley,Pennsylvania,Democrat,,60698.0,1954.0,
McDonald's,2.0,Lithia,Florida,Republican,,71302.0,2419.722222222222,
Bee Coffee Roasters,4.5,Indianapolis,Indiana,Democrat,35.3,62995.0,1376.034945102525,913.0
Zerogradi,4.5,Ambler,Pennsylvania,Democrat,55.4,80795.0,2596.6666666666665,
7-Eleven,2.5,Reno,Nevada,Democrat,37.3,78448.0,1895.051309846432,920.0
Starbucks,4.0,Indianapolis,Indiana,Democrat,35.3,62995.0,1376.034945102525,913.0
McDonald's,2.0,Tampa,Florida,Republican,39.6,71302.0,2011.9116084311615,1284.0
Starbucks,3.0,Tucson,Arizona,Democrat,37.9,54546.0,1468.4007810603507,904.0
Café y Chocolate,4.5,Philadelphia,Pennsylvania,Democrat,36.4,60698.0,1715.4754572988052,4517.0
Dunkin',3.0,Newtown Square,Pennsylvania,Democrat,,60698.0,3116.611111111111,
7-Eleven,3.0,Reno,Nevada,Democrat,37.3,78448.0,1895.051309846432,920.0
Kimi's Ice Cream and Coffees,4.5,Riverview,Florida,Republican,39.6,95442.0,2171.145685305324,
HeeMee Coffee + Bakery,4.5,Tucson,Arizona,Democrat,37.9,54546.0,1468.4007810603507,904.0
Gloria Jean's Coffee,4.0,Goodlettsville,Tennessee,Republican,35.1,65898.0,1786.8333333333333,
Big Apple Bagels,4.0,Lutz,Florida,Republican,39.6,114516.0,2055.789287749288,
Riverfront Bakery,4.5,Wilmington,Delaware,Democrat,38.7,55269.0,1756.0830026455026,
Twin Valley Coffee,4.5,Exton,Pennsylvania,Democrat,58.0,121189.0,2224.408187134503,
Crepes Your Way,4.5,Tampa,Florida,Republican,39.6,71302.0,2011.9116084311615,1284.0
Tilly's Tea Room,4.5,Fishers,Indiana,Republican,62.7,128141.0,1951.650886475448,
Daughters Cafe,4.0,Reno,Nevada,Democrat,37.3,78448.0,1895.051309846432,920.0
Wawa,4.0,Cherry Hill,New Jersey,Democrat,38.8,91000.0,2419.9864433811804,
McDonald's,2.0,Tucson,Arizona,Democrat,37.9,54546.0,1468.4007810603507,904.0
Dunkin',2.0,Holiday,Florida,Republican,31.3,43996.0,1689.6786324786324,
Tea Hub,3.0,Tucson,Arizona,Democrat,37.9,54546.0,1468.4007810603507,904.0
Blue Ice Gelato,5.0,Tucson,Arizona,Democrat,37.9,54546.0,1468.4007810603507,904.0
Starbucks,3.5,Philadelphia,Pennsylvania,Democrat,36.4,60698.0,1715.4754572988052,4517.0
Dunkin',1.5,Riverview,Florida,Republican,39.6,95442.0,2171.145685305324,
Wawa,3.0,Ambler,Pennsylvania,Democrat,55.4,80795.0,2596.6666666666665,
Lili Bella’s Cakes,4.5,Hendersonville,Tennessee,Republican,35.1,91503.0,1604.2083028083027,
Honest Coffee Roasters,4.0,Nashville,Tennessee,Democrat,51.2,75197.0,1803.1395088912257,537.0
Hip Hemp Cafe,4.5,Philadelphia,Pennsylvania,Democrat,36.4,60698.0,1715.4754572988052,4517.0
Starbucks,4.5,Indianapolis,Indiana,Democrat,35.3,62995.0,1376.034945102525,913.0
Starbucks,3.0,Exton,Pennsylvania,Democrat,58.0,121189.0,2224.408187134503,
Dunkin',3.0,Brandon,Florida,Republican,39.6,77068.0,1944.9896640826876,
Starbucks,2.5,Broomall,Pennsylvania,Democrat,44.4,114844.0,,
General American Donut Company,4.0,Indianapolis,Indiana,Democrat,35.3,62995.0,1376.034945102525,913.0
Peet's Coffee & Tea,3.5,Philadelphia,Pennsylvania,Democrat,36.4,60698.0,1715.4754572988052,4517.0
Circle K,3.5,Tucson,Arizona,Democrat,37.9,54546.0,1468.4007810603507,904.0
TN Juice Bar,1.0,Hendersonville,Tennessee,Republican,35.1,91503.0,1604.2083028083027,
Saxbys Coffee,4.0,Abington,Pennsylvania,Democrat,,60698.0,,
Whole Foods Market,4.0,Metairie,Louisiana,Republican,31.2,73256.0,1645.3324786324786,
Wawa,4.0,Willow Grove,Pennsylvania,Democrat,55.4,98402.0,2074.1666666666665,
Blondees Gelato,4.0,Tampa,Florida,Republican,39.6,71302.0,2011.9116084311615,1284.0
Starbucks,2.5,Brandon,Florida,Republican,39.6,77068.0,1944.9896640826876,
Starbucks,3.5,Philadelphia,Pennsylvania,Democrat,36.4,60698.0,1715.4754572988052,4517.0
Wawa,3.5,Warminster,Pennsylvania,Republican,,60698.0,,
Coffee Evi,4.5,Tampa,Florida,Republican,39.6,71302.0,2011.9116084311615,1284.0
Elixr Coffee,4.5,Nashville,Tennessee,Democrat,51.2,75197.0,1803.1395088912257,537.0
Ground Up Coffee Shop,4.5,Philadelphia,Pennsylvania,Democrat,36.4,60698.0,1715.4754572988052,4517.0
Lola Jean's Giveback Coffee,4.0,St. Louis,Missouri,Democrat,46.7,55279.0,,1943.0
The Jam Coffee House,4.0,Nashville,Tennessee,Democrat,51.2,75197.0,1803.1395088912257,537.0
The Library Coffeehouse,4.5,Tampa,Florida,Republican,39.6,71302.0,2011.9116084311615,1284.0
Indyo Frozen Yogurt,3.0,Indianapolis,Indiana,Democrat,35.3,62995.0,1376.034945102525,913.0
Grain and Berry Carrollwood,4.5,Tampa,Florida,Republican,39.6,71302.0,2011.9116084311615,1284.0
Decibel Coffee Works,4.5,Tucson,Arizona,Democrat,37.9,54546.0,1468.4007810603507,904.0
Mama's Java,3.5,Nolensville,Tennessee,Republican,65.8,170068.0,2958.472222222222,
Starbucks,3.5,Cherry Hill,New Jersey,Democrat,38.8,91000.0,2419.9864433811804,
L'amour Doux,3.5,Terrytown,Louisiana,Republican,31.2,56944.0,,
Bank & Main,5.0,New Port Richey,Florida,Republican,31.3,46160.0,1753.8333333333333,
Cursed Bikes & Coffee,4.5,St. Louis,Missouri,Democrat,46.7,55279.0,,1943.0
Dunkin',3.0,Sicklerville,New Jersey,Democrat,38.8,102881.0,2218.611111111112,
Dunkin',1.5,Lutz,Florida,Republican,39.6,114516.0,2055.789287749288,
Dunkin' Donuts,2.0,Hatfield,Pennsylvania,Democrat,,72070.0,1615.111111111111,
PJ's Coffee,4.0,Metairie,Louisiana,Republican,31.2,73256.0,1645.3324786324786,
La Creme Frozen Yogurt,4.0,Meridian,Idaho,Republican,46.3,98686.0,2015.2290262803235,
Blue Dot Donuts Uptown,4.0,New Orleans,Louisiana,Democrat,43.3,55339.0,1635.4273395346563,892.0
McDonald's,2.5,Bordentown,New Jersey,Democrat,,91208.0,,
Wawa,4.5,Exton,Pennsylvania,Democrat,58.0,121189.0,2224.408187134503,
Ciro Forty Acres,3.5,Wilmington,Delaware,Democrat,38.7,55269.0,1756.0830026455026,
Union Coffee,5.0,Lambertville,New Jersey,Republican,57.7,106236.0,2700.0,
Tim Horton's Cafe & Bake Shop,3.0,O'Fallon,Illinois,Democrat,34.2,102793.0,,
McDonald's,2.5,Sun City Center,Florida,Republican,39.6,71012.0,2150.534722222222,
Starbucks,3.0,Greenwood,Indiana,Republican,38.0,78765.0,1632.2466230936818,
Starbucks,4.0,Maple Shade,New Jersey,Democrat,,91000.0,,
Dunkin',1.0,Philadelphia,Pennsylvania,Democrat,36.4,60698.0,1715.4754572988052,4517.0
El Café,4.5,Philadelphia,Pennsylvania,Democrat,36.4,60698.0,1715.4754572988052,4517.0
Carl's Donuts & Bakery,4.0,Avon,Indiana,Republican,37.1,80292.0,1762.1857142857143,
Michoacana Neveria & Paleteria,4.5,Tampa,Florida,Republican,39.6,71302.0,2011.9116084311615,1284.0
Starbucks,4.0,Indianapolis,Indiana,Democrat,35.3,62995.0,1376.034945102525,913.0
I M Coffee,4.0,Wilmington,Delaware,Democrat,38.7,55269.0,1756.0830026455026,
Wawa,3.5,Prospect Park,Pennsylvania,Democrat,44.4,38750.0,,
Wawa,3.5,West Chester,Pennsylvania,Democrat,58.0,81492.0,2121.137626262627,
The Haus Coffee Shop IRB,4.5,Largo,Florida,Republican,38.5,60465.0,1787.582052090859,
Walden's Coffeehouse,4.5,Reno,Nevada,Democrat,37.3,78448.0,1895.051309846432,920.0
Covered Bridge Coffee Roasters,5.0,Feasterville,Pennsylvania,Republican,45.2,80208.0,,
Pretty Bird Coffee,4.0,Yardley,Pennsylvania,Republican,45.2,118750.0,2695.7000000000003,
Dunkin',2.5,Carmel,Indiana,Republican,62.7,134602.0,1827.6327732974908,
Oakmont Roots Cafe,4.5,Havertown,Pennsylvania,Democrat,,60698.0,,
Endgrain Coffee Roasters,4.5,Pitman,New Jersey,Republican,37.6,96199.0,,
PJ's Coffee - Gentilly,3.5,New Orleans,Louisiana,Democrat,43.3,55339.0,1635.4273395346563,892.0
Bubble Tea Station Cafe,4.0,Sparks,Nevada,Democrat,37.3,86979.0,1964.762212770985,
The Coffee Bean & Tea Leaf,3.5,Santa Barbara,California,Democrat,38.6,101672.0,3646.9091098603294,
McDonald's,2.0,Gallatin,Tennessee,Republican,35.1,73589.0,1688.3159523809525,
Starbucks,3.5,Metairie,Louisiana,Republican,31.2,73256.0,1645.3324786324786,
Levant Mediterranean Restaurant & Cafe,2.5,Nashville,Tennessee,Democrat,51.2,75197.0,1803.1395088912257,537.0
Dunkin',1.5,Philadelphia,Pennsylvania,Democrat,36.4,60698.0,1715.4754572988052,4517.0
Hawkins Pac-Out,3.5,Boise,Idaho,Republican,46.3,76402.0,1769.288449703903,
Starbucks,3.0,Reno,Nevada,Democrat,37.3,78448.0,1895.051309846432,920.0
Tastee Donuts,2.5,Metairie,Louisiana,Republican,31.2,73256.0,1645.3324786324786,
Brickhouse Coffee,4.5,lawrence,Indiana,Democrat,35.3,68225.0,1591.4200280112043,
Starbucks,2.5,Tucson,Arizona,Democrat,37.9,54546.0,1468.4007810603507,904.0
Coffee X Change,2.5,Tucson,Arizona,Democrat,37.9,54546.0,1468.4007810603507,904.0
Wawa,2.5,Levittown,Pennsylvania,Republican,45.2,101619.0,1847.9166666666667,
Sweetwaters Coffee & Tea - The Grove,4.0,St. Louis,Missouri,Democrat,46.7,55279.0,,1943.0
Nana's Daylight Donuts,4.5,Greenwood,Indiana,Republican,38.0,78765.0,1632.2466230936818,
Sweet Brewnette,4.5,Madeira Beach,Florida,Republican,38.5,79798.0,2394.3888888888887,
OCF Coffee House,3.5,Philadelphia,Pennsylvania,Democrat,36.4,60698.0,1715.4754572988052,4517.0
Hoaglin to Go Cafe & Market,3.5,Indianapolis,Indiana,Democrat,35.3,62995.0,1376.034945102525,913.0
Kona Gold Coffee,4.0,Reno,Nevada,Democrat,37.3,78448.0,1895.051309846432,920.0
Teavana,3.5,Indianapolis,Indiana,Democrat,35.3,62995.0,1376.034945102525,913.0
Wishing Town Bakery Cafe,4.5,Metairie,Louisiana,Republican,31.2,73256.0,1645.3324786324786,
McDonald's,2.0,Gallatin,Tennessee,Republican,35.1,73589.0,1688.3159523809525,
Dunkin',2.5,Philadelphia,Pennsylvania,Democrat,36.4,60698.0,1715.4754572988052,4517.0
The Broad Street Grind,4.0,Souderton,Pennsylvania,Democrat,55.4,85625.0,,
PJ's Coffee,2.5,New Orleans,Louisiana,Democrat,43.3,55339.0,1635.4273395346563,892.0
Saxbys ,3.5,Philadelphia,Pennsylvania,Democrat,36.4,60698.0,1715.4754572988052,4517.0
Cafe Liberty Coffee & Bistro,3.0,Lutz,Florida,Republican,39.6,114516.0,2055.789287749288,
McDonald's,1.5,St. Louis,Missouri,Democrat,46.7,55279.0,,1943.0
Bodega,4.5,Saint Petersburg,Florida,Republican,,71302.0,,
Get-Go,4.0,Carmel,Indiana,Republican,62.7,134602.0,1827.6327732974908,
Wawa,2.0,Medford,New Jersey,Democrat,,91000.0,,
Dunkin',1.5,Philadelphia,Pennsylvania,Democrat,36.4,60698.0,1715.4754572988052,4517.0
Einstein Bros. Bagels,3.0,Reno,Nevada,Democrat,37.3,78448.0,1895.051309846432,920.0
NashHouse Southern Spoon and Saloon,3.5,Nashville,Tennessee,Democrat,51.2,75197.0,1803.1395088912257,537.0
Butterscotch Pastry Shop,5.0,Birchrunville,Pennsylvania,Democrat,,60698.0,,
Coffee Mode,5.0,Wilmington,Delaware,Democrat,38.7,55269.0,1756.0830026455026,
Starbucks,3.5,Indianapolis,Indiana,Democrat,35.3,62995.0,1376.034945102525,913.0
PJ's Coffee,4.5,New Orleans,Louisiana,Democrat,43.3,55339.0,1635.4273395346563,892.0
Starbucks,3.0,Meridian,Idaho,Republican,46.3,98686.0,2015.2290262803235,
Shana’s Wild Fig,4.5,Blackwood,New Jersey,Democrat,38.8,81154.0,2023.6111111111115,
Dunkin',2.0,Riverview,Florida,Republican,39.6,95442.0,2171.145685305324,
Nutrition Hub,4.5,Indianapolis,Indiana,Democrat,35.3,62995.0,1376.034945102525,913.0
Buddy Brew Coffee - Park Tower,4.0,Tampa,Florida,Republican,39.6,71302.0,2011.9116084311615,1284.0
Dunkin',3.0,Wilmington,Delaware,Democrat,38.7,55269.0,1756.0830026455026,
Dunkin',2.5,Brandon,Florida,Republican,39.6,77068.0,1944.9896640826876,
McDonald's,2.5,Santa Barbara,California,Democrat,38.6,101672.0,3646.9091098603294,
Starbucks,4.0,Newtown,Pennsylvania,Republican,45.2,146765.0,2431.944444444445,
Luv Child,4.5,Tampa,Florida,Republican,39.6,71302.0,2011.9116084311615,1284.0
Benna's Cafe,4.0,Philadelphia,Pennsylvania,Democrat,36.4,60698.0,1715.4754572988052,4517.0
Coffee Beanery,3.5,Media,Pennsylvania,Democrat,44.4,86219.0,1922.0873015873012,
Wawa,4.0,Valrico,Florida,Republican,39.6,98451.0,2396.349170437405,
The Ultimate Bake Shoppe of Ardmore,3.5,Ardmore,Pennsylvania,Democrat,55.4,115273.0,2250.083333333333,
Cajé Coffee Roasters - Isla Vista,4.5,Isla Vista,California,Democrat,38.6,24428.0,9082.222222222224,
Outpost Cafe,3.0,Boise,Idaho,Republican,46.3,76402.0,1769.288449703903,
HaoTea,3.0,Philadelphia,Pennsylvania,Democrat,36.4,60698.0,1715.4754572988052,4517.0
Wawa,4.0,Riverview,Florida,Republican,39.6,95442.0,2171.145685305324,
7-Eleven,3.0,Santa Barbara,California,Democrat,38.6,101672.0,3646.9091098603294,
Indian Shores Coffee Company,4.5,Indian Rocks Beach,Florida,Republican,38.5,98279.0,3046.3888888888887,
McDonald's,1.5,Webster Groves,Missouri,Democrat,46.7,110716.0,1882.222222222222,
Cuppa,4.0,Devon,Pennsylvania,Democrat,58.0,194813.0,2037.2222222222224,
Mad Hatters Kava Bar,4.0,Saint Petersburg,Florida,Republican,,71302.0,,
Bagel Express,4.0,Mount Holly,New Jersey,Democrat,,91000.0,,
Panini Bread Cafe,4.0,Nashville,Tennessee,Democrat,51.2,75197.0,1803.1395088912257,537.0
Wawa,3.5,Horsham,Pennsylvania,Republican,25.9,99121.0,1631.6666666666667,
Starbucks,3.5,Philadelphia,Pennsylvania,Democrat,36.4,60698.0,1715.4754572988052,4517.0
Dawson's Coffee House,4.0,Boise,Idaho,Republican,46.3,76402.0,1769.288449703903,
Adriatic Cafe,3.5,Clearwater,Florida,Republican,38.5,64440.0,1956.247155052128,1727.0
Starbucks,3.0,Hermitage,Tennessee,Democrat,,75197.0,,
Kaldi's Coffee,4.0,St. Louis,Missouri,Democrat,46.7,55279.0,,1943.0
The Human Bean,4.5,Reno,Nevada,Democrat,37.3,78448.0,1895.051309846432,920.0
J & J's Market & Cafe,4.5,Nashville,Tennessee,Democrat,51.2,75197.0,1803.1395088912257,537.0
Kung Fu Tea,3.0,Philadelphia,Pennsylvania,Democrat,36.4,60698.0,1715.4754572988052,4517.0
Roots Cafe,3.5,West Chester,Pennsylvania,Democrat,58.0,81492.0,2121.137626262627,
HARO coffee & chocolate,4.0,New Orleans,Louisiana,Democrat,43.3,55339.0,1635.4273395346563,892.0
Nosh Cafe,4.5,Oldsmar,Florida,Republican,38.5,76100.0,1936.440476190476,
Wawa,2.0,Haddon Township,New Jersey,Democrat,,91000.0,2853.0,
Sheyegirl Coffee,5.0,Ashland City,Tennessee,Republican,,73921.0,1627.0,
illy Coffee,3.5,Tampa,Florida,Republican,39.6,71302.0,2011.9116084311615,1284.0
The Urban Market,4.5,Reno,Nevada,Democrat,37.3,78448.0,1895.051309846432,920.0
Coffee Beanery,3.5,Wilmington,Delaware,Democrat,38.7,55269.0,1756.0830026455026,
Dunkin',2.0,Bryn Mawr,Pennsylvania,Democrat,55.4,87218.0,2184.9999999999995,
McDonald's,1.5,Metairie,Louisiana,Republican,31.2,73256.0,1645.3324786324786,
Deathproof Coffee,4.5,Boise,Idaho,Republican,46.3,76402.0,1769.288449703903,
Dunkin',2.5,Tampa,Florida,Republican,39.6,71302.0,2011.9116084311615,1284.0
Penn's Table,4.0,West Chester,Pennsylvania,Democrat,58.0,81492.0,2121.137626262627,
Wawa,4.0,Spring City,Pennsylvania,Democrat,58.0,73323.0,1669.4444444444443,
Z'otz,4.0,New Orleans,Louisiana,Democrat,43.3,55339.0,1635.4273395346563,892.0
Foundation Coffee,4.5,Tampa,Florida,Republican,39.6,71302.0,2011.9116084311615,1284.0
Dunkin',2.5,Levittown,Pennsylvania,Republican,45.2,101619.0,1847.9166666666667,
Beck’s Farmhouse Coffee,5.0,Joelton,Tennessee,Democrat,,75197.0,,
Azteca Bakery,4.5,Smyrna,Tennessee,Republican,36.6,78409.0,1682.256728778468,
MJ Cafe,5.0,Goleta,California,Democrat,38.6,118039.0,3642.484920634921,
McDonald's,1.5,St. Louis,Missouri,Democrat,46.7,55279.0,,1943.0
McDonald's,2.0,Alton,Illinois,Republican,32.0,53005.0,904.2222222222222,
Hub Coffee Roasters Roastery,3.0,Reno,Nevada,Democrat,37.3,78448.0,1895.051309846432,920.0
Talk N Coffee,4.5,Deptford,New Jersey,Republican,,91000.0,,
Connections on High,5.0,Pottstown,Pennsylvania,Democrat,55.4,56174.0,1755.439393939394,
Cajé Coffee Roasters - Haley St,4.5,Santa Barbara,California,Democrat,38.6,101672.0,3646.9091098603294,
Kung Fu Tea,4.0,Media,Pennsylvania,Democrat,44.4,86219.0,1922.0873015873012,
Starbucks,2.5,Plant City,Florida,Republican,39.6,64536.0,2014.522077922078,
Alvernon Donut Shop,4.5,Tucson,Arizona,Democrat,37.9,54546.0,1468.4007810603507,904.0
Dunkin',2.5,Glassboro,New Jersey,Republican,37.6,80388.0,2963.31746031746,
McDonald's,1.0,Trenton,New Jersey,Democrat,47.3,47102.0,2197.5047619047623,
Dunkin',2.0,Broomall,Pennsylvania,Democrat,44.4,114844.0,,
Park Avenue Coffee,4.0,Saint Louis,Missouri,Democrat,,55279.0,,
Dutch Bros Coffee,2.5,Tucson,Arizona,Democrat,37.9,54546.0,1468.4007810603507,904.0
Liberty II Diner,4.0,Bordentown,New Jersey,Democrat,,91208.0,,
Volume Live Music Cafe,4.0,Blackwood,New Jersey,Democrat,38.8,81154.0,2023.6111111111115,
The Candied Rib Company,5.0,Mt. Juliet,Tennessee,Republican,,75197.0,,
Jenkintown Java,4.0,Jenkintown,Pennsylvania,Democrat,55.4,114306.0,1958.388888888889,
Swiss Haus Bakery,4.0,Philadelphia,Pennsylvania,Democrat,36.4,60698.0,1715.4754572988052,4517.0
Wawa,3.5,Sun City Center,Florida,Republican,39.6,71012.0,2150.534722222222,
Starbucks,3.5,Collinsville,Illinois,Republican,32.0,65170.0,1033.2380952380952,
Starbucks,2.0,Bridgeton,Missouri,Democrat,46.7,73320.0,,
Starbucks,3.5,St. Petersburg,Florida,Republican,38.5,73118.0,,1632.0
Grands Homemade Ice Cream and Sweets...,4.5,Pitman,New Jersey,Republican,37.6,96199.0,,
Just Love Coffee Cafe - McEwen,3.5,Franklin,Tennessee,Republican,65.8,115000.0,2052.104521404521,
Fork & Function on Central,5.0,Indianapolis,Indiana,Democrat,35.3,62995.0,1376.034945102525,913.0
McDonald's,1.5,Hermitage,Tennessee,Democrat,,75197.0,,
Wawa,2.5,Feasterville-Trevose,Pennsylvania,Republican,,60698.0,,
Dunkin',1.5,Conshohocken,Pennsylvania,Democrat,55.4,117330.0,2378.5670794633643,
Dunkin' Donuts,2.5,Media,Pennsylvania,Democrat,44.4,86219.0,1922.0873015873012,
Dunkin',2.0,Clearwater,Florida,Republican,38.5,64440.0,1956.247155052128,1727.0
Top Out Cafe,5.0,Indianapolis,Indiana,Democrat,35.3,62995.0,1376.034945102525,913.0
Royal Tea Room & Gift Shoppe,4.5,Tampa,Florida,Republican,39.6,71302.0,2011.9116084311615,1284.0
PJ's Coffee,3.5,New Orleans,Louisiana,Democrat,43.3,55339.0,1635.4273395346563,892.0
Dunkin',3.0,Bridgeton,Missouri,Democrat,46.7,73320.0,,
Steep Station,4.0,St. Petersburg,Florida,Republican,38.5,73118.0,,1632.0
Starbucks,3.5,Nashville,Tennessee,Democrat,51.2,75197.0,1803.1395088912257,537.0
Hub Coffee Roasters,3.5,Reno,Nevada,Democrat,37.3,78448.0,1895.051309846432,920.0
Hub Coffee Roasters,4.0,Reno,Nevada,Democrat,37.3,78448.0,1895.051309846432,920.0
Mokka Cafe,3.5,Columbia,Illinois,Republican,,107922.0,,
The Spice & Tea Exchange of John's Pass,4.5,Madeira Beach,Florida,Republican,38.5,79798.0,2394.3888888888887,
One Village Coffee,5.0,Souderton,Pennsylvania,Democrat,55.4,85625.0,,
Starbucks,4.0,Pinellas Park,Florida,Republican,38.5,62043.0,2039.4087024087028,
The Donut + Dog,4.5,Nashville,Tennessee,Democrat,51.2,75197.0,1803.1395088912257,537.0
Wawa,3.5,Seminole,Florida,Republican,38.5,77335.0,2247.2611111111114,
Lena's Custom Desserts,4.5,Tucson,Arizona,Democrat,37.9,54546.0,1468.4007810603507,904.0
Caffé Nove,4.0,Tampa,Florida,Republican,39.6,71302.0,2011.9116084311615,1284.0
La Colombe Coffee,4.5,Philadelphia,Pennsylvania,Democrat,36.4,60698.0,1715.4754572988052,4517.0
PJ's Coffee,4.0,New Orleans,Louisiana,Democrat,43.3,55339.0,1635.4273395346563,892.0
Fanny's Cocina,4.0,Tucson,Arizona,Democrat,37.9,54546.0,1468.4007810603507,904.0
Cali Cafe,4.5,Riverview,Florida,Republican,39.6,95442.0,2171.145685305324,
Dunkin',4.0,Bellmawr,New Jersey,Democrat,38.8,74812.0,,
Starbucks,3.0,University City,Missouri,Democrat,46.7,76466.0,1582.4187134502924,
Starbucks,4.0,St. Petersburg,Florida,Republican,38.5,73118.0,,1632.0
Starbucks,4.0,St. Petersburg,Florida,Republican,38.5,73118.0,,1632.0
Death of The Fox Brewing,4.0,Clarksboro,New Jersey,Republican,,91000.0,,
Bula On the Beach,3.5,Madeira Beach,Florida,Republican,38.5,79798.0,2394.3888888888887,
Starbucks,3.0,Plymouth Meeting,Pennsylvania,Democrat,55.4,109706.0,2298.111111111112,
Bula Kavananda,5.0,Tampa,Florida,Republican,39.6,71302.0,2011.9116084311615,1284.0
Soy Cafe,4.5,Philadelphia,Pennsylvania,Democrat,36.4,60698.0,1715.4754572988052,4517.0
The Corner Coffee House,3.0,Saint Louis,Missouri,Democrat,,55279.0,,
GulfPerk Coffee Bar,5.0,Gulfport,Florida,Republican,38.5,68617.0,2081.904761904762,
Wawa,2.5,Philadelphia,Pennsylvania,Democrat,36.4,60698.0,1715.4754572988052,4517.0
McDonald's,2.5,New Orleans,Louisiana,Democrat,43.3,55339.0,1635.4273395346563,892.0
Starbucks - Indianapolis,4.0,Indianapolis,Indiana,Democrat,35.3,62995.0,1376.034945102525,913.0
Melt,4.5,Saint Louis,Missouri,Democrat,,55279.0,,
St. Pat's Irish Coffeehouse,5.0,New Orleans,Louisiana,Democrat,43.3,55339.0,1635.4273395346563,892.0
Spread Bagelry,2.5,Philadelphia,Pennsylvania,Democrat,36.4,60698.0,1715.4754572988052,4517.0
Dunkin',2.5,Philadelphia,Pennsylvania,Democrat,36.4,60698.0,1715.4754572988052,4517.0
McDonald's,1.5,Granite City,Illinois,Republican,32.0,60490.0,,
Franklin Juice Co.,4.0,Nashville,Tennessee,Democrat,51.2,75197.0,1803.1395088912257,537.0
Fairly Grounded,4.0,Reno,Nevada,Democrat,37.3,78448.0,1895.051309846432,920.0
Wawa,3.0,Royersford,Pennsylvania,Democrat,55.4,67083.0,1867.1333333333328,
Tooley's on Congress,4.0,Tucson,Arizona,Democrat,37.9,54546.0,1468.4007810603507,904.0
Steadfast Commons,4.5,Nashville,Tennessee,Democrat,51.2,75197.0,1803.1395088912257,537.0
Venice Pizza and Pasta,4.5,Lutz,Florida,Republican,39.6,114516.0,2055.789287749288,
Bagelicious and More,3.5,Wesley Chapel,Florida,Republican,31.3,107004.0,2225.93855222764,
MiXXed Breed Cafe,2.0,Philadelphia,Pennsylvania,Democrat,36.4,60698.0,1715.4754572988052,4517.0
Starbucks,3.0,University City,Missouri,Democrat,46.7,76466.0,1582.4187134502924,
Dunkin',2.0,Deptford,New Jersey,Republican,,91000.0,,
Provence Breads & Cafe,1.5,Nashville,Tennessee,Democrat,51.2,75197.0,1803.1395088912257,537.0
CineMug,4.5,Philadelphia,Pennsylvania,Democrat,36.4,60698.0,1715.4754572988052,4517.0
Starbucks,3.0,Tucson,Arizona,Democrat,37.9,54546.0,1468.4007810603507,904.0
McDonald’s,1.0,Indianapolis,Indiana,Democrat,35.3,62995.0,1376.034945102525,913.0
Starbucks,3.0,Tucson,Arizona,Democrat,37.9,54546.0,1468.4007810603507,904.0
Wawa,3.5,Oaklyn,New Jersey,Democrat,38.8,81514.0,,
Fry's Food Stores,3.0,Tucson,Arizona,Democrat,37.9,54546.0,1468.4007810603507,904.0
Filter Cafe,3.5,Philadelphia,Pennsylvania,Democrat,36.4,60698.0,1715.4754572988052,4517.0
Teapioca Lounge,4.5,North Wales,Pennsylvania,Democrat,55.4,115833.0,1930.419047619048,
Tinker Coffee,5.0,Indianapolis,Indiana,Democrat,35.3,62995.0,1376.034945102525,913.0
Starbucks,3.0,Fishers,Indiana,Republican,62.7,128141.0,1951.650886475448,
Caffe Luxxe,3.5,Santa Barbara,California,Democrat,38.6,101672.0,3646.9091098603294,
Wawa,4.0,Runnemede,New Jersey,Democrat,38.8,100366.0,,
Starbucks,1.5,Philadelphia,Pennsylvania,Democrat,36.4,60698.0,1715.4754572988052,4517.0
La Vie En Rose Cafe,5.0,New Orleans,Louisiana,Democrat,43.3,55339.0,1635.4273395346563,892.0
Revelator Coffee New Orleans,4.0,New Orleans,Louisiana,Democrat,43.3,55339.0,1635.4273395346563,892.0
Dunkin',3.5,Philadelphia,Pennsylvania,Democrat,36.4,60698.0,1715.4754572988052,4517.0
Cafe Du Monde,4.0,New Orleans,Louisiana,Democrat,43.3,55339.0,1635.4273395346563,892.0
Dunkin',2.5,Philadelphia,Pennsylvania,Democrat,36.4,60698.0,1715.4754572988052,4517.0
Dunkin',2.0,Philadelphia,Pennsylvania,Democrat,36.4,60698.0,1715.4754572988052,4517.0
Mojo Asian Fusion Café,4.0,Isla Vista,California,Democrat,38.6,24428.0,9082.222222222224,
Brew Ha Ha,4.0,Greenville,Delaware,Democrat,38.7,139541.0,,
Gladden and Sons Produce,4.5,Santa Barbara,California,Democrat,38.6,101672.0,3646.9091098603294,
McDonald's,2.0,Goleta,California,Democrat,38.6,118039.0,3642.484920634921,
Sump Coffee,4.0,Nashville,Tennessee,Democrat,51.2,75197.0,1803.1395088912257,537.0
Luna Libre,5.0,New Orleans,Louisiana,Democrat,43.3,55339.0,1635.4273395346563,892.0
Starbucks,2.5,New Orleans,Louisiana,Democrat,43.3,55339.0,1635.4273395346563,892.0
Starbucks,3.5,Indianapolis,Indiana,Democrat,35.3,62995.0,1376.034945102525,913.0
Starbucks,3.0,Clearwater,Florida,Republican,38.5,64440.0,1956.247155052128,1727.0
Batter & Dough,4.5,Wesley Chapel,Florida,Republican,31.3,107004.0,2225.93855222764,
Tim Hortons,3.5,Saint Louis,Missouri,Democrat,,55279.0,,
Tri-County Produce Co,4.0,Santa Barbara,California,Democrat,38.6,101672.0,3646.9091098603294,
Cornerstone Coffee House,3.5,Indianapolis,Indiana,Democrat,35.3,62995.0,1376.034945102525,913.0
Starbucks,4.5,Largo,Florida,Republican,38.5,60465.0,1787.582052090859,
Starbucks,3.5,Edwardsville,Illinois,Republican,32.0,92671.0,1571.0952380952378,
Geoffrey's Floral Design and Bakery Cafe,2.5,Tampa,Florida,Republican,39.6,71302.0,2011.9116084311615,1284.0
Dunkin',3.0,Tucson,Arizona,Democrat,37.9,54546.0,1468.4007810603507,904.0
Starbucks,3.5,Tampa,Florida,Republican,39.6,71302.0,2011.9116084311615,1284.0
Moxie Java,2.0,Garden City,Idaho,Republican,46.3,66859.0,1762.2539682539682,
Commune + Co,5.0,Tampa,Florida,Republican,39.6,71302.0,2011.9116084311615,1284.0
Cafe Du Meemo,1.5,Fishers,Indiana,Republican,62.7,128141.0,1951.650886475448,
Starbucks,3.5,Clearwater,Florida,Republican,38.5,64440.0,1956.247155052128,1727.0
Grove Cafe,4.5,Conshohocken,Pennsylvania,Democrat,55.4,117330.0,2378.5670794633643,
McDonald's,1.5,Palm Harbor,Florida,Republican,38.5,75354.0,1901.0656790123455,
Cafe Seventy Two,4.0,Ewing,New Jersey,Democrat,,91000.0,2199.345238095238,
Dunkin',2.0,Quakertown,Pennsylvania,Republican,45.2,70978.0,1718.75,
McDonald's,1.5,Hazelwood,Missouri,Democrat,46.7,55930.0,1394.4166666666667,
Philly's Gourmet Cafe,2.0,Philadelphia,Pennsylvania,Democrat,36.4,60698.0,1715.4754572988052,4517.0
Our Deli & Meats,4.0,Paoli,Pennsylvania,Democrat,58.0,117094.0,2429.0333333333333,
McDonald's,2.0,Clearwater,Florida,Republican,38.5,64440.0,1956.247155052128,1727.0
The Lodge,4.5,Reno,Nevada,Democrat,37.3,78448.0,1895.051309846432,920.0
Tea Magic,3.0,Philadelphia,Pennsylvania,Democrat,36.4,60698.0,1715.4754572988052,4517.0
Wawa,3.0,Voorhees,New Jersey,Democrat,,66927.0,,
Barnes & Noble Booksellers,3.0,Philadelphia,Pennsylvania,Democrat,36.4,60698.0,1715.4754572988052,4517.0
Plan Shop Live,5.0,Maryville,Illinois,Republican,32.0,100813.0,,
Savaya Coffee Market,4.5,Marana,Arizona,Democrat,37.9,108256.0,2097.519841269841,
Perks Coffee & Cafe,4.5,Kenner,Louisiana,Republican,31.2,64099.0,1663.6666666666667,
McDonald's,2.0,Belleville,Illinois,Democrat,34.2,60529.0,1072.5014005602245,
Teleo Coffee,4.5,Kirkwood,Missouri,Democrat,46.7,117439.0,2012.5779645191408,
Starbucks,3.0,Boise,Idaho,Republican,46.3,76402.0,1769.288449703903,
IHOP,3.0,Philadelphia,Pennsylvania,Democrat,36.4,60698.0,1715.4754572988052,4517.0
Dunkin',1.5,Wyncote,Pennsylvania,Democrat,55.4,144281.0,1951.388888888889,
Donut Wheel,4.5,Tucson,Arizona,Democrat,37.9,54546.0,1468.4007810603507,904.0
Abington All Star Bagel,4.5,Abington,Pennsylvania,Democrat,,60698.0,,
Cube Cafe,4.0,Philadelphia,Pennsylvania,Democrat,36.4,60698.0,1715.4754572988052,4517.0
Starbucks,3.0,Edwardsville,Illinois,Republican,32.0,92671.0,1571.0952380952378,
Churros Cafe,4.0,Metairie,Louisiana,Republican,31.2,73256.0,1645.3324786324786,
Java Coffee & Café,4.5,Boise,Idaho,Republican,46.3,76402.0,1769.288449703903,
Southwark Restaurant,4.0,Philadelphia,Pennsylvania,Democrat,36.4,60698.0,1715.4754572988052,4517.0
Pho Bowl,4.5,Clearwater,Florida,Republican,38.5,64440.0,1956.247155052128,1727.0
Dunkin',2.0,Newark,Delaware,Democrat,38.7,71373.0,2153.965643274854,
Dunkin',3.0,Philadelphia,Pennsylvania,Democrat,36.4,60698.0,1715.4754572988052,4517.0
Willa Jean,4.0,New Orleans,Louisiana,Democrat,43.3,55339.0,1635.4273395346563,892.0
Revolutionary Grounds Books and Coffee,4.0,Tucson,Arizona,Democrat,37.9,54546.0,1468.4007810603507,904.0
My Fair Trade Lady,5.0,Haddon Heights,New Jersey,Democrat,38.8,126055.0,,
Cafe at Riverbend,3.5,Conshohocken,Pennsylvania,Democrat,55.4,117330.0,2378.5670794633643,
Sweet Christine's Bakery,4.0,Kennett Square,Pennsylvania,Democrat,58.0,74259.0,2455.2000000000003,
Cafe Breve,3.5,Saint Louis,Missouri,Democrat,,55279.0,,
Fix Juice,4.0,Nashville,Tennessee,Democrat,51.2,75197.0,1803.1395088912257,537.0
Vitality Bowls,3.5,Carmel,Indiana,Republican,62.7,134602.0,1827.6327732974908,
Comida,4.0,Indianapolis,Indiana,Democrat,35.3,62995.0,1376.034945102525,913.0
Zemam's Too,4.5,Tucson,Arizona,Democrat,37.9,54546.0,1468.4007810603507,904.0
Uncle Bill's Pancake & Dinner House,3.5,Saint Louis,Missouri,Democrat,,55279.0,,
McDonald's,2.5,Creve Coeur,Missouri,Democrat,46.7,119454.0,1351.9381313131314,
Black Crown Coffee Co.,4.5,Tucson,Arizona,Democrat,37.9,54546.0,1468.4007810603507,904.0
8th & Roast Charlotte,4.0,Nashville,Tennessee,Democrat,51.2,75197.0,1803.1395088912257,537.0
Coast Roast Coffee & Tea,4.5,New Orleans,Louisiana,Democrat,43.3,55339.0,1635.4273395346563,892.0
Blind Tiger Cafe - Westshore Plaza,4.0,Tampa,Florida,Republican,39.6,71302.0,2011.9116084311615,1284.0
Fitzwater Street Philly Bagels,3.5,Philadelphia,Pennsylvania,Democrat,36.4,60698.0,1715.4754572988052,4517.0
The Natural Cafe,4.0,Santa Barbara,California,Democrat,38.6,101672.0,3646.9091098603294,
Starbucks,3.0,St. Louis,Missouri,Democrat,46.7,55279.0,,1943.0
McDonald's,1.5,Tucson,Arizona,Democrat,37.9,54546.0,1468.4007810603507,904.0
McDonald's,2.5,Tucson,Arizona,Democrat,37.9,54546.0,1468.4007810603507,904.0
Handlebar Coffee Roasters,4.5,Santa Barbara,California,Democrat,38.6,101672.0,3646.9091098603294,
Herbiary,4.0,Philadelphia,Pennsylvania,Democrat,36.4,60698.0,1715.4754572988052,4517.0
Wawa,3.0,West Deptford,New Jersey,Republican,,91000.0,,
McDonald's,2.0,Greenwood,Indiana,Republican,38.0,78765.0,1632.2466230936818,
Speedway,2.5,Nashville,Tennessee,Democrat,51.2,75197.0,1803.1395088912257,537.0
Lighthouse Coffee,4.5,Santa Barbara,California,Democrat,38.6,101672.0,3646.9091098603294,
McDonald's,2.0,Indianapolis,Indiana,Democrat,35.3,62995.0,1376.034945102525,913.0
Rival Bros,4.5,Philadelphia,Pennsylvania,Democrat,36.4,60698.0,1715.4754572988052,4517.0
FARE,4.0,New Orleans,Louisiana,Democrat,43.3,55339.0,1635.4273395346563,892.0
The Coffee Station,3.5,Morton,Pennsylvania,Democrat,44.4,54881.0,1400.0,
World Coffee,4.5,Metairie,Louisiana,Republican,31.2,73256.0,1645.3324786324786,
Wawa,4.5,Thorndale,Pennsylvania,Democrat,58.0,107995.0,1821.6666666666667,
Wawa,3.0,Aston,Pennsylvania,Democrat,,60698.0,,
Papalani Gelato,3.5,Tampa,Florida,Republican,39.6,71302.0,2011.9116084311615,1284.0
Outlaw Coffee,4.5,Verdi,Nevada,Democrat,37.3,102625.0,2019.75,
7-Eleven,2.0,Santa Barbara,California,Democrat,38.6,101672.0,3646.9091098603294,
Starbucks,2.0,Brandon,Florida,Republican,39.6,77068.0,1944.9896640826876,
Starbucks,3.0,Indianapolis,Indiana,Democrat,35.3,62995.0,1376.034945102525,913.0
The Lincoln Room,4.0,West Chester,Pennsylvania,Democrat,58.0,81492.0,2121.137626262627,
Nudy's Eastside Café,3.5,Wayne,Pennsylvania,Democrat,44.4,143981.0,2133.833333333333,
Paletas Y Helados Bambino,4.5,Philadelphia,Pennsylvania,Democrat,36.4,60698.0,1715.4754572988052,4517.0
McDonald's,2.0,Ruskin,Florida,Republican,39.6,76402.0,2210.5286195286194,
Itty Bitty Donuts & Specialty Coffee,4.5,Nolensville,Tennessee,Republican,65.8,170068.0,2958.472222222222,
Picasso's Coffee House,4.5,Saint Charles,Missouri,Republican,,55279.0,,
Courthouse Cafe,4.0,Gretna,Louisiana,Republican,31.2,46045.0,1570.4761904761906,
Coat Check Coffee,4.5,Indianapolis,Indiana,Democrat,35.3,62995.0,1376.034945102525,913.0
McDonald's,2.0,Tampa,Florida,Republican,39.6,71302.0,2011.9116084311615,1284.0
OmTurtleYoga & Cafe,5.0,Ferguson,Missouri,Democrat,46.7,46106.0,1299.638888888889,
The Original Leena's Chocolates,4.5,Valrico,Florida,Republican,39.6,98451.0,2396.349170437405,
Kahve Coffee,5.0,Boise,Idaho,Republican,46.3,76402.0,1769.288449703903,
Cafe Fleur,5.0,Wayne,Pennsylvania,Democrat,44.4,143981.0,2133.833333333333,
MaryAnn's Tea Room,4.0,Saint Louis,Missouri,Democrat,,55279.0,,
The Blind Tiger Cafe - Westchase,4.0,Tampa,Florida,Republican,39.6,71302.0,2011.9116084311615,1284.0
O’bar Cafe,4.0,Edwardsville,Illinois,Republican,32.0,92671.0,1571.0952380952378,
Starbucks,2.0,Nashville,Tennessee,Democrat,51.2,75197.0,1803.1395088912257,537.0
Starbucks,2.0,Villanova,Pennsylvania,Democrat,55.4,250001.0,,
Ren Coffeehouse,4.0,Tucson,Arizona,Democrat,37.9,54546.0,1468.4007810603507,904.0
Wawa,3.0,Hatfield,Pennsylvania,Democrat,,72070.0,1615.111111111111,
Starbucks,3.5,Indianapolis,Indiana,Democrat,35.3,62995.0,1376.034945102525,913.0
McDonald's,1.5,Indianapolis,Indiana,Democrat,35.3,62995.0,1376.034945102525,913.0
NOLA Grind,4.0,New Orleans,Louisiana,Democrat,43.3,55339.0,1635.4273395346563,892.0
Starbucks,3.0,Tampa,Florida,Republican,39.6,71302.0,2011.9116084311615,1284.0
Myers Front Porch,4.0,Hendersonville,Tennessee,Republican,35.1,91503.0,1604.2083028083027,
The Bean Bistro & Cafe,3.5,Franklin,Tennessee,Republican,65.8,115000.0,2052.104521404521,
PJ's Coffee,3.5,New Orleans,Louisiana,Democrat,43.3,55339.0,1635.4273395346563,892.0
Dunkin',2.5,Warminster,Pennsylvania,Republican,,60698.0,,
Krispy Kreme,4.0,Philadelphia,Pennsylvania,Democrat,36.4,60698.0,1715.4754572988052,4517.0
Dunkin' Donuts,3.0,Bordentown,New Jersey,Democrat,,91208.0,,
Phresh Teas  - IV location,3.0,Isla Vista,California,Democrat,38.6,24428.0,9082.222222222224,
Starbucks,3.5,St. Louis,Missouri,Democrat,46.7,55279.0,,1943.0
Mama Hawk’s Kitchen & Coffee,4.0,Lahaska,Pennsylvania,Republican,,60698.0,,
Ray's Café & Teahouse,4.5,Philadelphia,Pennsylvania,Democrat,36.4,60698.0,1715.4754572988052,4517.0
Media Bean Cafe',4.5,Newtown Square,Pennsylvania,Democrat,,60698.0,3116.611111111111,
Point of Destination Cafe,3.5,Philadelphia,Pennsylvania,Democrat,36.4,60698.0,1715.4754572988052,4517.0
Dunkin' Donuts,3.0,Nashville,Tennessee,Democrat,51.2,75197.0,1803.1395088912257,537.0
Starbucks,3.5,Indianapolis,Indiana,Democrat,35.3,62995.0,1376.034945102525,913.0
McDonald's,1.5,Metairie,Louisiana,Republican,31.2,73256.0,1645.3324786324786,
McDonald's,2.5,Lawrence Township,New Jersey,Democrat,,91000.0,2587.964285714286,
The Well Coffeehouse,4.0,Nashville,Tennessee,Democrat,51.2,75197.0,1803.1395088912257,537.0
Kaffeine Coffee,4.5,Indianapolis,Indiana,Democrat,35.3,62995.0,1376.034945102525,913.0
Mt Airy Read & Eat,4.0,Philadelphia,Pennsylvania,Democrat,36.4,60698.0,1715.4754572988052,4517.0
7-Eleven,1.5,Sparks,Nevada,Democrat,37.3,86979.0,1964.762212770985,
Starbucks,4.0,Webster Groves,Missouri,Democrat,46.7,110716.0,1882.222222222222,
Se7en,3.5,Reno,Nevada,Democrat,37.3,78448.0,1895.051309846432,920.0
Sunrise Cafe,3.5,Kennett Square,Pennsylvania,Democrat,58.0,74259.0,2455.2000000000003,
Peet's Coffee,4.0,Santa Barbara,California,Democrat,38.6,101672.0,3646.9091098603294,
Spread Bagelry,2.5,Bryn Mawr,Pennsylvania,Democrat,55.4,87218.0,2184.9999999999995,
The Zen Den,4.0,Doylestown,Pennsylvania,Republican,,93672.0,2597.1666666666665,
McDonald's,3.5,Malaga,New Jersey,Republican,37.6,107875.0,,
Melodies Cafe,3.0,Ardmore,Pennsylvania,Democrat,55.4,115273.0,2250.083333333333,
Dunkin',3.0,Temple Terrace,Florida,Republican,39.6,65756.0,1778.454415954416,
Dunkin',1.5,Old Hickory,Tennessee,Democrat,,75197.0,,
Dunkin',2.0,Flourtown,Pennsylvania,Democrat,55.4,144634.0,,
Gracious Bakery + Cafe,3.5,New Orleans,Louisiana,Democrat,43.3,55339.0,1635.4273395346563,892.0
Desert Rain Coffee,5.0,Oro Valley,Arizona,Democrat,37.9,105342.0,1923.6564327485376,
Half & Half,3.5,Webster Groves,Missouri,Democrat,46.7,110716.0,1882.222222222222,
Speedway,2.0,Indianapolis,Indiana,Democrat,35.3,62995.0,1376.034945102525,913.0
Starbucks,3.0,Fishers,Indiana,Republican,62.7,128141.0,1951.650886475448,
Kung Fu Tea,4.0,Abington,Pennsylvania,Democrat,,60698.0,,
Wawa,4.0,Mount Laurel,New Jersey,Democrat,,91000.0,,
J's Pitaria,4.5,St. Louis,Missouri,Democrat,46.7,55279.0,,1943.0
J'aime Le Cafe,4.5,Marrero,Louisiana,Republican,31.2,45633.0,1651.5873015873017,
Crossroads Coffee House,4.0,Drexel Hill,Pennsylvania,Democrat,44.4,87993.0,1913.0555555555557,
Starbucks,2.0,King of Prussia,Pennsylvania,Democrat,55.4,86149.0,2166.7329901329904,
Toojay's,3.0,Tampa,Florida,Republican,39.6,71302.0,2011.9116084311615,1284.0
Anthony's Italian Coffee House and Chocolate House,4.0,Philadelphia,Pennsylvania,Democrat,36.4,60698.0,1715.4754572988052,4517.0
Ana's Corner Store,4.5,East Norriton,Pennsylvania,Republican,25.9,60698.0,,
Golden Dinosaurs,4.5,Gulfport,Florida,Republican,38.5,68617.0,2081.904761904762,
McDonald's,1.5,St. Louis,Missouri,Democrat,46.7,55279.0,,1943.0
McDonald's,1.5,Indianapolis,Indiana,Democrat,35.3,62995.0,1376.034945102525,913.0
Capogiro Gelato,4.5,Philadelphia,Pennsylvania,Democrat,36.4,60698.0,1715.4754572988052,4517.0
The Worker Bee Cafe II,4.0,Goleta,California,Democrat,38.6,118039.0,3642.484920634921,
Global Foods Market,4.5,Saint Louis,Missouri,Democrat,,55279.0,,
Dunkin',2.5,Indianapolis,Indiana,Democrat,35.3,62995.0,1376.034945102525,913.0
Wawa,3.5,Sicklerville,New Jersey,Democrat,38.8,102881.0,2218.611111111112,
Epic Cafe,3.5,Tucson,Arizona,Democrat,37.9,54546.0,1468.4007810603507,904.0
Herbie's Coffee,4.5,Tucson,Arizona,Democrat,37.9,54546.0,1468.4007810603507,904.0
Starbucks,3.0,Casa Adobes,Arizona,Democrat,,54546.0,,
Prufrock Coffee,4.5,Indianapolis,Indiana,Democrat,35.3,62995.0,1376.034945102525,913.0
Dunkin',2.0,King of Prussia,Pennsylvania,Democrat,55.4,86149.0,2166.7329901329904,
The Bywater Hideout,4.5,New Orleans,Louisiana,Democrat,43.3,55339.0,1635.4273395346563,892.0
DAVIDsTEA,4.5,Indianapolis,Indiana,Democrat,35.3,62995.0,1376.034945102525,913.0
Paradeco Coffee Roasters,4.5,St. Petersburg,Florida,Republican,38.5,73118.0,,1632.0
Dunkin',1.5,Seffner,Florida,Republican,39.6,88167.0,2141.3650793650795,
Starkey Market,4.5,Trinity,Florida,Republican,31.3,113125.0,,
Dunkin',1.5,Clearwater,Florida,Republican,38.5,64440.0,1956.247155052128,1727.0
Punch Bowl Social Indianapolis,4.0,Indianapolis,Indiana,Democrat,35.3,62995.0,1376.034945102525,913.0
Starbucks,2.0,Nashville,Tennessee,Democrat,51.2,75197.0,1803.1395088912257,537.0
McDonald's,2.0,Mount Holly,New Jersey,Democrat,,91000.0,,
Snowshack Dessert Cafe,4.0,Palm Harbor,Florida,Republican,38.5,75354.0,1901.0656790123455,
Starbucks,3.5,Clayton,Missouri,Democrat,46.7,128898.0,1712.9682539682535,
Starbucks,3.5,Yardley,Pennsylvania,Republican,45.2,118750.0,2695.7000000000003,
Ja-Vahz,4.5,Tampa,Florida,Republican,39.6,71302.0,2011.9116084311615,1284.0
McDonald's,1.5,Philadelphia,Pennsylvania,Democrat,36.4,60698.0,1715.4754572988052,4517.0
Starbucks,3.0,Santa Barbara,California,Democrat,38.6,101672.0,3646.9091098603294,
Piccione Pastry,4.5,St. Louis,Missouri,Democrat,46.7,55279.0,,1943.0
The BrickHaus,4.5,Ridley Park,Pennsylvania,Democrat,44.4,94485.0,,
Square Cat Vinyl,4.5,Indianapolis,Indiana,Democrat,35.3,62995.0,1376.034945102525,913.0
Bamboo Cafe,4.5,Harvey,Louisiana,Republican,31.2,43524.0,1309.2763532763531,
Dunkin',2.0,Palm Harbor,Florida,Republican,38.5,75354.0,1901.0656790123455,
Dunkin',2.5,Warminster,Pennsylvania,Republican,,60698.0,,
Calle Coffee,5.0,Tucson,Arizona,Democrat,37.9,54546.0,1468.4007810603507,904.0
The Brew Garden,3.5,Clearwater,Florida,Republican,38.5,64440.0,1956.247155052128,1727.0
Kind Cuisine Cafe,4.5,Boise,Idaho,Republican,46.3,76402.0,1769.288449703903,
Bluestone Lane - Philadelphia,4.0,Philadelphia,Pennsylvania,Democrat,36.4,60698.0,1715.4754572988052,4517.0
Eskpades,3.5,Clearwater,Florida,Republican,38.5,64440.0,1956.247155052128,1727.0
Starbucks,4.5,Plant City,Florida,Republican,39.6,64536.0,2014.522077922078,
Wired Coffee,4.5,Sunset Hills,Missouri,Democrat,46.7,133895.0,,
Garage Coffee Company Nashville,4.0,Nashville,Tennessee,Democrat,51.2,75197.0,1803.1395088912257,537.0
Dunkin',2.0,Wilmington,Delaware,Democrat,38.7,55269.0,1756.0830026455026,
A Fresh Connection Cafe and Bakery,4.5,Saint Petersburg,Florida,Republican,,71302.0,,
Turning Point - Newtown,4.0,Newtown,Pennsylvania,Republican,45.2,146765.0,2431.944444444445,
Caffè! Caffè! - North Hullen,4.0,Metairie,Louisiana,Republican,31.2,73256.0,1645.3324786324786,
Hivolt Bakery,4.5,New Orleans,Louisiana,Democrat,43.3,55339.0,1635.4273395346563,892.0
Crafted Palette,4.5,Reno,Nevada,Democrat,37.3,78448.0,1895.051309846432,920.0
Cafe at the Mills,4.0,Philadelphia,Pennsylvania,Democrat,36.4,60698.0,1715.4754572988052,4517.0
Cafe V-dal,4.5,Lansdale,Pennsylvania,Democrat,55.4,86460.0,1966.2497212931996,
Einstein Bros. Bagels,3.0,Tampa,Florida,Republican,39.6,71302.0,2011.9116084311615,1284.0
Cocoa Bean,2.5,Nashville,Tennessee,Democrat,51.2,75197.0,1803.1395088912257,537.0
Van Dough,5.0,Clearwater,Florida,Republican,38.5,64440.0,1956.247155052128,1727.0
Art Smart Coffee & Gallery,5.0,Dunedin,Florida,Republican,38.5,68068.0,2087.5775446775447,
McDonald's,1.0,Sun Valley,Nevada,Democrat,37.3,76108.0,2322.0,
Ready Teddy's,4.0,Mt. Juliet,Tennessee,Republican,,75197.0,,
McDonald's,1.5,Nashville,Tennessee,Democrat,51.2,75197.0,1803.1395088912257,537.0
Le Nectar,4.0,Indianapolis,Indiana,Democrat,35.3,62995.0,1376.034945102525,913.0
Wawa,2.5,Pottstown,Pennsylvania,Democrat,55.4,56174.0,1755.439393939394,
Che's Lounge,3.5,Tucson,Arizona,Democrat,37.9,54546.0,1468.4007810603507,904.0
Bagelati,4.0,Cinnaminson,New Jersey,Democrat,,91000.0,,
Blok & Co,4.5,Meridian,Idaho,Republican,46.3,98686.0,2015.2290262803235,
Kneaders Bakery & Cafe,3.0,Tucson,Arizona,Democrat,37.9,54546.0,1468.4007810603507,904.0
Johnson Hall Coffee House,4.5,Hulmeville,Pennsylvania,Republican,45.2,119531.0,,
Starbucks,3.5,Reno,Nevada,Democrat,37.3,78448.0,1895.051309846432,920.0
Caffe Capri,4.0,Boise,Idaho,Republican,46.3,76402.0,1769.288449703903,
McDonald's,1.5,Nashville,Tennessee,Democrat,51.2,75197.0,1803.1395088912257,537.0
Starbucks,3.0,Boise,Idaho,Republican,46.3,76402.0,1769.288449703903,
The Annex Coffee and Foods,4.5,St. Louis,Missouri,Democrat,46.7,55279.0,,1943.0
The Garden Market,3.5,Carpinteria,California,Democrat,38.6,104233.0,4234.166666666667,
Rattlesnake Espresso,4.5,Tucson,Arizona,Democrat,37.9,54546.0,1468.4007810603507,904.0
Fred's Breakfast,4.0,New Hope,Pennsylvania,Republican,45.2,158929.0,,
Degaje Local Market ,4.5,Wesley Chapel,Florida,Republican,31.3,107004.0,2225.93855222764,
The Turning Point of Marlton,4.0,Marlton,New Jersey,Democrat,42.1,94160.0,,
Dunkin',2.0,Pennsauken,New Jersey,Democrat,38.8,91000.0,2524.0,
Spread Bagelry,2.5,Philadelphia,Pennsylvania,Democrat,36.4,60698.0,1715.4754572988052,4517.0
Wawa,2.5,Philadelphia,Pennsylvania,Democrat,36.4,60698.0,1715.4754572988052,4517.0
McDonald's,1.5,Flourtown,Pennsylvania,Democrat,55.4,144634.0,,
Everything Bagel Cafe,4.5,North Wales,Pennsylvania,Democrat,55.4,115833.0,1930.419047619048,
Starbucks,3.5,Kenner,Louisiana,Republican,31.2,64099.0,1663.6666666666667,
Firepot Chai,4.0,Nashville,Tennessee,Democrat,51.2,75197.0,1803.1395088912257,537.0
Doe Doe's Diner,4.0,Saint Petersburg,Florida,Republican,,71302.0,,
Vivid Cafe,3.0,Saint Louis,Missouri,Democrat,,55279.0,,
El Jefe's Cafe Tostada,4.5,Tampa,Florida,Republican,39.6,71302.0,2011.9116084311615,1284.0
It's A Grind,4.0,Creve Coeur,Missouri,Democrat,46.7,119454.0,1351.9381313131314,
7-Eleven,4.0,Tampa,Florida,Republican,39.6,71302.0,2011.9116084311615,1284.0
All Star Bagel,4.0,Southampton Township,New Jersey,Democrat,,91000.0,,
Dunkin',1.5,Atco,New Jersey,Democrat,38.8,101976.0,,
La Bella Dolce Italia,4.5,Philadelphia,Pennsylvania,Democrat,36.4,60698.0,1715.4754572988052,4517.0
allongée,4.0,Philadelphia,Pennsylvania,Democrat,36.4,60698.0,1715.4754572988052,4517.0
Premium Steap,4.5,Philadelphia,Pennsylvania,Democrat,36.4,60698.0,1715.4754572988052,4517.0
The Healthy Hive,4.5,Clearwater,Florida,Republican,38.5,64440.0,1956.247155052128,1727.0
Golden Valley Farms Coffee Roasters,5.0,West Chester,Pennsylvania,Democrat,58.0,81492.0,2121.137626262627,
Zee Bee Market,5.0,Saint Louis,Missouri,Democrat,,55279.0,,
"The Human Bean Boise, Broadway Ave",4.0,Boise,Idaho,Republican,46.3,76402.0,1769.288449703903,
Wawa,4.5,Media,Pennsylvania,Democrat,44.4,86219.0,1922.0873015873012,
La Creperia Cafe,4.0,Tampa,Florida,Republican,39.6,71302.0,2011.9116084311615,1284.0
Double Shots Espresso Bar,3.5,Philadelphia,Pennsylvania,Democrat,36.4,60698.0,1715.4754572988052,4517.0
McDonald's,1.5,Lebanon,Tennessee,Republican,40.2,71320.0,1620.6513457556937,
McDonald's,2.0,Clearwater Beach,Florida,Republican,,71302.0,,
Speedway,3.5,Clearwater,Florida,Republican,38.5,64440.0,1956.247155052128,1727.0
Manhattan Jack,3.5,New Orleans,Louisiana,Democrat,43.3,55339.0,1635.4273395346563,892.0
El Globo Bakery,4.5,Speedway,Indiana,Democrat,35.3,57158.0,1667.75,
McDonald's,1.5,Philadelphia,Pennsylvania,Democrat,36.4,60698.0,1715.4754572988052,4517.0
Taste Cafe & Marketplace,3.5,Indianapolis,Indiana,Democrat,35.3,62995.0,1376.034945102525,913.0
Wawa,3.0,Odessa,Florida,Republican,31.3,116870.0,2102.758441558442,
Tylers Coffee,2.5,Tucson,Arizona,Democrat,37.9,54546.0,1468.4007810603507,904.0
CENTRAL NUTRiTiON,4.5,Tucson,Arizona,Democrat,37.9,54546.0,1468.4007810603507,904.0
Claire's Cafe & Art Gallery,4.0,Tucson,Arizona,Democrat,37.9,54546.0,1468.4007810603507,904.0
Vagrant Coffee,3.0,Philadelphia,Pennsylvania,Democrat,36.4,60698.0,1715.4754572988052,4517.0
Coffee & Cream,4.5,West Deptford,New Jersey,Republican,,91000.0,,
Caffe Torino,3.5,Tucson,Arizona,Democrat,37.9,54546.0,1468.4007810603507,904.0
Dunkin',2.0,Fairless Hills,Pennsylvania,Republican,45.2,80625.0,,
Bloomsday Cafe,4.5,Philadelphia,Pennsylvania,Democrat,36.4,60698.0,1715.4754572988052,4517.0
McDonald's,1.5,Saint Petersburg,Florida,Republican,,71302.0,,
McDonald's,1.5,McCordsville,Indiana,Republican,35.9,113495.0,,
Coffee Science,4.5,New Orleans,Louisiana,Democrat,43.3,55339.0,1635.4273395346563,892.0
Starbucks,4.0,Tucson,Arizona,Democrat,37.9,54546.0,1468.4007810603507,904.0
Cosi,3.0,Elkins Park,Pennsylvania,Democrat,55.4,129773.0,1571.5555555555557,
McDonald's,1.5,Reno,Nevada,Democrat,37.3,78448.0,1895.051309846432,920.0
Dunkin',2.0,Plumsteadville,Pennsylvania,Republican,45.2,157614.0,,
Bella's Bakes Cakes and Bagels,4.5,Saint Petersburg,Florida,Republican,,71302.0,,
Starbucks,2.5,Spring House,Pennsylvania,Democrat,55.4,178068.0,,
Dunkin',2.0,Philadelphia,Pennsylvania,Democrat,36.4,60698.0,1715.4754572988052,4517.0
Circle K,3.0,Tucson,Arizona,Democrat,37.9,54546.0,1468.4007810603507,904.0
McDonald's,1.5,Land O'Lakes,Florida,Republican,,71302.0,,
McDonald's,1.5,Indianapolis,Indiana,Democrat,35.3,62995.0,1376.034945102525,913.0
Starbucks,3.5,Havertown,Pennsylvania,Democrat,,60698.0,,
Shivers Frozen Custard,5.0,Godfrey,Illinois,Republican,32.0,92746.0,,
Dutch Bros Coffee,4.5,Tucson,Arizona,Democrat,37.9,54546.0,1468.4007810603507,904.0
Wawa,3.5,Pottstown,Pennsylvania,Democrat,55.4,56174.0,1755.439393939394,
Dunkin',2.0,Franklin,Tennessee,Republican,65.8,115000.0,2052.104521404521,
McDonald's,1.5,Burlington,New Jersey,Democrat,,78009.0,,
Dunkin',3.0,Nashville,Tennessee,Democrat,51.2,75197.0,1803.1395088912257,537.0
Starbucks,4.0,Tucson,Arizona,Democrat,37.9,54546.0,1468.4007810603507,904.0
The Kava Bar,4.5,Tucson,Arizona,Democrat,37.9,54546.0,1468.4007810603507,904.0
Tiny Little Donuts,5.0,Franklin,Tennessee,Republican,65.8,115000.0,2052.104521404521,
Bean Arrow Coffee,4.0,Oldsmar,Florida,Republican,38.5,76100.0,1936.440476190476,
Barista Del Barrio,5.0,Tucson,Arizona,Democrat,37.9,54546.0,1468.4007810603507,904.0
Gracious Bakery + Cafe,4.5,New Orleans,Louisiana,Democrat,43.3,55339.0,1635.4273395346563,892.0
Dunkin',2.0,Land O Lakes,Florida,Republican,,71302.0,2296.723625140292,
Creme Brulee Bistro & Cafe,4.5,Philadelphia,Pennsylvania,Democrat,36.4,60698.0,1715.4754572988052,4517.0
Crema Coffee,4.5,Tucson,Arizona,Democrat,37.9,54546.0,1468.4007810603507,904.0
Dunkin',2.0,Boyertown,Pennsylvania,Republican,28.5,54179.0,,
Le Cafe Eblouir,5.0,Gretna,Louisiana,Republican,31.2,46045.0,1570.4761904761906,
Nick's Cafe,4.5,Clearwater,Florida,Republican,38.5,64440.0,1956.247155052128,1727.0
Mama's Java,4.0,Nolensville,Tennessee,Republican,65.8,170068.0,2958.472222222222,
Haze Ice Cream,4.5,Madeira Beach,Florida,Republican,38.5,79798.0,2394.3888888888887,
Mojo Coffee,4.5,Goleta,California,Democrat,38.6,118039.0,3642.484920634921,
Blu Moon Eats Catering,4.0,Carmel,Indiana,Republican,62.7,134602.0,1827.6327732974908,
Wawa,3.0,Philadelphia,Pennsylvania,Democrat,36.4,60698.0,1715.4754572988052,4517.0
Starbucks,4.0,St. Louis,Missouri,Democrat,46.7,55279.0,,1943.0
McDonald's,1.5,Pennsburg,Pennsylvania,Democrat,55.4,103698.0,,
Starbucks,3.5,Indianapolis,Indiana,Democrat,35.3,62995.0,1376.034945102525,913.0
Ur Way,3.0,New Orleans,Louisiana,Democrat,43.3,55339.0,1635.4273395346563,892.0
Green Lane Naturals,5.0,Green Lane,Pennsylvania,Democrat,55.4,67750.0,,
Creative Soul Studio,4.0,St. Petersburg,Florida,Republican,38.5,73118.0,,1632.0
The Juice Room,4.5,Philadelphia,Pennsylvania,Democrat,36.4,60698.0,1715.4754572988052,4517.0
Big City Coffee,4.0,Boise,Idaho,Republican,46.3,76402.0,1769.288449703903,
Starbucks,3.5,Feasterville,Pennsylvania,Republican,45.2,80208.0,,
Riverbend Cycles,4.5,Conshohocken,Pennsylvania,Democrat,55.4,117330.0,2378.5670794633643,
Dunkin',2.0,Tampa,Florida,Republican,39.6,71302.0,2011.9116084311615,1284.0
McDonald's,2.5,Pinellas Park,Florida,Republican,38.5,62043.0,2039.4087024087028,
IHOP,2.0,Madison,Tennessee,Democrat,,75197.0,,
CC's Community Coffee House,3.5,New Orleans,Louisiana,Democrat,43.3,55339.0,1635.4273395346563,892.0
The Donut Experiment - Clearwater Beach,4.5,Clearwater Beach,Florida,Republican,,71302.0,,
Amberson Coffee & Grocer,5.0,Indianapolis,Indiana,Democrat,35.3,62995.0,1376.034945102525,913.0
Cattani Catering & Kitchen,4.5,Ewing Township,New Jersey,Democrat,,91000.0,,
McDonald's,3.0,Mount Laurel,New Jersey,Democrat,,91000.0,,
Kraftologee,4.5,Riverview,Florida,Republican,39.6,95442.0,2171.145685305324,
Dunkin',1.5,Philadelphia,Pennsylvania,Democrat,36.4,60698.0,1715.4754572988052,4517.0
CC's Coffee House,3.5,New Orleans,Louisiana,Democrat,43.3,55339.0,1635.4273395346563,892.0
Dunkin',2.0,Norristown,Pennsylvania,Democrat,55.4,65058.0,1698.5733057280884,
Dunkin',2.0,Spring Hill,Florida,Republican,22.1,66557.0,1896.568681988972,
Starbucks,3.0,Doylestown,Pennsylvania,Republican,,93672.0,2597.1666666666665,
The Bluebird Cafe,4.0,Nashville,Tennessee,Democrat,51.2,75197.0,1803.1395088912257,537.0
Circle K,2.5,Tucson,Arizona,Democrat,37.9,54546.0,1468.4007810603507,904.0
Dunkin',3.0,Philadelphia,Pennsylvania,Democrat,36.4,60698.0,1715.4754572988052,4517.0
McDonald's,2.0,Tampa,Florida,Republican,39.6,71302.0,2011.9116084311615,1284.0
Crema Coffee Roasters,4.5,Nashville,Tennessee,Democrat,51.2,75197.0,1803.1395088912257,537.0
Eeffoc's cafe,3.5,Wilmington,Delaware,Democrat,38.7,55269.0,1756.0830026455026,
Tay's Brew House,5.0,Corona de Tucson,Arizona,Democrat,37.9,127743.0,,
Artesano Cafe,4.0,Philadelphia,Pennsylvania,Democrat,36.4,60698.0,1715.4754572988052,4517.0
Crave Coffee Bar,4.5,Tucson,Arizona,Democrat,37.9,54546.0,1468.4007810603507,904.0
McDonald's,2.0,Lawrence,Indiana,Democrat,35.3,68225.0,1591.4200280112043,
Ruben's Cubans,3.5,Tampa,Florida,Republican,39.6,71302.0,2011.9116084311615,1284.0
NY Bagel Cafe & Deli,2.5,Philadelphia,Pennsylvania,Democrat,36.4,60698.0,1715.4754572988052,4517.0
Wawa,3.5,Royersford,Pennsylvania,Democrat,55.4,67083.0,1867.1333333333328,
McDonald's,1.5,Tucson,Arizona,Democrat,37.9,54546.0,1468.4007810603507,904.0
Starbucks,2.5,Clearwater,Florida,Republican,38.5,64440.0,1956.247155052128,1727.0
Sweet Christine's Bakery,4.5,Kennett Square,Pennsylvania,Democrat,58.0,74259.0,2455.2000000000003,
Char West,3.0,Santa Barbara,California,Democrat,38.6,101672.0,3646.9091098603294,
Crooked Tree Coffeehouse,3.5,Saint Charles,Missouri,Republican,,55279.0,,
Wawa,4.0,Woodlyn,Pennsylvania,Democrat,44.4,71978.0,,
Pearings Cafe + Frozen Yogurt,4.5,Indianapolis,Indiana,Democrat,35.3,62995.0,1376.034945102525,913.0
Potito's Italian American Pastries,3.5,Philadelphia,Pennsylvania,Democrat,36.4,60698.0,1715.4754572988052,4517.0
Starbucks,3.0,Bryn Mawr,Pennsylvania,Democrat,55.4,87218.0,2184.9999999999995,
Starbucks,4.0,Tampa,Florida,Republican,39.6,71302.0,2011.9116084311615,1284.0
Starbucks,3.5,Reno,Nevada,Democrat,37.3,78448.0,1895.051309846432,920.0
So Nuts! Donuts & Deli,4.0,Tampa,Florida,Republican,39.6,71302.0,2011.9116084311615,1284.0
Crave Pitman,4.5,Pitman,New Jersey,Republican,37.6,96199.0,,
Teavana,2.5,Metairie,Louisiana,Republican,31.2,73256.0,1645.3324786324786,
Konditori,4.0,Philadelphia,Pennsylvania,Democrat,36.4,60698.0,1715.4754572988052,4517.0
Cafe Dolce,4.5,St Louis,Missouri,Democrat,,55279.0,1297.475912635836,
Velvet Sky Bakery,4.0,Jenkintown,Pennsylvania,Democrat,55.4,114306.0,1958.388888888889,
Starbucks,3.0,Goleta,California,Democrat,38.6,118039.0,3642.484920634921,
Alma Del Mar,5.0,Philadelphia,Pennsylvania,Democrat,36.4,60698.0,1715.4754572988052,4517.0
Hustle & Grind Coffee Company,4.5,Santa Barbara,California,Democrat,38.6,101672.0,3646.9091098603294,
Starbucks,3.0,Wilmington,Delaware,Democrat,38.7,55269.0,1756.0830026455026,
Speedway,3.0,Indianapolis,Indiana,Democrat,35.3,62995.0,1376.034945102525,913.0
swah-rey,4.5,St. Petersburg,Florida,Republican,38.5,73118.0,,1632.0
Dutch Bros Coffee,4.5,Tucson,Arizona,Democrat,37.9,54546.0,1468.4007810603507,904.0
McDonald's,1.0,Westwego,Louisiana,Republican,31.2,49291.0,1550.0,
Mangos Refresqueria Y Cafe,3.5,Tucson,Arizona,Democrat,37.9,54546.0,1468.4007810603507,904.0
Renaud's Patisserie & Bistro,4.0,Santa Barbara,California,Democrat,38.6,101672.0,3646.9091098603294,
The Urban Chalkboard,4.5,Carmel,Indiana,Republican,62.7,134602.0,1827.6327732974908,
Wawa,2.0,Tampa,Florida,Republican,39.6,71302.0,2011.9116084311615,1284.0
DeBrand Fine Chocolates,4.5,Indianapolis,Indiana,Democrat,35.3,62995.0,1376.034945102525,913.0
Turning Point - Bryn Mawr,3.5,Bryn Mawr,Pennsylvania,Democrat,55.4,87218.0,2184.9999999999995,
Dunkin',2.0,Pottstown,Pennsylvania,Democrat,55.4,56174.0,1755.439393939394,
Dunkin',3.0,Norristown,Pennsylvania,Democrat,55.4,65058.0,1698.5733057280884,
Southie Coffee,5.0,Seminole,Florida,Republican,38.5,77335.0,2247.2611111111114,
Bearcat Cafe,4.5,New Orleans,Louisiana,Democrat,43.3,55339.0,1635.4273395346563,892.0
Dunkin',2.5,Philadelphia,Pennsylvania,Democrat,36.4,60698.0,1715.4754572988052,4517.0
Gleaner's Cafe,4.5,Philadelphia,Pennsylvania,Democrat,36.4,60698.0,1715.4754572988052,4517.0
Coffee Mill Cafe,4.0,Millstadt,Illinois,Democrat,34.2,94536.0,,
Dunkin',1.5,Clearwater,Florida,Republican,38.5,64440.0,1956.247155052128,1727.0
Donut Distillery,4.0,Nashville,Tennessee,Democrat,51.2,75197.0,1803.1395088912257,537.0
McDonald's,2.0,Audubon,Pennsylvania,Democrat,55.4,107785.0,,
Dunkin',1.0,Tampa,Florida,Republican,39.6,71302.0,2011.9116084311615,1284.0
Three Graces Coffee,5.0,Philadelphia,Pennsylvania,Democrat,36.4,60698.0,1715.4754572988052,4517.0
Starbucks,3.5,Bala Cynwyd,Pennsylvania,Democrat,55.4,144453.0,,
Mr Wish - South Philly,4.0,Philadelphia,Pennsylvania,Democrat,36.4,60698.0,1715.4754572988052,4517.0
Starbucks,3.0,New Orleans,Louisiana,Democrat,43.3,55339.0,1635.4273395346563,892.0
Mojo Coffee House,4.0,New Orleans,Louisiana,Democrat,43.3,55339.0,1635.4273395346563,892.0
Stock Rittenhouse,3.5,Philadelphia,Pennsylvania,Democrat,36.4,60698.0,1715.4754572988052,4517.0
Starbucks,3.5,Town and Country,Missouri,Democrat,46.7,237083.0,,
Paris Baguette,4.0,Elkins Park,Pennsylvania,Democrat,55.4,129773.0,1571.5555555555557,
Good Moo'd Creamery,4.0,Philadelphia,Pennsylvania,Democrat,36.4,60698.0,1715.4754572988052,4517.0
Bean Tree Cafe,4.5,Waterloo,Illinois,Republican,,92005.0,,
Dunkin',2.0,Philadelphia,Pennsylvania,Democrat,36.4,60698.0,1715.4754572988052,4517.0
Aroma Joe's,4.5,Land O' Lakes,Florida,Republican,31.3,98648.0,,
McArthur's Bakery Cafe,3.5,Saint Louis,Missouri,Democrat,,55279.0,,
Anzie Blue,4.0,Nashville,Tennessee,Democrat,51.2,75197.0,1803.1395088912257,537.0
Wawa,3.5,Philadelphia,Pennsylvania,Democrat,36.4,60698.0,1715.4754572988052,4517.0
Brown Dog Cafe,5.0,Audubon,New Jersey,Democrat,38.8,116900.0,,
Gelato Dolceria,5.0,Haddonfield,New Jersey,Democrat,38.8,190882.0,1900.8333333333333,
Copenhagen Cafe,4.5,Tarpon Springs,Florida,Republican,38.5,68877.0,2048.196581196581,
Dunkin',2.0,Tampa,Florida,Republican,39.6,71302.0,2011.9116084311615,1284.0
Wawa,3.0,Pennsville,New Jersey,Republican,,75162.0,,
Picasso's Coffee House,4.5,Saint Charles,Missouri,Republican,,55279.0,,
Starbucks,4.5,Mt. Juliet,Tennessee,Republican,,75197.0,,
Starbucks,3.5,Oro Valley,Arizona,Democrat,37.9,105342.0,1923.6564327485376,
McDonald's,1.5,Metairie,Louisiana,Republican,31.2,73256.0,1645.3324786324786,
Rise and Grind Cafe,4.0,Perkasie,Pennsylvania,Republican,45.2,99474.0,,
Indie Coffee Roasters,4.5,Carmel,Indiana,Republican,62.7,134602.0,1827.6327732974908,
Toast,3.0,Philadelphia,Pennsylvania,Democrat,36.4,60698.0,1715.4754572988052,4517.0
Cafe Italiano,4.0,Tucson,Arizona,Democrat,37.9,54546.0,1468.4007810603507,904.0
Wawa,4.5,Philadelphia,Pennsylvania,Democrat,36.4,60698.0,1715.4754572988052,4517.0
Le Macaron French Pastries,3.5,Saint Petersburg,Florida,Republican,,71302.0,,
American Honey Creamery & Coffee,5.0,Bradenton,Florida,Republican,37.5,60964.0,1788.4556846396715,
Pret A Manger,4.0,Newark,Delaware,Democrat,38.7,71373.0,2153.965643274854,
Nordstrom Ebar Artisan Coffee,4.5,Santa Barbara,California,Democrat,38.6,101672.0,3646.9091098603294,
Aroma Club,4.5,Reno,Nevada,Democrat,37.3,78448.0,1895.051309846432,920.0
Wawa,4.5,Berlin,New Jersey,Democrat,38.8,101008.0,,
Todd's Frozen Yogurt,4.0,Metairie,Louisiana,Republican,31.2,73256.0,1645.3324786324786,
Victorian Grace,3.5,Brandon,Florida,Republican,39.6,77068.0,1944.9896640826876,
Sunshine Kitty Catfe,4.5,St. Petersburg,Florida,Republican,38.5,73118.0,,1632.0
Reclamation,4.5,Indianapolis,Indiana,Democrat,35.3,62995.0,1376.034945102525,913.0
Espresso Art Cafe,4.0,Tucson,Arizona,Democrat,37.9,54546.0,1468.4007810603507,904.0
Kaffe Crepe,5.0,Reno,Nevada,Democrat,37.3,78448.0,1895.051309846432,920.0
Coffee Studio,4.5,Boise,Idaho,Republican,46.3,76402.0,1769.288449703903,
Savannah Tea House,3.5,Nashville,Tennessee,Democrat,51.2,75197.0,1803.1395088912257,537.0
Caffe Bene,4.0,Philadelphia,Pennsylvania,Democrat,36.4,60698.0,1715.4754572988052,4517.0
McDonald's,1.5,Tampa,Florida,Republican,39.6,71302.0,2011.9116084311615,1284.0
"The Human Bean Boise, W. Chinden Blvd",4.0,Boise,Idaho,Republican,46.3,76402.0,1769.288449703903,
Starbucks,3.5,Indianapolis,Indiana,Democrat,35.3,62995.0,1376.034945102525,913.0
Kung Fu Tea,3.5,Philadelphia,Pennsylvania,Democrat,36.4,60698.0,1715.4754572988052,4517.0
Sunny Street Cafe,3.5,Arnold,Missouri,Republican,25.5,75194.0,1574.3055555555557,
Drip Cafe,4.0,Hockessin,Delaware,Democrat,38.7,172695.0,3090.0,
Au Bon Pain,2.5,Philadelphia,Pennsylvania,Democrat,36.4,60698.0,1715.4754572988052,4517.0
Palm Tree Gourmet,4.0,Philadelphia,Pennsylvania,Democrat,36.4,60698.0,1715.4754572988052,4517.0
Passero's Coffee Roasters,3.5,Philadelphia,Pennsylvania,Democrat,36.4,60698.0,1715.4754572988052,4517.0
Starbucks,4.0,Indianapolis,Indiana,Democrat,35.3,62995.0,1376.034945102525,913.0
McDonald's,2.5,Troy,Illinois,Republican,32.0,97825.0,,
The Dapper Doughnut,4.0,Nashville,Tennessee,Democrat,51.2,75197.0,1803.1395088912257,537.0
PJ's Coffee Ochsner Main Campus,2.0,New Orleans,Louisiana,Democrat,43.3,55339.0,1635.4273395346563,892.0
Victorian Savories Bakery,4.5,Voorhees Township,New Jersey,Democrat,,91000.0,1815.4166666666667,
McDonald's,2.0,Odessa,Florida,Republican,31.3,116870.0,2102.758441558442,
Café Du Monde,4.0,New Orleans,Louisiana,Democrat,43.3,55339.0,1635.4273395346563,892.0
The Well Coffeehouse,4.0,Nashville,Tennessee,Democrat,51.2,75197.0,1803.1395088912257,537.0
Brew HaHa!,3.5,Wilmington,Delaware,Democrat,38.7,55269.0,1756.0830026455026,
Lucy’s Place,5.0,Palm Harbor,Florida,Republican,38.5,75354.0,1901.0656790123455,
Wawa,3.0,Drexel Hill,Pennsylvania,Democrat,44.4,87993.0,1913.0555555555557,
Dorinda's Chocolates - Downtown Reno,4.5,Reno,Nevada,Democrat,37.3,78448.0,1895.051309846432,920.0
Wawa,4.5,Williamstown,New Jersey,Republican,37.6,87021.0,,
Starbucks,3.0,Wilmington,Delaware,Democrat,38.7,55269.0,1756.0830026455026,
Al-Waha,3.5,Nashville,Tennessee,Democrat,51.2,75197.0,1803.1395088912257,537.0
McDonald's,2.0,New Port Richey,Florida,Republican,31.3,46160.0,1753.8333333333333,
Starbucks,2.0,Santa Barbara,California,Democrat,38.6,101672.0,3646.9091098603294,
Gran Caffe L'Aquila,4.5,Philadelphia,Pennsylvania,Democrat,36.4,60698.0,1715.4754572988052,4517.0
Chez Faby,4.5,Tampa,Florida,Republican,39.6,71302.0,2011.9116084311615,1284.0
Starbucks,4.0,Tucson,Arizona,Democrat,37.9,54546.0,1468.4007810603507,904.0
Dutch Bros Coffee,4.0,Tucson,Arizona,Democrat,37.9,54546.0,1468.4007810603507,904.0
McDonald's,2.5,Tampa,Florida,Republican,39.6,71302.0,2011.9116084311615,1284.0
Dutch Bros Coffee,4.5,Tucson,Arizona,Democrat,37.9,54546.0,1468.4007810603507,904.0
Hennings Cake Boutique,4.0,Santa Barbara,California,Democrat,38.6,101672.0,3646.9091098603294,
Milk & Honey Coffeehouses,4.5,Wilmington,Delaware,Democrat,38.7,55269.0,1756.0830026455026,
Cosi,2.0,Philadelphia,Pennsylvania,Democrat,36.4,60698.0,1715.4754572988052,4517.0
Village Vibe Cafe,3.0,Nashville,Tennessee,Democrat,51.2,75197.0,1803.1395088912257,537.0
Starbucks,2.5,Newtown,Pennsylvania,Republican,45.2,146765.0,2431.944444444445,
Starbucks,3.5,Tucson,Arizona,Democrat,37.9,54546.0,1468.4007810603507,904.0
Dunkin',2.0,Ambler,Pennsylvania,Democrat,55.4,80795.0,2596.6666666666665,
Starbucks,2.5,Sparks,Nevada,Democrat,37.3,86979.0,1964.762212770985,
Starbucks,3.5,Stowe,Pennsylvania,Democrat,,79875.0,,
Constellation Collective,4.5,Collingswood,New Jersey,Democrat,38.8,83917.0,1593.4864417989418,
The Protagonist Cafe,5.0,St. Louis,Missouri,Democrat,46.7,55279.0,,1943.0
McDonald's,1.5,Reno,Nevada,Democrat,37.3,78448.0,1895.051309846432,920.0
"Cousin’s Deli, Grill & Catering",5.0,Audubon,New Jersey,Democrat,38.8,116900.0,,
Sip Cafe,4.5,Nashville,Tennessee,Democrat,51.2,75197.0,1803.1395088912257,537.0
Hi Tea Bar,4.5,Newtown,Pennsylvania,Republican,45.2,146765.0,2431.944444444445,
9th Street Coffee & Tea,4.5,Philadelphia,Pennsylvania,Democrat,36.4,60698.0,1715.4754572988052,4517.0
McDonald's,1.0,Camden,New Jersey,Democrat,38.8,40450.0,1751.447619047619,
Caffeination,3.0,Philadelphia,Pennsylvania,Democrat,36.4,60698.0,1715.4754572988052,4517.0
Scott & Co,4.5,Tucson,Arizona,Democrat,37.9,54546.0,1468.4007810603507,904.0
Starbucks,3.5,"Mt Laurel Twp, NJ",New Jersey,Democrat,,91000.0,,
Sphinx Café,3.0,Philadelphia,Pennsylvania,Democrat,36.4,60698.0,1715.4754572988052,4517.0
7-Eleven,4.0,Reno,Nevada,Democrat,37.3,78448.0,1895.051309846432,920.0
Dunkin',2.0,Brownsburg,Indiana,Republican,37.1,105435.0,1939.3527777777776,
Caffe Maida,3.5,Ambler,Pennsylvania,Democrat,55.4,80795.0,2596.6666666666665,
PJ's Coffee,3.0,New Orleans,Louisiana,Democrat,43.3,55339.0,1635.4273395346563,892.0
Caffe Chicco,4.5,Philadelphia,Pennsylvania,Democrat,36.4,60698.0,1715.4754572988052,4517.0
Ice Milk Company,3.5,Goleta,California,Democrat,38.6,118039.0,3642.484920634921,
Philter,4.5,Kennett Square,Pennsylvania,Democrat,58.0,74259.0,2455.2000000000003,
Wawa,2.5,Hamilton,New Jersey,Democrat,,91000.0,,
McDonald's,1.5,Concordville,Pennsylvania,Democrat,,60698.0,,
The Original Brooklyn Water Bagel Co.,3.0,Tampa,Florida,Republican,39.6,71302.0,2011.9116084311615,1284.0
Cafe Cabana,4.5,Lansdale,Pennsylvania,Democrat,55.4,86460.0,1966.2497212931996,
7-Eleven,3.0,Philadelphia,Pennsylvania,Democrat,36.4,60698.0,1715.4754572988052,4517.0
Little Vic's,4.0,New Orleans,Louisiana,Democrat,43.3,55339.0,1635.4273395346563,892.0
Ybor Beverage Company,5.0,Tampa,Florida,Republican,39.6,71302.0,2011.9116084311615,1284.0
7-Eleven,3.5,Philadelphia,Pennsylvania,Democrat,36.4,60698.0,1715.4754572988052,4517.0
Dunkin',2.0,Philadelphia,Pennsylvania,Democrat,36.4,60698.0,1715.4754572988052,4517.0
Bytes,3.0,Reno,Nevada,Democrat,37.3,78448.0,1895.051309846432,920.0
Tahoe Roasting Company,4.5,Reno,Nevada,Democrat,37.3,78448.0,1895.051309846432,920.0
Otto's,4.5,Nashville,Tennessee,Democrat,51.2,75197.0,1803.1395088912257,537.0
Bagel Cafe,3.5,Norristown,Pennsylvania,Democrat,55.4,65058.0,1698.5733057280884,
Caliber Coffee,4.5,Nashville,Tennessee,Democrat,51.2,75197.0,1803.1395088912257,537.0
Dunkin',2.0,Plainfield,Indiana,Republican,37.1,85074.0,1703.8148148148148,
Two Eagles Cafe,4.5,Philadelphia,Pennsylvania,Democrat,36.4,60698.0,1715.4754572988052,4517.0
Fiore Fine Foods,4.5,Philadelphia,Pennsylvania,Democrat,36.4,60698.0,1715.4754572988052,4517.0
McDonald's,2.0,St. Petersburg,Florida,Republican,38.5,73118.0,,1632.0
McDonald's,2.5,Pennsauken,New Jersey,Democrat,38.8,91000.0,2524.0,
Santa Barbara Roasting Company,4.0,Santa Barbara,California,Democrat,38.6,101672.0,3646.9091098603294,
McDonald's,2.5,University City,Missouri,Democrat,46.7,76466.0,1582.4187134502924,
Dunkin',2.5,Clearwater,Florida,Republican,38.5,64440.0,1956.247155052128,1727.0
Jack's Coffee Shop #2,3.5,Reno,Nevada,Democrat,37.3,78448.0,1895.051309846432,920.0
Dunkin,1.5,Reno,Nevada,Democrat,37.3,78448.0,1895.051309846432,920.0
Corner Bakery Cafe,4.0,Tucson,Arizona,Democrat,37.9,54546.0,1468.4007810603507,904.0
Our House Cafe,4.0,Columbia,Illinois,Republican,,107922.0,,
A La Mousse,4.5,Philadelphia,Pennsylvania,Democrat,36.4,60698.0,1715.4754572988052,4517.0
Speedway,2.5,Indianapolis,Indiana,Democrat,35.3,62995.0,1376.034945102525,913.0
7-Eleven,1.5,Wesley Chapel,Florida,Republican,31.3,107004.0,2225.93855222764,
The Local Fresh Grill,4.5,Port Richey,Florida,Republican,31.3,45435.0,1721.7101449275362,
Conshohocken Cafe,3.5,Conshohocken,Pennsylvania,Democrat,55.4,117330.0,2378.5670794633643,
Dunkin',4.0,Philadelphia,Pennsylvania,Democrat,36.4,60698.0,1715.4754572988052,4517.0
Starbucks,4.0,Clayton,Missouri,Democrat,46.7,128898.0,1712.9682539682535,
American Eat Company,4.0,Tucson,Arizona,Democrat,37.9,54546.0,1468.4007810603507,904.0
Spoon Baking Company,4.5,Alton,Illinois,Republican,32.0,53005.0,904.2222222222222,
Tim Hortons,3.5,Indianapolis,Indiana,Democrat,35.3,62995.0,1376.034945102525,913.0
Starbucks,4.0,Tucson,Arizona,Democrat,37.9,54546.0,1468.4007810603507,904.0
Western Collective,4.0,Garden City,Idaho,Republican,46.3,66859.0,1762.2539682539682,
Dunkin' Donuts,3.5,Cherry Hill,New Jersey,Democrat,38.8,91000.0,2419.9864433811804,
Manhattan Bagel,3.0,Philadelphia,Pennsylvania,Democrat,36.4,60698.0,1715.4754572988052,4517.0
Hub Coffee Roasters,4.5,Reno,Nevada,Democrat,37.3,78448.0,1895.051309846432,920.0
Black Crow Coffee Grand Central,4.5,Saint Petersburg,Florida,Republican,,71302.0,,
Covered Bridge,3.5,Dunedin,Florida,Republican,38.5,68068.0,2087.5775446775447,
Bright Ice,5.0,Pinellas Park,Florida,Republican,38.5,62043.0,2039.4087024087028,
Di Bruno Bros.,4.0,Philadelphia,Pennsylvania,Democrat,36.4,60698.0,1715.4754572988052,4517.0
7-Eleven,2.0,Reno,Nevada,Democrat,37.3,78448.0,1895.051309846432,920.0
Dutch Bros Coffee,4.0,Eagle,Idaho,Republican,46.3,118037.0,1985.2402777777777,
Bella Café,3.5,Marrero,Louisiana,Republican,31.2,45633.0,1651.5873015873017,
Ironwood Bar & Grill,3.5,Boise,Idaho,Republican,46.3,76402.0,1769.288449703903,
The Well Coffeehouse,4.5,Nashville,Tennessee,Democrat,51.2,75197.0,1803.1395088912257,537.0
McDonald's,2.0,Hatboro,Pennsylvania,Democrat,55.4,108927.0,2555.833333333333,
Dunkin',2.5,Clearwater,Florida,Republican,38.5,64440.0,1956.247155052128,1727.0
McDonald's,1.5,Zionsville,Indiana,Republican,53.1,159126.0,1692.1625,
O-Sunnyside Breakfast,4.0,Philadelphia,Pennsylvania,Democrat,36.4,60698.0,1715.4754572988052,4517.0
The Coffee Mill,4.5,Largo,Florida,Republican,38.5,60465.0,1787.582052090859,
The CoffeeHouse,4.5,O Fallon,Illinois,Democrat,,77960.0,1561.4867724867725,
St. Louis Bread,3.0,St. Louis,Missouri,Democrat,46.7,55279.0,,1943.0
Starbucks,2.0,Tucson,Arizona,Democrat,37.9,54546.0,1468.4007810603507,904.0
Coffee & Cream,3.5,Doylestown,Pennsylvania,Republican,,93672.0,2597.1666666666665,
P S & Co,4.0,Philadelphia,Pennsylvania,Democrat,36.4,60698.0,1715.4754572988052,4517.0
McDonald's,2.5,Doylestown,Pennsylvania,Republican,,93672.0,2597.1666666666665,
Another Broken Egg Cafe,4.5,Fishers,Indiana,Republican,62.7,128141.0,1951.650886475448,
Wawa,3.0,Paulsboro,New Jersey,Republican,37.6,68750.0,,
Toto's Gelateria Caffe,4.5,Ambler,Pennsylvania,Democrat,55.4,80795.0,2596.6666666666665,
Starbucks,3.5,Fairview Heights,Illinois,Democrat,34.2,77960.0,892.5,
Kwizera Coffee,4.0,Nashville,Tennessee,Democrat,51.2,75197.0,1803.1395088912257,537.0
Bearcat CBD,4.5,New Orleans,Louisiana,Democrat,43.3,55339.0,1635.4273395346563,892.0
Davidson's Organic Teas,4.0,Sparks,Nevada,Democrat,37.3,86979.0,1964.762212770985,
Backatown Coffee Parlour,4.5,New Orleans,Louisiana,Democrat,43.3,55339.0,1635.4273395346563,892.0
McDonald's,2.0,Tucson,Arizona,Democrat,37.9,54546.0,1468.4007810603507,904.0
McDonald's,2.0,Tampa,Florida,Republican,39.6,71302.0,2011.9116084311615,1284.0
Kung Fu Tea,3.5,University City,Missouri,Democrat,46.7,76466.0,1582.4187134502924,
Starbucks,3.0,Philadelphia,Pennsylvania,Democrat,36.4,60698.0,1715.4754572988052,4517.0
Express Cafe,4.0,Dunedin,Florida,Republican,38.5,68068.0,2087.5775446775447,
Cha Yoon Sushi & Tea Bar,4.0,Saint Louis,Missouri,Democrat,,55279.0,,
McDonald's,1.5,Indianapolis,Indiana,Democrat,35.3,62995.0,1376.034945102525,913.0
Qachbal's Chocolatier,4.0,Tampa,Florida,Republican,39.6,71302.0,2011.9116084311615,1284.0
PJ's Coffee,3.0,Belle Chase,Louisiana,Republican,,55339.0,,
Merchant,4.0,New Orleans,Louisiana,Democrat,43.3,55339.0,1635.4273395346563,892.0
Shane Confectionery,4.5,Philadelphia,Pennsylvania,Democrat,36.4,60698.0,1715.4754572988052,4517.0
Status Dough,4.5,Nashville,Tennessee,Democrat,51.2,75197.0,1803.1395088912257,537.0
Local Mini Donut Co,4.5,Tampa,Florida,Republican,39.6,71302.0,2011.9116084311615,1284.0
Herman's Coffee,4.5,Philadelphia,Pennsylvania,Democrat,36.4,60698.0,1715.4754572988052,4517.0
Caffe Luce,4.5,Tucson,Arizona,Democrat,37.9,54546.0,1468.4007810603507,904.0
Starbucks,3.0,Reno,Nevada,Democrat,37.3,78448.0,1895.051309846432,920.0
Dunkin',1.5,Philadelphia,Pennsylvania,Democrat,36.4,60698.0,1715.4754572988052,4517.0
Cafe Mocha,3.0,Philadelphia,Pennsylvania,Democrat,36.4,60698.0,1715.4754572988052,4517.0
Brew Haha,4.0,Wilmington,Delaware,Democrat,38.7,55269.0,1756.0830026455026,
Loon Fongs Nam Viet - Machi Coffee and Tea,3.5,Pinellas Park,Florida,Republican,38.5,62043.0,2039.4087024087028,
Cafe Express,4.0,Philadelphia,Pennsylvania,Democrat,36.4,60698.0,1715.4754572988052,4517.0
Wawa,2.0,Folsom,Pennsylvania,Democrat,44.4,100544.0,,
Bibo Coffee Co,4.0,Reno,Nevada,Democrat,37.3,78448.0,1895.051309846432,920.0
Starbucks,2.5,CLEARWATER BEACH,Florida,Republican,,71302.0,,
McDonald's,1.5,New Hope,Pennsylvania,Republican,45.2,158929.0,,
Pistacchio,4.5,Tucson,Arizona,Democrat,37.9,54546.0,1468.4007810603507,904.0
Rose Petals Cafe,4.0,Philadelphia,Pennsylvania,Democrat,36.4,60698.0,1715.4754572988052,4517.0
Dutch Bros Coffee,4.0,Tucson,Arizona,Democrat,37.9,54546.0,1468.4007810603507,904.0
HubBub Coffee,4.5,Philadelphia,Pennsylvania,Democrat,36.4,60698.0,1715.4754572988052,4517.0
Osa Coffee Roasters,4.5,Nashville,Tennessee,Democrat,51.2,75197.0,1803.1395088912257,537.0
Dunkin',2.5,New Castle,Delaware,Democrat,38.7,92565.0,1786.4166666666667,
Dunkin',2.0,Trenton,New Jersey,Democrat,47.3,47102.0,2197.5047619047623,
GET Cafe,5.0,Narberth,Pennsylvania,Democrat,55.4,119863.0,,
The Terminal Restaurant,4.0,Willow Grove,Pennsylvania,Democrat,55.4,98402.0,2074.1666666666665,
PJ's Coffee,3.5,New Orleans,Louisiana,Democrat,43.3,55339.0,1635.4273395346563,892.0
McDonald's,2.0,Philadelphia,Pennsylvania,Democrat,36.4,60698.0,1715.4754572988052,4517.0
The Spice & Tea Exchange,4.5,New Orleans,Louisiana,Democrat,43.3,55339.0,1635.4273395346563,892.0
Rise Coffee House,4.5,St. Louis,Missouri,Democrat,46.7,55279.0,,1943.0
Saxbys 11th and Locust,3.5,Philadelphia,Pennsylvania,Democrat,36.4,60698.0,1715.4754572988052,4517.0
7-Eleven,2.0,Philadelphia,Pennsylvania,Democrat,36.4,60698.0,1715.4754572988052,4517.0
Dunkin',2.5,Lithia,Florida,Republican,,71302.0,2419.722222222222,
McDonald's,2.0,Indianapolis,Indiana,Democrat,35.3,62995.0,1376.034945102525,913.0
Cafe Bohemia,3.5,Saint Petersburg,Florida,Republican,,71302.0,,
Dunkin',2.0,Tampa,Florida,Republican,39.6,71302.0,2011.9116084311615,1284.0
The Café at Thistle Farms,5.0,Nashville,Tennessee,Democrat,51.2,75197.0,1803.1395088912257,537.0
Starbucks,3.5,Indianapolis,Indiana,Democrat,35.3,62995.0,1376.034945102525,913.0
Greenberry's Coffee - Tulane Medical Center,3.0,New Orleans,Louisiana,Democrat,43.3,55339.0,1635.4273395346563,892.0
Wawa,4.0,Glen Mills,Pennsylvania,Democrat,,60698.0,2600.2222222222226,
Baba Olga's Cafe & Supper Club,4.5,Philadelphia,Pennsylvania,Democrat,36.4,60698.0,1715.4754572988052,4517.0
Percolate Irvington,5.0,Indianapolis,Indiana,Democrat,35.3,62995.0,1376.034945102525,913.0
McDonald's,2.0,Turnersville,New Jersey,Republican,37.6,156176.0,,
McDonald's,1.5,Downingtown,Pennsylvania,Democrat,58.0,82292.0,2333.066666666667,
Burlap And Bean Coffee,4.0,Newtown Square,Pennsylvania,Democrat,,60698.0,3116.611111111111,
Federal Donuts,4.5,Philadelphia,Pennsylvania,Democrat,36.4,60698.0,1715.4754572988052,4517.0
Nosh,2.0,Tampa,Florida,Republican,39.6,71302.0,2011.9116084311615,1284.0
Big Jar,4.0,Philadelphia,Pennsylvania,Democrat,36.4,60698.0,1715.4754572988052,4517.0
McDonald's,1.5,Paulsboro,New Jersey,Republican,37.6,68750.0,,
Tea Witch Cafe,5.0,New Orleans,Louisiana,Democrat,43.3,55339.0,1635.4273395346563,892.0
Espresso Yourself Coffee Shop,5.0,Tampa,Florida,Republican,39.6,71302.0,2011.9116084311615,1284.0
Paciugo Gelato & Caffe,4.5,St. Petersburg,Florida,Republican,38.5,73118.0,,1632.0
PharmFree Life CBD Dispensary + Coffee & Tea Bar,4.5,INDIANAPOLIS,Indiana,Democrat,35.3,62995.0,1376.034945102525,
Quills Coffee,4.5,Indianapolis,Indiana,Democrat,35.3,62995.0,1376.034945102525,913.0
Scooter's Coffee,5.0,Edwardsville,Illinois,Republican,32.0,92671.0,1571.0952380952378,
McDonald's,2.0,Nashville,Tennessee,Democrat,51.2,75197.0,1803.1395088912257,537.0
New York Bagel Bakery,4.5,Philadelphia,Pennsylvania,Democrat,36.4,60698.0,1715.4754572988052,4517.0
Guanabo Coffee Shop,4.0,Tampa,Florida,Republican,39.6,71302.0,2011.9116084311615,1284.0
Starbucks,3.5,Hendersonville,Tennessee,Republican,35.1,91503.0,1604.2083028083027,
District Donuts Sliders Brew,4.0,Jefferson,Louisiana,Republican,31.2,56875.0,1506.25,
Green Line Cafe,3.5,Philadelphia,Pennsylvania,Democrat,36.4,60698.0,1715.4754572988052,4517.0
Dunkin',2.5,Glen Mills,Pennsylvania,Democrat,,60698.0,2600.2222222222226,
McDonald's,1.5,Cahokia,Illinois,Democrat,,77960.0,1427.5,
Dutch Bros Coffee,4.0,Boise,Idaho,Republican,46.3,76402.0,1769.288449703903,
McDonald's,2.0,Largo,Florida,Republican,38.5,60465.0,1787.582052090859,
Xilo Mexican,4.0,Tampa,Florida,Republican,39.6,71302.0,2011.9116084311615,1284.0
Starbucks,3.5,Philadelphia,Pennsylvania,Democrat,36.4,60698.0,1715.4754572988052,4517.0
Dunkin' Donuts,4.0,Philadelphia,Pennsylvania,Democrat,36.4,60698.0,1715.4754572988052,4517.0
Sip Salon,2.5,Saint Louis,Missouri,Democrat,,55279.0,,
Dunkin',2.0,Gibsonton,Florida,Republican,39.6,74049.0,2347.35,
Dunkin',2.0,Norristown,Pennsylvania,Democrat,55.4,65058.0,1698.5733057280884,
Wawa,3.5,Lindenwold,New Jersey,Democrat,38.8,55099.0,,
McDonald's,2.5,Tampa,Florida,Republican,39.6,71302.0,2011.9116084311615,1284.0
Dutch Bros Coffee,4.0,Meridian,Idaho,Republican,46.3,98686.0,2015.2290262803235,
Dunkin',3.0,Philadelphia,Pennsylvania,Democrat,36.4,60698.0,1715.4754572988052,4517.0
Cali - South Tampa,4.5,Tampa,Florida,Republican,39.6,71302.0,2011.9116084311615,1284.0
Starbucks,3.0,Largo,Florida,Republican,38.5,60465.0,1787.582052090859,
Wawa,2.5,Holland,Pennsylvania,Republican,,60698.0,,
Starbucks,1.5,St. Louis,Missouri,Democrat,46.7,55279.0,,1943.0
Arabica's Cafe,4.0,Terrytown,Louisiana,Republican,31.2,56944.0,,
Wawa,3.0,Conshohocken,Pennsylvania,Democrat,55.4,117330.0,2378.5670794633643,
Roadrunner Coffee,4.0,Tucson,Arizona,Democrat,37.9,54546.0,1468.4007810603507,904.0
Dunkin',2.5,Chalfont,Pennsylvania,Republican,45.2,131944.0,2450.0,
Golden Feather Mardi Gras Indian Restaurant Gallery,5.0,New Orleans,Louisiana,Democrat,43.3,55339.0,1635.4273395346563,892.0
The Campus Grind,4.0,St. Petersburg,Florida,Republican,38.5,73118.0,,1632.0
Mugs Coffee Hut,4.0,Ashland City,Tennessee,Republican,,73921.0,1627.0,
FiddleCakes,3.5,Nashville,Tennessee,Democrat,51.2,75197.0,1803.1395088912257,537.0
Sab Sushi,5.0,St. Petersburg,Florida,Republican,38.5,73118.0,,1632.0
SoBro Cafe,4.0,Indianapolis,Indiana,Democrat,35.3,62995.0,1376.034945102525,913.0
Craft Fry Wing,4.5,Tampa,Florida,Republican,39.6,71302.0,2011.9116084311615,1284.0
Just Breakfast on Silverbell,3.5,Tucson,Arizona,Democrat,37.9,54546.0,1468.4007810603507,904.0
Ziko Hookah Lounge,4.5,Tampa Bay,Florida,Republican,,71302.0,,
Salon by Sucré,4.0,New Orleans,Louisiana,Democrat,43.3,55339.0,1635.4273395346563,892.0
Speedway,3.0,Indianapolis,Indiana,Democrat,35.3,62995.0,1376.034945102525,913.0
The Clover & the Bee,4.0,Webster Groves,Missouri,Democrat,46.7,110716.0,1882.222222222222,
McDonald's,1.5,Marrero,Louisiana,Republican,31.2,45633.0,1651.5873015873017,
McDonald's,1.5,Philadelphia,Pennsylvania,Democrat,36.4,60698.0,1715.4754572988052,4517.0
Dutch Bros Coffee,4.5,Reno,Nevada,Democrat,37.3,78448.0,1895.051309846432,920.0
Biggest Little Boba Shop,3.5,Reno,Nevada,Democrat,37.3,78448.0,1895.051309846432,920.0
Parlor Public House,4.5,Indianapolis,Indiana,Democrat,35.3,62995.0,1376.034945102525,913.0
Starbucks,3.5,Lutz,Florida,Republican,39.6,114516.0,2055.789287749288,
OCF Coffee House,3.5,Philadelphia,Pennsylvania,Democrat,36.4,60698.0,1715.4754572988052,4517.0
Urban Eats Cafe Central,4.5,Saint Louis,Missouri,Democrat,,55279.0,,
Cafe' Anglais,3.5,New Orleans,Louisiana,Democrat,43.3,55339.0,1635.4273395346563,892.0
Espresso! Coffee Bar,4.5,Wilmington,Delaware,Democrat,38.7,55269.0,1756.0830026455026,
WeVegan Cafe,4.5,Tampa,Florida,Republican,39.6,71302.0,2011.9116084311615,1284.0
Foundation Coffee,3.0,Tampa,Florida,Republican,39.6,71302.0,2011.9116084311615,1284.0
Wawa,3.5,Bordentown,New Jersey,Democrat,,91208.0,,
La Cocina del Cafe,5.0,Philadelphia,Pennsylvania,Democrat,36.4,60698.0,1715.4754572988052,4517.0
The Fix,4.0,Boise,Idaho,Republican,46.3,76402.0,1769.288449703903,
Starbucks,3.0,Tampa,Florida,Republican,39.6,71302.0,2011.9116084311615,1284.0
Wawa,2.5,King Of Prussia,Pennsylvania,Democrat,55.4,86149.0,2166.7329901329904,
MiMi Seafood and Bánh Mì,4.5,Gretna,Louisiana,Republican,31.2,46045.0,1570.4761904761906,
Five To Oh! Coffee,4.5,Tucson,Arizona,Democrat,37.9,54546.0,1468.4007810603507,904.0
Wawa,3.0,Collingdale,Pennsylvania,Democrat,44.4,49578.0,1162.5,
McDonald's,1.5,Hendersonville,Tennessee,Republican,35.1,91503.0,1604.2083028083027,
Starbucks,3.5,Tampa,Florida,Republican,39.6,71302.0,2011.9116084311615,1284.0
Saxbys 1800,3.5,Philadelphia,Pennsylvania,Democrat,36.4,60698.0,1715.4754572988052,4517.0
Angelo Brocato,4.5,New Orleans,Louisiana,Democrat,43.3,55339.0,1635.4273395346563,892.0
Chhaya Cafe,4.0,Philadelphia,Pennsylvania,Democrat,36.4,60698.0,1715.4754572988052,4517.0
Sure Shot Coffee,4.0,Fishers,Indiana,Republican,62.7,128141.0,1951.650886475448,
Bruno's,3.0,Philadelphia,Pennsylvania,Democrat,36.4,60698.0,1715.4754572988052,4517.0
Arrow Cafe,4.5,New Orleans,Louisiana,Democrat,43.3,55339.0,1635.4273395346563,892.0
White Horse Coffee & Creamery,4.5,Jenkintown,Pennsylvania,Democrat,55.4,114306.0,1958.388888888889,
Fair Grinds,4.0,New Orleans,Louisiana,Democrat,43.3,55339.0,1635.4273395346563,892.0
Alba Coffee,5.0,Tampa,Florida,Republican,39.6,71302.0,2011.9116084311615,1284.0
The Donut Experiment - Indian Shores,4.0,Indian Shores,Florida,Republican,38.5,102250.0,,
Donut Bistro,4.0,Sparks,Nevada,Democrat,37.3,86979.0,1964.762212770985,
Ranoush Nights,3.5,Saint Louis,Missouri,Democrat,,55279.0,,
Grooveground,4.0,Collingswood,New Jersey,Democrat,38.8,83917.0,1593.4864417989418,
Ethio Coffee House,5.0,Nashville,Tennessee,Democrat,51.2,75197.0,1803.1395088912257,537.0
Kung Fu Tea,4.5,Doylestown,Pennsylvania,Republican,,93672.0,2597.1666666666665,
Dunkin',2.5,Philadelphia,Pennsylvania,Democrat,36.4,60698.0,1715.4754572988052,4517.0
Starbucks,2.5,Indianapolis,Indiana,Democrat,35.3,62995.0,1376.034945102525,913.0
Dunkin',1.5,Upper Darby,Pennsylvania,Democrat,,60698.0,1262.75,
Java Bay Cafe,4.5,Tampa,Florida,Republican,39.6,71302.0,2011.9116084311615,1284.0
Cassis Bakery,4.5,Saint Petersburg,Florida,Republican,,71302.0,,
Win Win,4.5,Philadelphia,Pennsylvania,Democrat,36.4,60698.0,1715.4754572988052,4517.0
Starbucks,3.5,Indianapolis,Indiana,Democrat,35.3,62995.0,1376.034945102525,913.0
Bear Rock Cafe,3.5,King of Prussia,Pennsylvania,Democrat,55.4,86149.0,2166.7329901329904,
Starbucks,2.5,Metairie,Louisiana,Republican,31.2,73256.0,1645.3324786324786,
H F Hornberger's Bakery,3.5,Bensalem,Pennsylvania,Republican,,60698.0,1804.6603174603176,
City Coffee & Crêperie,4.0,Saint Louis,Missouri,Democrat,,55279.0,,
Saigon Deli,4.5,Tampa,Florida,Republican,39.6,71302.0,2011.9116084311615,1284.0
Record Street Cafe,4.5,Reno,Nevada,Democrat,37.3,78448.0,1895.051309846432,920.0
McDonald's,2.5,Trenton,New Jersey,Democrat,47.3,47102.0,2197.5047619047623,
McDonald's,1.5,Arnold,Missouri,Republican,25.5,75194.0,1574.3055555555557,
Midtown Boba,4.5,Tampa,Florida,Republican,39.6,71302.0,2011.9116084311615,1284.0
Starbucks - Olivette,3.5,Olivette,Missouri,Democrat,46.7,105898.0,1807.555555555556,
Iris Cafe,3.0,Nashville,Tennessee,Democrat,51.2,75197.0,1803.1395088912257,537.0
Circle K,4.5,Tucson,Arizona,Democrat,37.9,54546.0,1468.4007810603507,904.0
McDonald's,2.5,Brownsburg,Indiana,Republican,37.1,105435.0,1939.3527777777776,
Dunkin',1.5,Williamstown,New Jersey,Republican,37.6,87021.0,,
Dunkin',1.5,New Port Richey,Florida,Republican,31.3,46160.0,1753.8333333333333,
Coffeehead,4.5,Lansdale,Pennsylvania,Democrat,55.4,86460.0,1966.2497212931996,
Coast Roast Coffee,4.5,New Orleans,Louisiana,Democrat,43.3,55339.0,1635.4273395346563,892.0
Chap's Chicken,4.5,Metairie,Louisiana,Republican,31.2,73256.0,1645.3324786324786,
Dunkin',2.0,Evesham,New Jersey,Democrat,,91000.0,,
The Coffee Bean & Tea Leaf,3.5,Carpinteria,California,Democrat,38.6,104233.0,4234.166666666667,
Starbucks,2.5,Reno,Nevada,Democrat,37.3,78448.0,1895.051309846432,920.0
The Dixie Drip,5.0,Nashville,Tennessee,Democrat,51.2,75197.0,1803.1395088912257,537.0
Ike's Coffee and Tea,3.5,Tucson,Arizona,Democrat,37.9,54546.0,1468.4007810603507,904.0
Dunkin',1.5,Philadelphia,Pennsylvania,Democrat,36.4,60698.0,1715.4754572988052,4517.0
Cafe Passe,4.0,Tucson,Arizona,Democrat,37.9,54546.0,1468.4007810603507,904.0
Coffee N’ Comics,5.0,Reno,Nevada,Democrat,37.3,78448.0,1895.051309846432,920.0
Tootsies Sugar Shop,4.5,Treasure Island,Florida,Republican,38.5,82340.0,2646.6666666666665,
Dunkin',4.0,Penndel,Pennsylvania,Republican,45.2,75000.0,,
Maple Street Biscuit Company - Brentwood,4.5,Brentwood,Tennessee,Republican,65.8,184720.0,2257.203703703704,
Starbucks,3.0,Reno,Nevada,Democrat,37.3,78448.0,1895.051309846432,920.0
Black Rock Coffee Bar,4.0,Meridian,Idaho,Republican,46.3,98686.0,2015.2290262803235,
Waterset Landing Café,4.0,Apollo Beach,Florida,Republican,39.6,113130.0,2339.319035947712,
Bubble Tea Station Cafe,4.0,Reno,Nevada,Democrat,37.3,78448.0,1895.051309846432,920.0
GI Juice and Java,5.0,Buckingham,Pennsylvania,Republican,,60698.0,,
Meta Cafe,5.0,Lambertville,New Jersey,Republican,57.7,106236.0,2700.0,
Starbucks,3.0,Valrico,Florida,Republican,39.6,98451.0,2396.349170437405,
7-Eleven,2.5,St Petersburg,Florida,Republican,,71302.0,2063.6960586694618,
Wawa,2.5,Fort Washington,Pennsylvania,Democrat,55.4,159302.0,,
Wawa,3.0,Warminster,Pennsylvania,Republican,,60698.0,,
Dunkin',1.5,Jenkintown,Pennsylvania,Democrat,55.4,114306.0,1958.388888888889,
Wawa,4.0,Zieglerville,Pennsylvania,Democrat,,60698.0,,
BAMBU,4.0,Philadelphia,Pennsylvania,Democrat,36.4,60698.0,1715.4754572988052,4517.0
Aneu Kitchen and Juciery,3.5,Bryn Mawr,Pennsylvania,Democrat,55.4,87218.0,2184.9999999999995,
Koupa Espresso Bar,5.0,Haddon Township,New Jersey,Democrat,,91000.0,2853.0,
iCreate Cafe,4.5,Pottstown,Pennsylvania,Democrat,55.4,56174.0,1755.439393939394,
7-Eleven,2.0,Holiday,Florida,Republican,31.3,43996.0,1689.6786324786324,
Cafe Treme,4.5,New Orleans,Louisiana,Democrat,43.3,55339.0,1635.4273395346563,892.0
Starbucks,2.5,Boise,Idaho,Republican,46.3,76402.0,1769.288449703903,
7-Eleven,3.0,Westmont,New Jersey,Democrat,38.8,111589.0,,
Verona Coffee Company,4.5,Collinsville,Illinois,Republican,32.0,65170.0,1033.2380952380952,
Kaffeina Coffee,5.0,New Port Richey,Florida,Republican,31.3,46160.0,1753.8333333333333,
Dunkin',2.5,Wilmington,Delaware,Democrat,38.7,55269.0,1756.0830026455026,
Rosa Blanca Cafe,3.5,Philadelphia,Pennsylvania,Democrat,36.4,60698.0,1715.4754572988052,4517.0
Georgian Bread Cuisine,4.5,Philadelphia,Pennsylvania,Democrat,36.4,60698.0,1715.4754572988052,4517.0
Panera Bread,2.5,Plainfield,Indiana,Republican,37.1,85074.0,1703.8148148148148,
Dejepe Bakery,4.5,New Orleans,Louisiana,Democrat,43.3,55339.0,1635.4273395346563,892.0
Cloud Coffee,4.0,Philadelphia,Pennsylvania,Democrat,36.4,60698.0,1715.4754572988052,4517.0
Mushrooms Cafe,4.0,Chadds Ford,Pennsylvania,Democrat,58.0,169250.0,,
Coffee House,4.0,Philadelphia,Pennsylvania,Democrat,36.4,60698.0,1715.4754572988052,4517.0
McDonald's,1.0,St. Louis,Missouri,Democrat,46.7,55279.0,,1943.0
Last Drop,3.0,Philadelphia,Pennsylvania,Democrat,36.4,60698.0,1715.4754572988052,4517.0
Golosa,4.0,Philadelphia,Pennsylvania,Democrat,36.4,60698.0,1715.4754572988052,4517.0
Dunkin',1.5,Philadelphia,Pennsylvania,Democrat,36.4,60698.0,1715.4754572988052,4517.0
Kahwa Coffee Roasting,4.0,Tampa,Florida,Republican,39.6,71302.0,2011.9116084311615,1284.0
Savaya Coffee Market - La Encantada,4.0,Tucson,Arizona,Democrat,37.9,54546.0,1468.4007810603507,904.0
Starbucks,2.5,St. Louis,Missouri,Democrat,46.7,55279.0,,1943.0
Starbucks,3.5,Philadelphia,Pennsylvania,Democrat,36.4,60698.0,1715.4754572988052,4517.0
The Map Room,4.5,Saint Louis,Missouri,Democrat,,55279.0,,
cabbage vegetarian cafe,5.0,Skippack,Pennsylvania,Democrat,,143611.0,,
Starbucks,3.5,Philadelphia,Pennsylvania,Democrat,36.4,60698.0,1715.4754572988052,4517.0
ZolliKoffee,4.5,Nashville,Tennessee,Democrat,51.2,75197.0,1803.1395088912257,537.0
The Coffee House,4.5,Arabi,Louisiana,Republican,,52500.0,,
Yogulatte,4.0,Indianapolis,Indiana,Democrat,35.3,62995.0,1376.034945102525,913.0
St. Louis Bread,2.5,St. Louis,Missouri,Democrat,46.7,55279.0,,1943.0
Good Karma Cafe,4.0,Philadelphia,Pennsylvania,Democrat,36.4,60698.0,1715.4754572988052,4517.0
Mariposa,4.5,Blvd,Missouri,Democrat,,55279.0,,
Circle K,2.0,Tucson,Arizona,Democrat,37.9,54546.0,1468.4007810603507,904.0
Caffe' Avanti,3.5,Edwardsville,Illinois,Republican,32.0,92671.0,1571.0952380952378,
MeWow Cat Cafe,4.0,Doylestown,Pennsylvania,Republican,,93672.0,2597.1666666666665,
Starbucks,4.0,Tucson,Arizona,Democrat,37.9,54546.0,1468.4007810603507,904.0
Cafe Bravo,3.5,Philadelphia,Pennsylvania,Democrat,36.4,60698.0,1715.4754572988052,4517.0
Century Cafe,4.5,Indianapolis,Indiana,Democrat,35.3,62995.0,1376.034945102525,913.0
McDonald's,1.5,Indianapolis,Indiana,Democrat,35.3,62995.0,1376.034945102525,913.0
Kung Fu Tea,4.0,Philadelphia,Pennsylvania,Democrat,36.4,60698.0,1715.4754572988052,4517.0
Starbucks,4.0,Cherry Hill,New Jersey,Democrat,38.8,91000.0,2419.9864433811804,
McDonald's,2.0,Lutz,Florida,Republican,39.6,114516.0,2055.789287749288,
Dunkin',2.5,Philadelphia,Pennsylvania,Democrat,36.4,60698.0,1715.4754572988052,4517.0
Cookie Munchers,3.5,Glassboro,New Jersey,Republican,37.6,80388.0,2963.31746031746,
Esau's Cafe,4.0,Santa Barbara,California,Democrat,38.6,101672.0,3646.9091098603294,
McDonald's,1.5,Berlin,New Jersey,Democrat,38.8,101008.0,,
French Press Coffee House,4.0,Chalmette,Louisiana,Republican,,56875.0,1436.9444444444446,
Ding Tea Nola,4.0,Harvey,Louisiana,Republican,31.2,43524.0,1309.2763532763531,
Wawa,3.5,Huntingdon Valley,Pennsylvania,Democrat,,60698.0,1954.0,
Piccola Gelateria,4.5,New Orleans,Louisiana,Democrat,43.3,55339.0,1635.4273395346563,892.0
The Grill,4.0,New Orleans,Louisiana,Democrat,43.3,55339.0,1635.4273395346563,892.0
McDonald's,1.5,Indianapolis,Indiana,Democrat,35.3,62995.0,1376.034945102525,913.0
Mini Doughnut Factory,4.5,Saint Petersburg,Florida,Republican,,71302.0,,
Dunkin',2.5,Kirkwood,Missouri,Democrat,46.7,117439.0,2012.5779645191408,
Teavana,3.0,Tucson,Arizona,Democrat,37.9,54546.0,1468.4007810603507,904.0
McDonald's,1.5,Tampa,Florida,Republican,39.6,71302.0,2011.9116084311615,1284.0
Starbucks,4.5,Lansdale,Pennsylvania,Democrat,55.4,86460.0,1966.2497212931996,
Wawa,3.0,Sewell,New Jersey,Republican,37.6,135141.0,2450.833333333333,
Passero's Gourmet Coffee Co,3.0,Philadelphia,Pennsylvania,Democrat,36.4,60698.0,1715.4754572988052,4517.0
McDonald's,2.0,Indianapolis,Indiana,Democrat,35.3,62995.0,1376.034945102525,913.0
In & Out Market,4.5,Richmond Heights,Missouri,Democrat,46.7,90670.0,1542.0238095238094,
McDonald's,1.0,Tampa,Florida,Republican,39.6,71302.0,2011.9116084311615,1284.0
Hartford Coffee Co,4.0,Saint Louis,Missouri,Democrat,,55279.0,,
Dunkin',2.0,Newark,Delaware,Democrat,38.7,71373.0,2153.965643274854,
Wawa,3.0,Schwenksville,Pennsylvania,Democrat,55.4,70833.0,,
Peace Love & Little Donuts,4.5,Brentwood,Tennessee,Republican,65.8,184720.0,2257.203703703704,
Starbucks,2.0,New Orleans,Louisiana,Democrat,43.3,55339.0,1635.4273395346563,892.0
Dunkin',2.0,Devon,Pennsylvania,Democrat,58.0,194813.0,2037.2222222222224,
Sucré,4.0,New Orleans,Louisiana,Democrat,43.3,55339.0,1635.4273395346563,892.0
Walden's Coffeehouse,4.0,Reno,Nevada,Democrat,37.3,78448.0,1895.051309846432,920.0
Wawa,3.5,Tampa,Florida,Republican,39.6,71302.0,2011.9116084311615,1284.0
Starbucks,3.0,Plainfield,Indiana,Republican,37.1,85074.0,1703.8148148148148,
McDonald's,1.5,Madeira Beach,Florida,Republican,38.5,79798.0,2394.3888888888887,
McDonald's,2.0,St. Petersburg,Florida,Republican,38.5,73118.0,,1632.0
Dunkin',3.0,Tucson,Arizona,Democrat,37.9,54546.0,1468.4007810603507,904.0
Dunkin',3.0,Tucson,Arizona,Democrat,37.9,54546.0,1468.4007810603507,904.0
The Crislip Cafe,4.5,St. Petersburg,Florida,Republican,38.5,73118.0,,1632.0
Starbucks,2.0,Reno,Nevada,Democrat,37.3,78448.0,1895.051309846432,920.0
Grindcore House,4.5,Philadelphia,Pennsylvania,Democrat,36.4,60698.0,1715.4754572988052,4517.0
Maple Street Patisserie Et Deli,3.5,New Orleans,Louisiana,Democrat,43.3,55339.0,1635.4273395346563,892.0
HEY Coffee Co.,4.5,New Orleans,Louisiana,Democrat,43.3,55339.0,1635.4273395346563,892.0
Bittersweet Confections Mid-City,4.5,New Orleans,Louisiana,Democrat,43.3,55339.0,1635.4273395346563,892.0
Rally,4.5,Philadelphia,Pennsylvania,Democrat,36.4,60698.0,1715.4754572988052,4517.0
Coffee Mill,4.0,Boise,Idaho,Republican,46.3,76402.0,1769.288449703903,
International Cafe,4.0,Tampa,Florida,Republican,39.6,71302.0,2011.9116084311615,1284.0
The Satellite Cafe,3.5,Philadelphia,Pennsylvania,Democrat,36.4,60698.0,1715.4754572988052,4517.0
Thyme Café,3.0,Eagleville,Pennsylvania,Democrat,55.4,60698.0,,
Dunkin',2.0,Horsham,Pennsylvania,Republican,25.9,99121.0,1631.6666666666667,
Raining Berries,4.0,Lutz,Florida,Republican,39.6,114516.0,2055.789287749288,
McDonald's,2.0,Beverly,New Jersey,Democrat,42.1,92807.0,,
Starbucks,2.5,Nashville,Tennessee,Democrat,51.2,75197.0,1803.1395088912257,537.0
Vitality Bowls,3.5,Indianapolis,Indiana,Democrat,35.3,62995.0,1376.034945102525,913.0
Philadelphia Java Company,4.0,Philadelphia,Pennsylvania,Democrat,36.4,60698.0,1715.4754572988052,4517.0
Funny Library Coffee Shop,4.0,Nashville,Tennessee,Democrat,51.2,75197.0,1803.1395088912257,537.0
Northview Church Carmel Campus,4.5,Carmel,Indiana,Republican,62.7,134602.0,1827.6327732974908,
Buddy Brew Coffee,4.5,Tampa,Florida,Republican,39.6,71302.0,2011.9116084311615,1284.0
Tbaar Boise,4.5,Boise,Idaho,Republican,46.3,76402.0,1769.288449703903,
Salt & Vine,4.0,Nashville,Tennessee,Democrat,51.2,75197.0,1803.1395088912257,537.0
French Press Coffeehouse,3.5,Kenner,Louisiana,Republican,31.2,64099.0,1663.6666666666667,
Grove Surf + Coffee,5.0,St. Pete Beach,Florida,Republican,38.5,108931.0,,
Starbucks,2.0,St. Louis,Missouri,Democrat,46.7,55279.0,,1943.0
Starbucks,3.0,Reno,Nevada,Democrat,37.3,78448.0,1895.051309846432,920.0
Starbucks,2.0,Kenner,Louisiana,Republican,31.2,64099.0,1663.6666666666667,
Larder Gourmet Market  Eatery,4.5,Metairie,Louisiana,Republican,31.2,73256.0,1645.3324786324786,
Saxbys - Ardmore,3.5,Ardmore,Pennsylvania,Democrat,55.4,115273.0,2250.083333333333,
Caffe Latte Da!,3.5,Harahan,Louisiana,Republican,31.2,78222.0,1320.2777777777776,
Starbucks,3.0,Riverview,Florida,Republican,39.6,95442.0,2171.145685305324,
McDonald's,2.0,Pottstown,Pennsylvania,Democrat,55.4,56174.0,1755.439393939394,
Gavel,4.5,Indianapolis,Indiana,Democrat,35.3,62995.0,1376.034945102525,913.0
Wawa,4.5,Phoenixville,Pennsylvania,Democrat,58.0,94411.0,2006.513888888889,
Little Mosko's,5.0,Nashville,Tennessee,Democrat,51.2,75197.0,1803.1395088912257,537.0
Dunkin',1.5,Plant City,Florida,Republican,39.6,64536.0,2014.522077922078,
Cleopatra Restaurant,4.5,Harvey,Louisiana,Republican,31.2,43524.0,1309.2763532763531,
Dunkin',3.5,Tampa,Florida,Republican,39.6,71302.0,2011.9116084311615,1284.0
Kahwa Coffee,4.0,Belleair Bluffs,Florida,Republican,38.5,55688.0,,
Rue De La Course,3.5,New Orleans,Louisiana,Democrat,43.3,55339.0,1635.4273395346563,892.0
Musette,4.5,Philadelphia,Pennsylvania,Democrat,36.4,60698.0,1715.4754572988052,4517.0
M Market,3.5,Nashville,Tennessee,Democrat,51.2,75197.0,1803.1395088912257,537.0
Dairy Queen,2.5,Clearwater,Florida,Republican,38.5,64440.0,1956.247155052128,1727.0
Jack's Cafe,4.0,Sparks,Nevada,Democrat,37.3,86979.0,1964.762212770985,
Frosty's Caffe,4.5,Harvey,Louisiana,Republican,31.2,43524.0,1309.2763532763531,
McDonald's,2.0,Ashland City,Tennessee,Republican,,73921.0,1627.0,
Founders Grounds Coffee Company,5.0,Speedway,Indiana,Democrat,35.3,57158.0,1667.75,
HoiTEA ToiTEA,4.5,Indianapolis,Indiana,Democrat,35.3,62995.0,1376.034945102525,913.0
Cafe Giardino,5.0,Philadelphia,Pennsylvania,Democrat,36.4,60698.0,1715.4754572988052,4517.0
Oasis Coffee Spot,4.5,New Port Richey,Florida,Republican,31.3,46160.0,1753.8333333333333,
Open Cup Coffee & Tea,4.0,Santa Barbara,California,Democrat,38.6,101672.0,3646.9091098603294,
City Coffee Camden,3.0,Camden,New Jersey,Democrat,38.8,40450.0,1751.447619047619,
Zero Six Coffee Fix,5.0,Boise,Idaho,Republican,46.3,76402.0,1769.288449703903,
Powdered Sugar,4.0,New Orleans,Louisiana,Democrat,43.3,55339.0,1635.4273395346563,892.0
Xoom Juice,4.0,Tucson,Arizona,Democrat,37.9,54546.0,1468.4007810603507,904.0
Dunkin',2.5,Feasterville Trevose,Pennsylvania,Republican,,60698.0,,
Cornflower Coffee & Tea,4.5,St. Louis,Missouri,Democrat,46.7,55279.0,,1943.0
United By Blue,4.0,Philadelphia,Pennsylvania,Democrat,36.4,60698.0,1715.4754572988052,4517.0
RIZE - Carmel,4.0,Carmel,Indiana,Republican,62.7,134602.0,1827.6327732974908,
McDonald's,1.5,Tucson,Arizona,Democrat,37.9,54546.0,1468.4007810603507,904.0
Hooch and Hive,4.0,Tampa,Florida,Republican,39.6,71302.0,2011.9116084311615,1284.0
Capital Teas,2.5,Philadelphia,Pennsylvania,Democrat,36.4,60698.0,1715.4754572988052,4517.0
Avenue Cafe,4.0,New Orleans,Louisiana,Democrat,43.3,55339.0,1635.4273395346563,892.0
Starbucks,2.5,Lionville,Pennsylvania,Democrat,58.0,96381.0,,
Fuel Coffee House,3.0,New Orleans,Louisiana,Democrat,43.3,55339.0,1635.4273395346563,892.0
Starbucks,3.5,Reno,Nevada,Democrat,37.3,78448.0,1895.051309846432,920.0
Cafe L'Aube,4.0,Philadelphia,Pennsylvania,Democrat,36.4,60698.0,1715.4754572988052,4517.0
The South Bend Chocolate Company,3.5,Indianapolis,Indiana,Democrat,35.3,62995.0,1376.034945102525,913.0
La Tartine,5.0,West Chester,Pennsylvania,Democrat,58.0,81492.0,2121.137626262627,
Abruzzo Italian Bistro,3.5,Drexel Hill,Pennsylvania,Democrat,44.4,87993.0,1913.0555555555557,
Ming's Coffee & Tea,4.5,Drexel Hill,Pennsylvania,Democrat,44.4,87993.0,1913.0555555555557,
Wawa,2.0,Burlington,New Jersey,Democrat,,78009.0,,
SteamHeat Cafe At the Straz,3.5,Tampa,Florida,Republican,39.6,71302.0,2011.9116084311615,1284.0
Dunkin',2.0,Tarpon Springs,Florida,Republican,38.5,68877.0,2048.196581196581,
Golden Line Coffee Bar,5.0,Santa Barbara,California,Democrat,38.6,101672.0,3646.9091098603294,
Nonna Randazzos Kingcakes,3.5,Chalmette,Louisiana,Republican,,56875.0,1436.9444444444446,
Winkel,4.5,Philadelphia,Pennsylvania,Democrat,36.4,60698.0,1715.4754572988052,4517.0
A CREPE,3.5,King of Prussia,Pennsylvania,Democrat,55.4,86149.0,2166.7329901329904,
Second Line Cafe,3.5,Tampa,Florida,Republican,39.6,71302.0,2011.9116084311615,1284.0
Dunkin',2.0,Philadelphia,Pennsylvania,Democrat,36.4,60698.0,1715.4754572988052,4517.0
Dunkin',2.0,Saint Petersburg,Florida,Republican,,71302.0,,
Brew HaHa!,4.0,Wilmington,Delaware,Democrat,38.7,55269.0,1756.0830026455026,
Winchell's Donuts,3.0,Santa Barbara,California,Democrat,38.6,101672.0,3646.9091098603294,
Frost Gelato,4.5,Tucson,Arizona,Democrat,37.9,54546.0,1468.4007810603507,904.0
Dunkin',2.0,Antioch,Tennessee,Democrat,,75197.0,,
McDonald's,2.0,Indianapolis,Indiana,Democrat,35.3,62995.0,1376.034945102525,913.0
Fido,4.0,Nashville,Tennessee,Democrat,51.2,75197.0,1803.1395088912257,537.0
Guava & Java,2.5,Philadelphia,Pennsylvania,Democrat,36.4,60698.0,1715.4754572988052,4517.0
Snowflake Dessert Factory,5.0,Pinellas Park,Florida,Republican,38.5,62043.0,2039.4087024087028,
Panera Bread,3.0,Clearwater,Florida,Republican,38.5,64440.0,1956.247155052128,1727.0
McDonald's,1.5,Reno,Nevada,Democrat,37.3,78448.0,1895.051309846432,920.0
McDonald's,1.5,Tampa,Florida,Republican,39.6,71302.0,2011.9116084311615,1284.0
Starbucks,3.0,New Orleans,Louisiana,Democrat,43.3,55339.0,1635.4273395346563,892.0
Starbucks,2.5,Mount Laurel,New Jersey,Democrat,,91000.0,,
Local Yoga Cafe,4.5,West Chester,Pennsylvania,Democrat,58.0,81492.0,2121.137626262627,
McDonald's,1.5,Reno,Nevada,Democrat,37.3,78448.0,1895.051309846432,920.0
Le Pain Quotidien,3.5,Philadelphia,Pennsylvania,Democrat,36.4,60698.0,1715.4754572988052,4517.0
The Portico Cafe,4.5,Tampa,Florida,Republican,39.6,71302.0,2011.9116084311615,1284.0
Jeannine's American Bakery Restaurant,4.0,Santa Barbara,California,Democrat,38.6,101672.0,3646.9091098603294,
Bubble Bee Tea,4.0,King of Prussia,Pennsylvania,Democrat,55.4,86149.0,2166.7329901329904,
Starbucks,3.5,Boise,Idaho,Republican,46.3,76402.0,1769.288449703903,
Simply Good Cafe,3.0,North Wales,Pennsylvania,Democrat,55.4,115833.0,1930.419047619048,
Greenland Tea House,4.5,Philadelphia,Pennsylvania,Democrat,36.4,60698.0,1715.4754572988052,4517.0
Starbucks,3.0,Isla Vista,California,Democrat,38.6,24428.0,9082.222222222224,
Wawa,3.0,Burlington,New Jersey,Democrat,,78009.0,,
Starbucks,3.5,Oldsmar,Florida,Republican,38.5,76100.0,1936.440476190476,
Elixr Coffee Roasters,4.5,Philadelphia,Pennsylvania,Democrat,36.4,60698.0,1715.4754572988052,4517.0
Green Beans Coffee,3.0,Nashville,Tennessee,Democrat,51.2,75197.0,1803.1395088912257,537.0
La Colombe,4.5,Philadelphia,Pennsylvania,Democrat,36.4,60698.0,1715.4754572988052,4517.0
McDonald's,1.0,Pipersville,Pennsylvania,Republican,,60698.0,,
Urban Fox - Coffee & Boba,4.5,Meridian,Idaho,Republican,46.3,98686.0,2015.2290262803235,
Filthy Pirate Coffee,4.5,Tucson,Arizona,Democrat,37.9,54546.0,1468.4007810603507,904.0
Gojo Ethiopian,4.5,Nashville,Tennessee,Democrat,51.2,75197.0,1803.1395088912257,537.0
Caribbean Crown,4.5,Tampa,Florida,Republican,39.6,71302.0,2011.9116084311615,1284.0
McDonald's,1.5,Jefferson,Louisiana,Republican,31.2,56875.0,1506.25,
Frothy Monkey - Nashville,4.0,Nashville,Tennessee,Democrat,51.2,75197.0,1803.1395088912257,537.0
Pioneer Bakery and Cafe,4.5,Kirkwood,Missouri,Democrat,46.7,117439.0,2012.5779645191408,
McDonald's,1.5,Belleville,Illinois,Democrat,34.2,60529.0,1072.5014005602245,
Dunkin',3.0,Bristol,Pennsylvania,Republican,,70595.0,1622.25,
The Dancing Donut,3.5,Indianapolis,Indiana,Democrat,35.3,62995.0,1376.034945102525,913.0
Starbucks,3.0,Tucson,Arizona,Democrat,37.9,54546.0,1468.4007810603507,904.0
Good Eden Nola Plantmade,4.5,New Orleans,Louisiana,Democrat,43.3,55339.0,1635.4273395346563,892.0
Capital One Café,4.0,Philadelphia,Pennsylvania,Democrat,36.4,60698.0,1715.4754572988052,4517.0
Colleen's,4.0,Saint Louis,Missouri,Democrat,,55279.0,,
24:1 Coffee House/cafe,5.0,Saint Louis,Missouri,Democrat,,55279.0,,
McDonald's,1.5,River Ridge,Louisiana,Republican,31.2,84464.0,,
Flying M Coffeehouse,4.5,Boise,Idaho,Republican,46.3,76402.0,1769.288449703903,
Starbucks,3.0,Tampa,Florida,Republican,39.6,71302.0,2011.9116084311615,1284.0
Starbucks,1.0,St. Louis,Missouri,Democrat,46.7,55279.0,,1943.0
Starbucks,4.0,Indianapolis,Indiana,Democrat,35.3,62995.0,1376.034945102525,913.0
CC's Coffee House,4.5,New Orleans,Louisiana,Democrat,43.3,55339.0,1635.4273395346563,892.0
Starbucks,2.5,Reno,Nevada,Democrat,37.3,78448.0,1895.051309846432,920.0
Dunkin' Donuts,3.5,Indianapolis,Indiana,Democrat,35.3,62995.0,1376.034945102525,913.0
McDonald's,1.5,Philadelphia,Pennsylvania,Democrat,36.4,60698.0,1715.4754572988052,4517.0
Starbucks,4.5,Tucson,Arizona,Democrat,37.9,54546.0,1468.4007810603507,904.0
Dunkin',2.0,Tampa,Florida,Republican,39.6,71302.0,2011.9116084311615,1284.0
Dunkin',1.5,Saint Petersburg,Florida,Republican,,71302.0,,
20 Shekels Bread,5.0,Clearwater,Florida,Republican,38.5,64440.0,1956.247155052128,1727.0
Town Hall Coffee,4.5,Merion Station,Pennsylvania,Democrat,55.4,250001.0,,
McDonald's,2.0,Hendersonville,Tennessee,Republican,35.1,91503.0,1604.2083028083027,
Wawa,4.0,Kulpsville,Pennsylvania,Democrat,55.4,89006.0,,
Wawa,3.0,Philadelphia,Pennsylvania,Democrat,36.4,60698.0,1715.4754572988052,4517.0
Maxximo Jo's Coffee,4.5,Franklin,Tennessee,Republican,65.8,115000.0,2052.104521404521,
Sump Coffee,4.5,Saint Louis,Missouri,Democrat,,55279.0,,
Dunkin',2.0,Philadelphia,Pennsylvania,Democrat,36.4,60698.0,1715.4754572988052,4517.0
Le Macaron French Pastries - Doylestown,4.5,Doylestown,Pennsylvania,Republican,,93672.0,2597.1666666666665,
Dunkin',2.5,Westville,New Jersey,Republican,37.6,78333.0,,
7-Eleven,2.0,Tucson,Arizona,Democrat,37.9,54546.0,1468.4007810603507,904.0
Healthies Indy,4.0,Indianapolis,Indiana,Democrat,35.3,62995.0,1376.034945102525,913.0
The Bridge Coffee House,4.5,Saint Charles,Missouri,Republican,,55279.0,,
The Perfect Cup Cafe,3.5,Hockessin,Delaware,Democrat,38.7,172695.0,3090.0,
Dunkin',2.0,Haddon Heights,New Jersey,Democrat,38.8,126055.0,,
1 2 Tea,4.5,VC Highlands,Nevada,Republican,,78448.0,,
Baldwin & Co.,5.0,New Orleans,Louisiana,Democrat,43.3,55339.0,1635.4273395346563,892.0
The Buttermilk Drop,3.5,Metairie,Louisiana,Republican,31.2,73256.0,1645.3324786324786,
Corned Beef Corner,3.5,Saint Petersburg,Florida,Republican,,71302.0,,
Wawa,2.5,Philadelphia,Pennsylvania,Democrat,36.4,60698.0,1715.4754572988052,4517.0
Starbucks,3.5,St. Petersburg,Florida,Republican,38.5,73118.0,,1632.0
Le Peep,3.0,Whitestown,Indiana,Republican,53.1,118884.0,2005.7857142857144,
Dunkin',2.5,Fishers,Indiana,Republican,62.7,128141.0,1951.650886475448,
The Green Line Cafe,3.5,Philadelphia,Pennsylvania,Democrat,36.4,60698.0,1715.4754572988052,4517.0
Starbucks,4.0,Boise,Idaho,Republican,46.3,76402.0,1769.288449703903,
Dutch Bros Coffee,4.0,Tucson,Arizona,Democrat,37.9,54546.0,1468.4007810603507,904.0
Wawa,4.5,Boothwyn,Pennsylvania,Democrat,44.4,83444.0,,
Taste of Dubai Restaurant,4.5,Indianapolis,Indiana,Democrat,35.3,62995.0,1376.034945102525,913.0
Cafe Du Monde Coffee Stand,4.0,New Orleans,Louisiana,Democrat,43.3,55339.0,1635.4273395346563,892.0
Bisbee Breakfast Club,4.0,Tucson,Arizona,Democrat,37.9,54546.0,1468.4007810603507,904.0
McDonald's,1.5,Tampa,Florida,Republican,39.6,71302.0,2011.9116084311615,1284.0
Banh Mi Saigon Baguette,4.0,Pinellas Park,Florida,Republican,38.5,62043.0,2039.4087024087028,
McDonald's,1.5,Limerick,Pennsylvania,Democrat,,60698.0,,
Starbucks,1.5,Philadelphia,Pennsylvania,Democrat,36.4,60698.0,1715.4754572988052,4517.0
The Corner Cup,3.5,Saint Louis,Missouri,Democrat,,55279.0,,
Campus Point Coffee,4.5,Goleta,California,Democrat,38.6,118039.0,3642.484920634921,
The Bean Cafe,3.5,Philadelphia,Pennsylvania,Democrat,36.4,60698.0,1715.4754572988052,4517.0
Starbucks,2.5,Wilmington,Delaware,Democrat,38.7,55269.0,1756.0830026455026,
PJ's Coffee,3.5,Chalmette,Louisiana,Republican,,56875.0,1436.9444444444446,
Reanimator Coffee,4.0,Philadelphia,Pennsylvania,Democrat,36.4,60698.0,1715.4754572988052,4517.0
Who Dat Coffee Cafe-Chalmette,5.0,Chalmette,Louisiana,Republican,,56875.0,1436.9444444444446,
Dunkin',4.0,Norwood,Pennsylvania,Democrat,44.4,89135.0,,
Just Cravings,3.0,Philadelphia,Pennsylvania,Democrat,36.4,60698.0,1715.4754572988052,4517.0
High Point Cafe,4.5,Philadelphia,Pennsylvania,Democrat,36.4,60698.0,1715.4754572988052,4517.0
Lorenzo's Cafe Espresso Ristorante Italiano,4.5,Philadelphia,Pennsylvania,Democrat,36.4,60698.0,1715.4754572988052,4517.0
Live Culture,3.5,Santa Barbara,California,Democrat,38.6,101672.0,3646.9091098603294,
Krispy Kreme,3.5,Bensalem,Pennsylvania,Republican,,60698.0,1804.6603174603176,
Wawa,3.5,Pitman,New Jersey,Republican,37.6,96199.0,,
Barista Parlor Marathon Village,3.5,Nashville,Tennessee,Democrat,51.2,75197.0,1803.1395088912257,537.0
McDonald's,1.5,Wesley Chapel,Florida,Republican,31.3,107004.0,2225.93855222764,
Abyss Coffee,3.5,Ambler,Pennsylvania,Democrat,55.4,80795.0,2596.6666666666665,
The Human Bean,4.5,Boise,Idaho,Republican,46.3,76402.0,1769.288449703903,
Dunkin',1.5,West Deptford,New Jersey,Republican,,91000.0,,
Mama Bear's,3.5,Fishers,Indiana,Republican,62.7,128141.0,1951.650886475448,
Speedway,2.5,Indianapolis,Indiana,Democrat,35.3,62995.0,1376.034945102525,913.0
Fatma's Cozy Corner,5.0,New Orleans,Louisiana,Democrat,43.3,55339.0,1635.4273395346563,892.0
Morgan's Corner Cafe,4.5,Mooresville,Indiana,Republican,21.6,70228.0,,
Wawa,3.5,Upper Darby,Pennsylvania,Democrat,,60698.0,1262.75,
Aroma Cafe,4.0,Philadelphia,Pennsylvania,Democrat,36.4,60698.0,1715.4754572988052,4517.0
Starbucks,2.0,Philadelphia,Pennsylvania,Democrat,36.4,60698.0,1715.4754572988052,4517.0
Foam,4.0,Saint Louis,Missouri,Democrat,,55279.0,,
Starbucks,3.0,Santa Barbara,California,Democrat,38.6,101672.0,3646.9091098603294,
Green Line Cafe,2.5,Philadelphia,Pennsylvania,Democrat,36.4,60698.0,1715.4754572988052,4517.0
Presto Coffee,3.5,Wilmington,Delaware,Democrat,38.7,55269.0,1756.0830026455026,
Tous Les Jours,4.5,Cherry Hill,New Jersey,Democrat,38.8,91000.0,2419.9864433811804,
McDonald's,2.0,Columbia,Illinois,Republican,,107922.0,,
7-Eleven,3.5,Goleta,California,Democrat,38.6,118039.0,3642.484920634921,
McDonald's,2.0,Reno,Nevada,Democrat,37.3,78448.0,1895.051309846432,920.0
Cafe el Colombiano,4.0,Camden,New Jersey,Democrat,38.8,40450.0,1751.447619047619,
McDonald's,1.5,New Orleans,Louisiana,Democrat,43.3,55339.0,1635.4273395346563,892.0
Commune + Co,3.5,Tampa,Florida,Republican,39.6,71302.0,2011.9116084311615,1284.0
Social House,3.5,Philadelphia,Pennsylvania,Democrat,36.4,60698.0,1715.4754572988052,4517.0
Ding Tea Tampa,4.5,Tampa,Florida,Republican,39.6,71302.0,2011.9116084311615,1284.0
Cafe L'Aube,4.0,Philadelphia,Pennsylvania,Democrat,36.4,60698.0,1715.4754572988052,4517.0
McDonald's,1.5,Indianapolis,Indiana,Democrat,35.3,62995.0,1376.034945102525,913.0
IV Drip,4.0,Isla Vista,California,Democrat,38.6,24428.0,9082.222222222224,
Wawa,2.0,Philadelphia,Pennsylvania,Democrat,36.4,60698.0,1715.4754572988052,4517.0
Wawa,4.0,Mount Laurel,New Jersey,Democrat,,91000.0,,
Legato Gelato,4.5,Nashville,Tennessee,Democrat,51.2,75197.0,1803.1395088912257,537.0
BIGGBY COFFEE,4.0,Plainfield,Indiana,Republican,37.1,85074.0,1703.8148148148148,
PJ's Coffee,4.5,New Orleans,Louisiana,Democrat,43.3,55339.0,1635.4273395346563,892.0
Sippy's Bubble Tea,4.5,Havertown,Pennsylvania,Democrat,,60698.0,,
Spudnuts & Bagels,4.5,Santa Barbara,California,Democrat,38.6,101672.0,3646.9091098603294,
Darling's Coffeehouse & Famous Cheesecakes,4.0,Philadelphia,Pennsylvania,Democrat,36.4,60698.0,1715.4754572988052,4517.0
Dutch Bros Coffee,4.5,Tucson,Arizona,Democrat,37.9,54546.0,1468.4007810603507,904.0
The Blend Coffee & Wine,4.5,St. Petersburg,Florida,Republican,38.5,73118.0,,1632.0
Dunkin',2.5,Saint Petersburg,Florida,Republican,,71302.0,,
Royal Blend,4.0,New Orleans,Louisiana,Democrat,43.3,55339.0,1635.4273395346563,892.0
Starbucks,4.0,Spring Hill,Florida,Republican,22.1,66557.0,1896.568681988972,
Lighthouse Coffee,4.5,Santa Barbara,California,Democrat,38.6,101672.0,3646.9091098603294,
Her Daughters Cafe,4.5,Philadelphia,Pennsylvania,Democrat,36.4,60698.0,1715.4754572988052,4517.0
Saxbys Temple Fox,4.0,Philadelphia,Pennsylvania,Democrat,36.4,60698.0,1715.4754572988052,4517.0
Wawa,3.0,Avondale,Pennsylvania,Democrat,58.0,80000.0,,
Lovage,4.0,New Orleans,Louisiana,Democrat,43.3,55339.0,1635.4273395346563,892.0
Wawa,4.5,Bristol,Pennsylvania,Republican,,70595.0,1622.25,
GSB Coffee Shop,4.0,Bala Cynwyd,Pennsylvania,Democrat,55.4,144453.0,,
Tbaar Philadelphia,4.0,Philadelphia,Pennsylvania,Democrat,36.4,60698.0,1715.4754572988052,4517.0
McDonald's,2.0,Fenton,Missouri,Democrat,46.7,97991.0,1656.9047619047622,
Village Coffee,3.5,Meridian,Idaho,Republican,46.3,98686.0,2015.2290262803235,
Wawa,4.5,Port Richey,Florida,Republican,31.3,45435.0,1721.7101449275362,
McDonald's,1.5,Largo,Florida,Republican,38.5,60465.0,1787.582052090859,
Dunkin',2.5,Chester Springs,Pennsylvania,Democrat,,60698.0,,
McDonald's,1.0,Metairie,Louisiana,Republican,31.2,73256.0,1645.3324786324786,
McDonald's,1.5,Coatesville,Pennsylvania,Democrat,58.0,57323.0,1716.25,
Dunkin',4.5,West Chester,Pennsylvania,Democrat,58.0,81492.0,2121.137626262627,
McDonald's,2.5,Crestwood,Missouri,Democrat,46.7,115512.0,,
Panera Bread,2.0,Ewing Township,New Jersey,Democrat,,91000.0,,
Down Dog Healing Cafe,4.5,Philadelphia,Pennsylvania,Democrat,36.4,60698.0,1715.4754572988052,4517.0
Starbucks,4.0,Indianapolis,Indiana,Democrat,35.3,62995.0,1376.034945102525,913.0
Rootbound,4.0,Saint Charles,Missouri,Republican,,55279.0,,
Food Land Market,5.0,Boise,Idaho,Republican,46.3,76402.0,1769.288449703903,
Milkin It,4.5,Tampa,Florida,Republican,39.6,71302.0,2011.9116084311615,1284.0
Mellow Fellow,4.0,Reno,Nevada,Democrat,37.3,78448.0,1895.051309846432,920.0
HeliCafe,5.0,Goleta,California,Democrat,38.6,118039.0,3642.484920634921,
Amsterdam Coffee Bar,5.0,New Hope,Pennsylvania,Republican,45.2,158929.0,,
Dunkin',2.0,Willow Grove,Pennsylvania,Democrat,55.4,98402.0,2074.1666666666665,
Edison’s Espresso & Tea Bar,3.5,New Orleans,Louisiana,Democrat,43.3,55339.0,1635.4273395346563,892.0
"Flatrock Coffee, Tea & More",4.5,Nashville,Tennessee,Democrat,51.2,75197.0,1803.1395088912257,537.0
McDonald's,2.0,Collinsville,Illinois,Republican,32.0,65170.0,1033.2380952380952,
The Coffee Bean & Tea Leaf,4.0,Santa Barbara,California,Democrat,38.6,101672.0,3646.9091098603294,
McDonald's,1.5,Indianapolis,Indiana,Democrat,35.3,62995.0,1376.034945102525,913.0
Dunkin',1.5,Glenside,Pennsylvania,Democrat,55.4,101050.0,,
McDonald's,2.0,Phoenixville,Pennsylvania,Democrat,58.0,94411.0,2006.513888888889,
Joyful Tea,5.0,Garden City,Idaho,Republican,46.3,66859.0,1762.2539682539682,
Carina Tea & Waffles,3.5,Philadelphia,Pennsylvania,Democrat,36.4,60698.0,1715.4754572988052,4517.0
Dunkin',1.5,Levittown,Pennsylvania,Republican,45.2,101619.0,1847.9166666666667,
Squeeze Juice Works,4.0,St. Petersburg,Florida,Republican,38.5,73118.0,,1632.0
Crescent Moon Coffee & Tea,4.0,Mullica Hill,New Jersey,Republican,37.6,133750.0,,
My Favorite Muffin,4.5,Sicklerville,New Jersey,Democrat,38.8,102881.0,2218.611111111112,
McDonald's,1.5,Clearwater,Florida,Republican,38.5,64440.0,1956.247155052128,1727.0
Café Isla,4.0,Media,Pennsylvania,Democrat,44.4,86219.0,1922.0873015873012,
Jiggy Coffee,5.0,Philadelphia,Pennsylvania,Democrat,36.4,60698.0,1715.4754572988052,4517.0
Bike Stop Cafe,4.0,St Charles,Missouri,Republican,,55279.0,1491.3683067231457,
Cinnabon Bakery,3.0,Indianapolis,Indiana,Democrat,35.3,62995.0,1376.034945102525,913.0
The English Shop,4.0,Saint Charles,Missouri,Republican,,55279.0,,
McDonald's,2.0,Tampa,Florida,Republican,39.6,71302.0,2011.9116084311615,1284.0
Starbucks,3.5,Indianapolis,Indiana,Democrat,35.3,62995.0,1376.034945102525,913.0
Dutch Bros Coffee,4.5,Boise,Idaho,Republican,46.3,76402.0,1769.288449703903,
Cafe Bella Vista,3.5,Philadelphia,Pennsylvania,Democrat,36.4,60698.0,1715.4754572988052,4517.0
Einstein Bros Bagels,1.5,Brentwood,Missouri,Democrat,46.7,86641.0,1751.7460317460318,
Isabel's Bakery,4.0,Sparks,Nevada,Democrat,37.3,86979.0,1964.762212770985,
HOME Page Cafe,4.5,Philadelphia,Pennsylvania,Democrat,36.4,60698.0,1715.4754572988052,4517.0
The Painted Bridge Espresso Bar,5.0,Woodbury,New Jersey,Republican,37.6,74769.0,2549.5,
10 Johnson Avenue,4.0,Indianapolis,Indiana,Democrat,35.3,62995.0,1376.034945102525,913.0
Coffee and Coconuts,4.0,Franklin,Tennessee,Republican,65.8,115000.0,2052.104521404521,
McDonald's,1.5,St. Petersburg,Florida,Republican,38.5,73118.0,,1632.0
McDonald's,1.5,Smyrna,Tennessee,Republican,36.6,78409.0,1682.256728778468,
Dunkin',3.5,Cherry Hill,New Jersey,Democrat,38.8,91000.0,2419.9864433811804,
Sweet Pea Creams & Confections,3.5,Newtown,Pennsylvania,Republican,45.2,146765.0,2431.944444444445,
Evolve Coffee + Matcha,4.5,Metairie,Louisiana,Republican,31.2,73256.0,1645.3324786324786,
McDonald's,1.5,Tucson,Arizona,Democrat,37.9,54546.0,1468.4007810603507,904.0
Greek From Greece,4.5,Kennett Square,Pennsylvania,Democrat,58.0,74259.0,2455.2000000000003,
Dunkin',2.0,Port Richey,Florida,Republican,31.3,45435.0,1721.7101449275362,
Starbucks,3.0,Sparks,Nevada,Democrat,37.3,86979.0,1964.762212770985,
Starbucks,2.5,Delran,New Jersey,Democrat,,91000.0,,
Starbucks,2.0,Nashville,Tennessee,Democrat,51.2,75197.0,1803.1395088912257,537.0
Caribou Cafe,3.0,Philadelphia,Pennsylvania,Democrat,36.4,60698.0,1715.4754572988052,4517.0
Nook Bakery & Coffee Bar,4.5,Philadelphia,Pennsylvania,Democrat,36.4,60698.0,1715.4754572988052,4517.0
McDonald's,2.0,Santa Barbara,California,Democrat,38.6,101672.0,3646.9091098603294,
Coffee Junkiez Pizza Junkiez,4.5,Indianapolis,Indiana,Democrat,35.3,62995.0,1376.034945102525,913.0
The Classic Diner,3.5,West Chester,Pennsylvania,Democrat,58.0,81492.0,2121.137626262627,
Glory Cloud Coffee Roasters,5.0,Sparks,Nevada,Democrat,37.3,86979.0,1964.762212770985,
Starbucks,3.5,Valrico,Florida,Republican,39.6,98451.0,2396.349170437405,
Tacie's Cafe and Bakery,2.0,Pottstown,Pennsylvania,Democrat,55.4,56174.0,1755.439393939394,
Manhattan Bagel,2.5,Doylestown,Pennsylvania,Republican,,93672.0,2597.1666666666665,
Front Street Cafe,4.0,Philadelphia,Pennsylvania,Democrat,36.4,60698.0,1715.4754572988052,4517.0
Sacred Grinds,4.5,New Orleans,Louisiana,Democrat,43.3,55339.0,1635.4273395346563,892.0
Arbuckle Coffee,5.0,Tucson,Arizona,Democrat,37.9,54546.0,1468.4007810603507,904.0
Dunkin',2.0,West Deptford,New Jersey,Republican,,91000.0,,
Cornerstone Cafe,4.5,Saint Louis,Missouri,Democrat,,55279.0,,
Miss Aimee B's Tea Room & Gallery,4.0,Saint Charles,Missouri,Republican,,55279.0,,
Lakeview Brew Coffee Cafe,4.0,New Orleans,Louisiana,Democrat,43.3,55339.0,1635.4273395346563,892.0
McDonald's,2.0,Tucson,Arizona,Democrat,37.9,54546.0,1468.4007810603507,904.0
Dunkin',2.5,Avon,Indiana,Republican,37.1,80292.0,1762.1857142857143,
Starbucks,2.0,North Wales,Pennsylvania,Democrat,55.4,115833.0,1930.419047619048,
Green Culture,4.5,Trinity,Florida,Republican,31.3,113125.0,,
The Honey B,4.5,Santa Barbara,California,Democrat,38.6,101672.0,3646.9091098603294,
Mendoza’s Coffee,4.0,Sun Valley,Nevada,Democrat,37.3,76108.0,2322.0,
De La Coeur Café et Boulangerie,4.0,Wilmington,Delaware,Democrat,38.7,55269.0,1756.0830026455026,
Mellow Mornings,3.5,Reno,Nevada,Democrat,37.3,78448.0,1895.051309846432,920.0
Mimi’s Cafe & Market,4.0,Philadelphia,Pennsylvania,Democrat,36.4,60698.0,1715.4754572988052,4517.0
Starbucks,3.5,Glen Mills,Pennsylvania,Democrat,,60698.0,2600.2222222222226,
McDonald's,2.0,Tucson,Arizona,Democrat,37.9,54546.0,1468.4007810603507,904.0
Dozen Bakery,4.5,Nashville,Tennessee,Democrat,51.2,75197.0,1803.1395088912257,537.0
The Attic Cafe,3.5,Tampa,Florida,Republican,39.6,71302.0,2011.9116084311615,1284.0
Le Bus,2.5,Southwest Philadelphia,Pennsylvania,Democrat,,60698.0,,
McDonald's,2.0,Largo,Florida,Republican,38.5,60465.0,1787.582052090859,
Coffee Junction,4.5,Belleville,Illinois,Democrat,34.2,60529.0,1072.5014005602245,
YOLO,2.0,Philadelphia,Pennsylvania,Democrat,36.4,60698.0,1715.4754572988052,4517.0
Dunkin',1.5,Pine Hill,New Jersey,Democrat,38.8,68725.0,2600.0,
Ye Olde Bake Shoppe,2.5,New Orleans,Louisiana,Democrat,43.3,55339.0,1635.4273395346563,892.0
Beignets Cafe and Bakery,3.5,Brentwood,Tennessee,Republican,65.8,184720.0,2257.203703703704,
LUCA eats,4.5,New Orleans,Louisiana,Democrat,43.3,55339.0,1635.4273395346563,892.0
McDonald's,2.5,Boise,Idaho,Republican,46.3,76402.0,1769.288449703903,
McDonald's,1.5,Moorestown,New Jersey,Democrat,,91000.0,,
Cayley Cakes,4.0,Tucson,Arizona,Democrat,37.9,54546.0,1468.4007810603507,904.0
RareHues I Modern Vintage Market,3.5,Tampa,Florida,Republican,39.6,71302.0,2011.9116084311615,1284.0
Cafe Ma'kai,4.0,Nashville,Tennessee,Democrat,51.2,75197.0,1803.1395088912257,537.0
Flatbread & Butter,4.0,Saint Petersburg,Florida,Republican,,71302.0,,
Apple Walnut Café,4.5,Broomall,Pennsylvania,Democrat,44.4,114844.0,,
Ike's Coffee Bar,2.5,Tucson,Arizona,Democrat,37.9,54546.0,1468.4007810603507,904.0
6 North Coffee Company,4.0,Saint Louis,Missouri,Democrat,,55279.0,,
Cafe Zoma,4.5,Goleta,California,Democrat,38.6,118039.0,3642.484920634921,
Boba Lounge,4.5,Oldsmar,Florida,Republican,38.5,76100.0,1936.440476190476,
McDonald's,1.5,Philadelphia,Pennsylvania,Democrat,36.4,60698.0,1715.4754572988052,4517.0
McDonald's,1.5,Greenfield,Indiana,Republican,35.9,74949.0,1669.9786324786326,
Mayflower Bakery & Cafe,4.5,Philadelphia,Pennsylvania,Democrat,36.4,60698.0,1715.4754572988052,4517.0
McDonald's,2.0,Tampa,Florida,Republican,39.6,71302.0,2011.9116084311615,1284.0
Dunkin',3.5,Malvern,Pennsylvania,Democrat,58.0,106638.0,2467.1635327635327,
Driftaway Cafe,5.0,Lindenwold,New Jersey,Democrat,38.8,55099.0,,
Wawa,3.0,Chester Springs,Pennsylvania,Democrat,,60698.0,,
Coffee X Change,3.5,Tucson,Arizona,Democrat,37.9,54546.0,1468.4007810603507,904.0
Saige Cafe,3.0,Philadelphia,Pennsylvania,Democrat,36.4,60698.0,1715.4754572988052,4517.0
Starbucks,4.0,Maryland Heights,Missouri,Democrat,46.7,86485.0,1322.1503759398497,
Royal Mile Coffee Roasters,4.5,Cherry Hil,New Jersey,Democrat,,91000.0,,
Ding Tea Tucson,5.0,Tucson,Arizona,Democrat,37.9,54546.0,1468.4007810603507,904.0
Dunkin',2.0,Hudson,Florida,Republican,31.3,49063.0,2058.958333333333,
Rolling in Dough,3.0,Boise,Idaho,Republican,46.3,76402.0,1769.288449703903,
Donut Freak,4.0,Saint Petersburg,Florida,Republican,,71302.0,,
Strange Donuts,3.0,Creve Coeur,Missouri,Democrat,46.7,119454.0,1351.9381313131314,
Cherry Coffee Roasters,4.5,New Orleans,Louisiana,Democrat,43.3,55339.0,1635.4273395346563,892.0
McDonald's,2.5,Wood River,Illinois,Republican,32.0,65960.0,,
Twisted Waffles,4.0,New Orleans,Louisiana,Democrat,43.3,55339.0,1635.4273395346563,892.0
Wawa,2.5,West Chester,Pennsylvania,Democrat,58.0,81492.0,2121.137626262627,
Cafe URBA,4.0,Philadelphia,Pennsylvania,Democrat,36.4,60698.0,1715.4754572988052,4517.0
Starbucks,2.5,Reno,Nevada,Democrat,37.3,78448.0,1895.051309846432,920.0
D'Andrews Bakery & Cafe,5.0,Nashville,Tennessee,Democrat,51.2,75197.0,1803.1395088912257,537.0
Low Pigeon Coffee Roasters,5.0,Santa Barbara,California,Democrat,38.6,101672.0,3646.9091098603294,
Dough,4.0,Tampa,Florida,Republican,39.6,71302.0,2011.9116084311615,1284.0
Indigo Coffee,3.5,Tampa,Florida,Republican,39.6,71302.0,2011.9116084311615,1284.0
Inclusivitea.,4.0,Saint Petersburg,Florida,Republican,,71302.0,,
Smallcakes Idaho: Cupcakery & Creamery,4.0,Boise,Idaho,Republican,46.3,76402.0,1769.288449703903,
Poppy's Cafe,4.5,Philadelphia,Pennsylvania,Democrat,36.4,60698.0,1715.4754572988052,4517.0
Starbucks,3.0,Tarpon Springs,Florida,Republican,38.5,68877.0,2048.196581196581,
Just Love Coffee,4.0,Franklin,Tennessee,Republican,65.8,115000.0,2052.104521404521,
McDonald's,1.5,Reno,Nevada,Democrat,37.3,78448.0,1895.051309846432,920.0
Hookah House,3.5,Philadelphia,Pennsylvania,Democrat,36.4,60698.0,1715.4754572988052,4517.0
McDonald's,2.0,Boise,Idaho,Republican,46.3,76402.0,1769.288449703903,
37 Degrees Sth,4.0,Belle Meade,Tennessee,Democrat,51.2,250001.0,,
Bittersweet Confections,4.5,New Orleans,Louisiana,Democrat,43.3,55339.0,1635.4273395346563,892.0
Bay Coffee & Tea Company,2.5,Tampa,Florida,Republican,39.6,71302.0,2011.9116084311615,1284.0
Germania Brew Haus,4.5,Alton,Illinois,Republican,32.0,53005.0,904.2222222222222,
McDonald's,1.5,Camden,New Jersey,Democrat,38.8,40450.0,1751.447619047619,
Eatery On Main Cafe,4.0,North Wales,Pennsylvania,Democrat,55.4,115833.0,1930.419047619048,
McDonald's,1.5,Zephyrhills,Florida,Republican,31.3,49295.0,1854.3201058201057,
HITEA,4.5,Philadelphia,Pennsylvania,Democrat,36.4,60698.0,1715.4754572988052,4517.0
Cafe Henri,4.0,New Orleans,Louisiana,Democrat,43.3,55339.0,1635.4273395346563,892.0
McDonald's,1.0,Belle Chasse,Louisiana,Republican,,96381.0,1900.0,
7-Eleven,1.5,Philadelphia,Pennsylvania,Democrat,36.4,60698.0,1715.4754572988052,4517.0
Deville Coffee House & Crêperie,4.5,New Orleans,Louisiana,Democrat,43.3,55339.0,1635.4273395346563,892.0
Coffee Speaks N Tea Talks,5.0,Tampa,Florida,Republican,39.6,71302.0,2011.9116084311615,1284.0
Pierson Geoffreys,4.0,Secane,Pennsylvania,Democrat,,60698.0,,
Dunkin',2.5,Philadelphia,Pennsylvania,Democrat,36.4,60698.0,1715.4754572988052,4517.0
McDonald's,2.5,Valrico,Florida,Republican,39.6,98451.0,2396.349170437405,
Barista Parlor,3.5,Nashville,Tennessee,Democrat,51.2,75197.0,1803.1395088912257,537.0
Thirsty Scholar,4.0,Indianapolis,Indiana,Democrat,35.3,62995.0,1376.034945102525,913.0
Dunkin',2.5,Philadelphia,Pennsylvania,Democrat,36.4,60698.0,1715.4754572988052,4517.0
InFusion,2.5,Philadelphia,Pennsylvania,Democrat,36.4,60698.0,1715.4754572988052,4517.0
Wawa,4.0,Riverview,Florida,Republican,39.6,95442.0,2171.145685305324,
Jethro's Café and Tavern,3.5,Tucson,Arizona,Democrat,37.9,54546.0,1468.4007810603507,904.0
Quaker City Coffee,4.0,Philadelphia,Pennsylvania,Democrat,36.4,60698.0,1715.4754572988052,4517.0
Viva Coffee House,3.5,Tucson,Arizona,Democrat,37.9,54546.0,1468.4007810603507,904.0
Dunkin',3.0,Elsmere,Delaware,Democrat,38.7,76378.0,,
Starbucks,3.0,St. Louis,Missouri,Democrat,46.7,55279.0,,1943.0
Chatime,4.0,Philadelphia,Pennsylvania,Democrat,36.4,60698.0,1715.4754572988052,4517.0
Revolution Coffee Roasters,4.5,Collingswood,New Jersey,Democrat,38.8,83917.0,1593.4864417989418,
Starbucks,3.0,Philadelphia,Pennsylvania,Democrat,36.4,60698.0,1715.4754572988052,4517.0
My Favorite Muffin,3.5,Sparks,Nevada,Democrat,37.3,86979.0,1964.762212770985,
Nonna's By So Italian,3.5,Plainfield,Indiana,Republican,37.1,85074.0,1703.8148148148148,
Hiwi Tropical Fusion,3.5,Goleta,California,Democrat,38.6,118039.0,3642.484920634921,
Starbucks,3.0,Exton,Pennsylvania,Democrat,58.0,121189.0,2224.408187134503,
Bibo Coffee Company,3.5,Reno,Nevada,Democrat,37.3,78448.0,1895.051309846432,920.0
Hot Wax Coffee Shop,4.5,Tampa,Florida,Republican,39.6,71302.0,2011.9116084311615,1284.0
McDonald's,2.0,Collinsville,Illinois,Republican,32.0,65170.0,1033.2380952380952,
McDonald's,1.5,Plant City,Florida,Republican,39.6,64536.0,2014.522077922078,
Callowhill Greens,4.0,Philadelphia,Pennsylvania,Democrat,36.4,60698.0,1715.4754572988052,4517.0
Kawaii Kitty Cafe,4.5,Philadelphia,Pennsylvania,Democrat,36.4,60698.0,1715.4754572988052,4517.0
Victory Coffee,4.0,Tampa,Florida,Republican,39.6,71302.0,2011.9116084311615,1284.0
The Cheese Shop,3.5,Indianapolis,Indiana,Democrat,35.3,62995.0,1376.034945102525,913.0
Saxbys Rittenhouse,3.0,Philadelphia,Pennsylvania,Democrat,36.4,60698.0,1715.4754572988052,4517.0
Fuzion,3.0,Indianapolis,Indiana,Democrat,35.3,62995.0,1376.034945102525,913.0
Sertinos Cafe,3.5,Warminster,Pennsylvania,Republican,,60698.0,,
Sacred Grounds,3.5,Tampa,Florida,Republican,39.6,71302.0,2011.9116084311615,1284.0
Dutch Bros Coffee,4.0,Boise,Idaho,Republican,46.3,76402.0,1769.288449703903,
The Loading Dock,4.5,Nashville,Tennessee,Democrat,51.2,75197.0,1803.1395088912257,537.0
Station House,4.0,Saint Petersburg,Florida,Republican,,71302.0,,
Serenitea-Relax,2.5,New Orleans,Louisiana,Democrat,43.3,55339.0,1635.4273395346563,892.0
TBD @ 301,4.0,Riverview,Florida,Republican,39.6,95442.0,2171.145685305324,
Dunkin',3.0,Tampa,Florida,Republican,39.6,71302.0,2011.9116084311615,1284.0
Starbucks,2.5,Reno,Nevada,Democrat,37.3,78448.0,1895.051309846432,920.0
Belleair Market,4.5,Belleair Bluffs,Florida,Republican,38.5,55688.0,,
Karima’s Cuisine,4.5,Tampa,Florida,Republican,39.6,71302.0,2011.9116084311615,1284.0
Havertown Grille,4.0,Havertown,Pennsylvania,Democrat,,60698.0,,
Frieda,4.5,Philadelphia,Pennsylvania,Democrat,36.4,60698.0,1715.4754572988052,4517.0
Morning Call Coffee Stand,3.5,New Orleans,Louisiana,Democrat,43.3,55339.0,1635.4273395346563,892.0
Spoked Bikes & Stuff,5.0,Saint Louis,Missouri,Democrat,,55279.0,,
Coffee with Christ,4.5,Belleville,Illinois,Democrat,34.2,60529.0,1072.5014005602245,
McDonald's,1.0,Gretna,Louisiana,Republican,31.2,46045.0,1570.4761904761906,
Stella's Donation Cafe and Coffee Shop,5.0,New Orleans,Louisiana,Democrat,43.3,55339.0,1635.4273395346563,892.0
McDonald's,1.5,New Orleans,Louisiana,Democrat,43.3,55339.0,1635.4273395346563,892.0
Kahwa Coffee,4.5,Tampa,Florida,Republican,39.6,71302.0,2011.9116084311615,1284.0
Hive Café,4.0,Philadelphia,Pennsylvania,Democrat,36.4,60698.0,1715.4754572988052,4517.0
Speedway,1.5,Indianapolis,Indiana,Democrat,35.3,62995.0,1376.034945102525,913.0
The Haus Coffee Shop,4.5,Largo,Florida,Republican,38.5,60465.0,1787.582052090859,
Möge Tee - Philadelphia,4.0,Philadelphia,Pennsylvania,Democrat,36.4,60698.0,1715.4754572988052,4517.0
McDonald's,2.0,Mount Juliet,Tennessee,Republican,40.2,107847.0,2179.7969498910675,
Dunkin',2.0,Saint Petersburg,Florida,Republican,,71302.0,,
Starbucks,3.0,Spring Hill,Florida,Republican,22.1,66557.0,1896.568681988972,
Hearthstone Bistro,4.0,Fishers,Indiana,Republican,62.7,128141.0,1951.650886475448,
Gelato Di Riso,3.5,Kirkwood,Missouri,Democrat,46.7,117439.0,2012.5779645191408,
Sabor A Cuba,4.5,Dunedin,Florida,Republican,38.5,68068.0,2087.5775446775447,
Nook and Kranny Kafe,4.5,Phoenixville,Pennsylvania,Democrat,58.0,94411.0,2006.513888888889,
Hothouse Coffee,3.5,Bryn Mawr,Pennsylvania,Democrat,55.4,87218.0,2184.9999999999995,
Wawa,4.0,Evesham,New Jersey,Democrat,,91000.0,,
Sunnyside Market & Deli,4.0,Santa Barbara,California,Democrat,38.6,101672.0,3646.9091098603294,
Darrin's Coffee Company,4.5,Zionsville,Indiana,Republican,53.1,159126.0,1692.1625,
Moxies Cafe and Caterer,4.0,Tampa,Florida,Republican,39.6,71302.0,2011.9116084311615,1284.0
Perk & Cork,4.5,Nashville,Tennessee,Democrat,51.2,75197.0,1803.1395088912257,537.0
Spaddys Coffee Co,5.0,Tampa,Florida,Republican,39.6,71302.0,2011.9116084311615,1284.0
Earl of Sandwich,3.0,Bensalem,Pennsylvania,Republican,,60698.0,1804.6603174603176,
McDonald's,2.0,Philadelphia,Pennsylvania,Democrat,36.4,60698.0,1715.4754572988052,4517.0
Kc's Pastries Northeast,4.0,Philadelphia,Pennsylvania,Democrat,36.4,60698.0,1715.4754572988052,4517.0
Starbucks,3.0,Reno,Nevada,Democrat,37.3,78448.0,1895.051309846432,920.0
Cajé Coffee - Arlington St,4.5,Santa Barbara,California,Democrat,38.6,101672.0,3646.9091098603294,
McDonald's,1.5,New Orleans,Louisiana,Democrat,43.3,55339.0,1635.4273395346563,892.0
Duck Donuts,4.5,Brentwood,Tennessee,Republican,65.8,184720.0,2257.203703703704,
McDonald's,2.0,Santa Barbara,California,Democrat,38.6,101672.0,3646.9091098603294,
"The Human Bean Garden City, W. State St",3.0,Garden City,Idaho,Republican,46.3,66859.0,1762.2539682539682,
Porto,4.5,Philadelphia,Pennsylvania,Democrat,36.4,60698.0,1715.4754572988052,4517.0
The Boba House,3.5,Tampa,Florida,Republican,39.6,71302.0,2011.9116084311615,1284.0
Falcon Coffee Bar,4.5,Nashville,Tennessee,Democrat,51.2,75197.0,1803.1395088912257,537.0
Dunkin',2.0,Abington,Pennsylvania,Democrat,,60698.0,,
HomeGrown Coffee and Creations,5.0,Philadelphia,Pennsylvania,Democrat,36.4,60698.0,1715.4754572988052,4517.0
Dunkin',1.5,Pennsburg,Pennsylvania,Democrat,55.4,103698.0,,
Dunkin',2.0,Tampa,Florida,Republican,39.6,71302.0,2011.9116084311615,1284.0
Bagel Guys,4.0,Palm Harbor,Florida,Republican,38.5,75354.0,1901.0656790123455,
I Bean Grounded,3.0,Reno,Nevada,Democrat,37.3,78448.0,1895.051309846432,920.0
Dry Bones Mud House,5.0,Indianapolis,Indiana,Democrat,35.3,62995.0,1376.034945102525,913.0
Starbucks,2.5,Philadelphia,Pennsylvania,Democrat,36.4,60698.0,1715.4754572988052,4517.0
Follow Tea,4.5,Metairie,Louisiana,Republican,31.2,73256.0,1645.3324786324786,
Main St. Java,4.5,Souderton,Pennsylvania,Democrat,55.4,85625.0,,
Dunkin',3.0,Seminole,Florida,Republican,38.5,77335.0,2247.2611111111114,
Red Kettle Coffee,4.5,Summerland,California,Democrat,38.6,133083.0,,
7-Eleven,3.0,Mount Laurel,New Jersey,Democrat,,91000.0,,
Sam & Zoe's,4.0,Nashville,Tennessee,Democrat,51.2,75197.0,1803.1395088912257,537.0
Pinji's Cafe,3.5,Wilmington,Delaware,Democrat,38.7,55269.0,1756.0830026455026,
Pinji's Cafe,4.5,Wilmington,Delaware,Democrat,38.7,55269.0,1756.0830026455026,
Speedway,2.5,Indianapolis,Indiana,Democrat,35.3,62995.0,1376.034945102525,913.0
Ralphs Corner Diner,4.0,Lansdale,Pennsylvania,Democrat,55.4,86460.0,1966.2497212931996,
Rocket 88 Doughnuts,4.0,Indianapolis,Indiana,Democrat,35.3,62995.0,1376.034945102525,913.0
Krispy Kreme,2.0,Nashville,Tennessee,Democrat,51.2,75197.0,1803.1395088912257,537.0
Teavana,3.5,Santa Barbara,California,Democrat,38.6,101672.0,3646.9091098603294,
The Real Marketplace,4.5,Wyncote,Pennsylvania,Democrat,55.4,144281.0,1951.388888888889,
Uxi Duxi,4.5,New Orleans,Louisiana,Democrat,43.3,55339.0,1635.4273395346563,892.0
Three Beans Coffee Co,3.5,Haddonfield,New Jersey,Democrat,38.8,190882.0,1900.8333333333333,
Wawa,3.5,Gilbertsville,Pennsylvania,Democrat,55.4,117426.0,,
BAM Bar,4.5,New Port Richey,Florida,Republican,31.3,46160.0,1753.8333333333333,
Truffles & Creams Chocolatier,5.0,Zionsville,Indiana,Republican,53.1,159126.0,1692.1625,
Coal Yard Coffee,4.5,Indianapolis,Indiana,Democrat,35.3,62995.0,1376.034945102525,913.0
Starbucks,3.0,Fenton,Missouri,Democrat,46.7,97991.0,1656.9047619047622,
Starbucks,2.5,Indianapolis,Indiana,Democrat,35.3,62995.0,1376.034945102525,913.0
Wawa,3.5,Folcroft,Pennsylvania,Democrat,44.4,58899.0,,
Saxbys,3.5,Philadelphia,Pennsylvania,Democrat,36.4,60698.0,1715.4754572988052,4517.0
Brentwood Perk,4.0,Brentwood,Missouri,Democrat,46.7,86641.0,1751.7460317460318,
World Bean,1.0,Philadelphia,Pennsylvania,Democrat,36.4,60698.0,1715.4754572988052,4517.0
Provisions at The Higgins Hotel New Orleans,2.5,New Orleans,Louisiana,Democrat,43.3,55339.0,1635.4273395346563,892.0
Café Martí,3.5,Tampa,Florida,Republican,39.6,71302.0,2011.9116084311615,1284.0
Cafe A La Cart,4.5,Tucson,Arizona,Democrat,37.9,54546.0,1468.4007810603507,904.0
Dunkin',2.5,Limerick,Pennsylvania,Democrat,,60698.0,,
Starbucks,3.0,Tampa,Florida,Republican,39.6,71302.0,2011.9116084311615,1284.0
Dunkin',2.0,Philadelphia,Pennsylvania,Democrat,36.4,60698.0,1715.4754572988052,4517.0
Starbucks,2.5,King of Prussia,Pennsylvania,Democrat,55.4,86149.0,2166.7329901329904,
McDonald's,2.0,Gretna,Louisiana,Republican,31.2,46045.0,1570.4761904761906,
"Peace Love Coffee, VEGAN Cafe and Market",4.5,St Charles,Missouri,Republican,,55279.0,1491.3683067231457,
Old Southeast Market,5.0,Saint Petersburg,Florida,Republican,,71302.0,,
Guru Donuts,3.5,Eagle,Idaho,Republican,46.3,118037.0,1985.2402777777777,
Della Leva Espresso Bar,4.0,Fishers,Indiana,Republican,62.7,128141.0,1951.650886475448,
7-Eleven,1.5,Philadelphia,Pennsylvania,Democrat,36.4,60698.0,1715.4754572988052,4517.0
Sneddon's Luncheonette,4.0,Lambertville,New Jersey,Republican,57.7,106236.0,2700.0,
Great American Natural Products,4.5,Saint Petersburg,Florida,Republican,,71302.0,,
Provence Breads & Cafe,3.5,Nashville,Tennessee,Democrat,51.2,75197.0,1803.1395088912257,537.0
Starbucks,2.5,Tampa,Florida,Republican,39.6,71302.0,2011.9116084311615,1284.0
Pho Saigon,4.0,Philadelphia,Pennsylvania,Democrat,36.4,60698.0,1715.4754572988052,4517.0
Kofe,4.0,Tampa,Florida,Republican,39.6,71302.0,2011.9116084311615,1284.0
Valerio Coffee Roasters,4.5,Audubon,Pennsylvania,Democrat,55.4,107785.0,,
Old World Coffee Lab,4.5,Reno,Nevada,Democrat,37.3,78448.0,1895.051309846432,920.0
Starbucks,3.5,Indianapolis,Indiana,Democrat,35.3,62995.0,1376.034945102525,913.0
McDonald's,2.0,Earth City,Missouri,Democrat,,55279.0,,
Starbucks,3.0,Harvey,Louisiana,Republican,31.2,43524.0,1309.2763532763531,
McDonald's,2.0,Tucson,Arizona,Democrat,37.9,54546.0,1468.4007810603507,904.0
Starbucks,3.0,Newtown Square,Pennsylvania,Democrat,,60698.0,3116.611111111111,
Cajé Coffee Roasters,4.5,Santa Barbara,California,Democrat,38.6,101672.0,3646.9091098603294,
Starbucks,4.0,Largo,Florida,Republican,38.5,60465.0,1787.582052090859,
The Tea Cozy,3.0,Indianapolis,Indiana,Democrat,35.3,62995.0,1376.034945102525,913.0
Dunkin',2.0,Philadelphia,Pennsylvania,Democrat,36.4,60698.0,1715.4754572988052,4517.0
Frances'bakery & Coffee House,2.5,Metairie,Louisiana,Republican,31.2,73256.0,1645.3324786324786,
Starbucks,3.0,Tampa,Florida,Republican,39.6,71302.0,2011.9116084311615,1284.0
Wawa,3.5,Marlton,New Jersey,Democrat,42.1,94160.0,,
Wawa,3.5,Harleysville,Pennsylvania,Democrat,55.4,111530.0,,
Oh Yeah,3.5,Pinellas Park,Florida,Republican,38.5,62043.0,2039.4087024087028,
Starbucks,3.5,Wynnewood,Pennsylvania,Democrat,55.4,214857.0,2129.761111111111,
Gia Pronto,3.5,Philadelphia,Pennsylvania,Democrat,36.4,60698.0,1715.4754572988052,4517.0
Vapor Road - St. Pete,3.5,St. Petersburg,Florida,Republican,38.5,73118.0,,1632.0
Batture Bites & Brew,4.5,Jefferson,Louisiana,Republican,31.2,56875.0,1506.25,
Dunkin',3.5,Troy,Illinois,Republican,32.0,97825.0,,
Starbucks,3.5,Saint Petersburg,Florida,Republican,,71302.0,,
Just Love Coffee Cafe,4.5,Brandon,Florida,Republican,39.6,77068.0,1944.9896640826876,
Philadelphia Java Company,4.0,Philadelphia,Pennsylvania,Democrat,36.4,60698.0,1715.4754572988052,4517.0
The Bakery/Sweet IRB,4.0,Indian Rocks Beach,Florida,Republican,38.5,98279.0,3046.3888888888887,
Broadcast Coffee,4.5,Boise,Idaho,Republican,46.3,76402.0,1769.288449703903,
McDonald's,1.5,Reno,Nevada,Democrat,37.3,78448.0,1895.051309846432,920.0
Beyond Bread,4.0,Tucson,Arizona,Democrat,37.9,54546.0,1468.4007810603507,904.0
Wawa,2.5,Tampa,Florida,Republican,39.6,71302.0,2011.9116084311615,1284.0
McDonald's,1.5,Tucson,Arizona,Democrat,37.9,54546.0,1468.4007810603507,904.0
T'ever Cafe,4.5,West Chester,Pennsylvania,Democrat,58.0,81492.0,2121.137626262627,
Starbucks,3.5,Carmel,Indiana,Republican,62.7,134602.0,1827.6327732974908,
Dr Coffee,4.5,Philadelphia,Pennsylvania,Democrat,36.4,60698.0,1715.4754572988052,4517.0
Chompsky's,4.5,Wenonah,New Jersey,Republican,37.6,130473.0,,
Starbucks,2.5,Philadelphia,Pennsylvania,Democrat,36.4,60698.0,1715.4754572988052,4517.0
New Orleans Cake Café & Bakery,4.5,New Orleans,Louisiana,Democrat,43.3,55339.0,1635.4273395346563,892.0
Black Rock Coffee Bar,3.5,Tucson,Arizona,Democrat,37.9,54546.0,1468.4007810603507,904.0
Dunkin',1.5,Malaga,New Jersey,Republican,37.6,107875.0,,
Mitchell’s Coffee Time,4.0,Lutz,Florida,Republican,39.6,114516.0,2055.789287749288,
Fenwick’s 300,3.5,Nashville,Tennessee,Democrat,51.2,75197.0,1803.1395088912257,537.0
Opheliya's Coffee and Pizza,4.5,Philadelphia,Pennsylvania,Democrat,36.4,60698.0,1715.4754572988052,4517.0
Caribou Coffee,4.0,Tampa,Florida,Republican,39.6,71302.0,2011.9116084311615,1284.0
Starbucks,4.0,Town and Country,Missouri,Democrat,46.7,237083.0,,
Linda's Place,3.5,Holiday,Florida,Republican,31.3,43996.0,1689.6786324786324,
The Original Sunrise Cafe,3.5,Meridian,Idaho,Republican,46.3,98686.0,2015.2290262803235,
Wawa,4.5,Philadelphia,Pennsylvania,Democrat,36.4,60698.0,1715.4754572988052,4517.0
Starbucks,3.5,Abington,Pennsylvania,Democrat,,60698.0,,
Dunkin',2.5,Saint Petersburg,Florida,Republican,,71302.0,,
Sólo Espresso,4.5,New Orleans,Louisiana,Democrat,43.3,55339.0,1635.4273395346563,892.0
Sweetie Cup Thai Cafe,4.5,St. Louis,Missouri,Democrat,46.7,55279.0,,1943.0
Magnolia Cafe,3.5,Saint Louis,Missouri,Democrat,,55279.0,,
Amelia's,4.5,Indianapolis,Indiana,Democrat,35.3,62995.0,1376.034945102525,913.0
Cafe Carib,3.5,Indianapolis,Indiana,Democrat,35.3,62995.0,1376.034945102525,913.0
Dunkin',3.5,Mount Laurel,New Jersey,Democrat,,91000.0,,
Rise'n Roll Bakery - Broad Ripple,4.5,Indianapolis,Indiana,Democrat,35.3,62995.0,1376.034945102525,913.0
McDonald's,2.0,Clearwater,Florida,Republican,38.5,64440.0,1956.247155052128,1727.0
McDonald's,1.0,Philadelphia,Pennsylvania,Democrat,36.4,60698.0,1715.4754572988052,4517.0
The Cookery,4.5,Nashville,Tennessee,Democrat,51.2,75197.0,1803.1395088912257,537.0
Fante's Kitchen Shop,4.5,Philadelphia,Pennsylvania,Democrat,36.4,60698.0,1715.4754572988052,4517.0
La Citadelle,3.5,Philadelphia,Pennsylvania,Democrat,36.4,60698.0,1715.4754572988052,4517.0
Alchemist Coffee Roasting,4.5,Boise,Idaho,Republican,46.3,76402.0,1769.288449703903,
Plenty Cafe,3.5,Philadelphia,Pennsylvania,Democrat,36.4,60698.0,1715.4754572988052,4517.0
Schakolad Chocolate Factory,4.5,Saint Petersburg,Florida,Republican,,71302.0,,
McDonald's,2.0,Wilmington,Delaware,Democrat,38.7,55269.0,1756.0830026455026,
McDonald's,1.5,St. Louis,Missouri,Democrat,46.7,55279.0,,1943.0
Starbucks,3.5,Ladue,Missouri,Democrat,46.7,250001.0,,
Crieve Hall Bagel,5.0,Nashville,Tennessee,Democrat,51.2,75197.0,1803.1395088912257,537.0
Wawa,3.5,Woolwich Twp.,New Jersey,Republican,,91000.0,,
Teavana,2.0,Willow Grove,Pennsylvania,Democrat,55.4,98402.0,2074.1666666666665,
Coffee X Change,3.5,Tucson,Arizona,Democrat,37.9,54546.0,1468.4007810603507,904.0
The Well Coffeehouse,4.5,Fishers,Indiana,Republican,62.7,128141.0,1951.650886475448,
Mortar & Pestle,4.0,Tampa,Florida,Republican,39.6,71302.0,2011.9116084311615,1284.0
Barista Parlor,3.5,Nashville,Tennessee,Democrat,51.2,75197.0,1803.1395088912257,537.0
Red Bicycle Coffee,3.5,Nashville,Tennessee,Democrat,51.2,75197.0,1803.1395088912257,537.0
McDonald's,2.5,Tarpon Springs,Florida,Republican,38.5,68877.0,2048.196581196581,
7-Eleven,1.5,Reno,Nevada,Democrat,37.3,78448.0,1895.051309846432,920.0
Starbucks,3.5,Florissant,Missouri,Democrat,46.7,66344.0,1490.5542857142857,
Bean Street Cafe,4.0,Marlton,New Jersey,Democrat,42.1,94160.0,,
Silo Coffee + Goods,4.5,Saint Louis,Missouri,Democrat,,55279.0,,
Eggs Up Grill,4.0,Riverview,Florida,Republican,39.6,95442.0,2171.145685305324,
Wawa,3.5,Lumberton,New Jersey,Democrat,,91000.0,,
Nine Lives Cat Cafe,4.5,Indianapolis,Indiana,Democrat,35.3,62995.0,1376.034945102525,913.0
Let's YO!,2.5,Marlton,New Jersey,Democrat,42.1,94160.0,,
Northstar Coffee,4.0,Santa Barbara,California,Democrat,38.6,101672.0,3646.9091098603294,
Wild Eggs,3.5,Nashville,Tennessee,Democrat,51.2,75197.0,1803.1395088912257,537.0
Dunkin',1.0,Silverdale,Pennsylvania,Republican,45.2,102500.0,,
Starbucks,3.0,Clearwater,Florida,Republican,38.5,64440.0,1956.247155052128,1727.0
Steep Station,4.0,Tampa,Florida,Republican,39.6,71302.0,2011.9116084311615,1284.0
Joffrey's Coffee & Tea Co.,3.5,Tampa,Florida,Republican,39.6,71302.0,2011.9116084311615,1284.0
Ombre Coffee,4.0,Tucson,Arizona,Democrat,37.9,54546.0,1468.4007810603507,904.0
Dunkin',2.0,Willow Grove,Pennsylvania,Democrat,55.4,98402.0,2074.1666666666665,
Dunkin',1.5,North Wales,Pennsylvania,Democrat,55.4,115833.0,1930.419047619048,
Dunkin',1.0,Swedesboro,New Jersey,Republican,37.6,91000.0,2950.0,
Vitality Bowls - King of Prussia,4.0,King of Prussia,Pennsylvania,Democrat,55.4,86149.0,2166.7329901329904,
Geist Coffee,4.5,Fishers,Indiana,Republican,62.7,128141.0,1951.650886475448,
Bamboozle Channelside,4.0,Tampa,Florida,Republican,39.6,71302.0,2011.9116084311615,1284.0
McDonald's,2.0,Spring Hill,Florida,Republican,22.1,66557.0,1896.568681988972,
Kaldi’s Coffee,4.5,St. Louis,Missouri,Democrat,46.7,55279.0,,1943.0
Kung Fu Tea,4.5,Plainfield,Indiana,Republican,37.1,85074.0,1703.8148148148148,
Starbucks,3.5,Tampa,Florida,Republican,39.6,71302.0,2011.9116084311615,1284.0
Chateau Coffee Cafe,3.5,Kenner,Louisiana,Republican,31.2,64099.0,1663.6666666666667,
The Roost,4.5,Reno,Nevada,Democrat,37.3,78448.0,1895.051309846432,920.0
Wawa,3.5,Collingswood,New Jersey,Democrat,38.8,83917.0,1593.4864417989418,
Dunkin',3.0,Wilmington,Delaware,Democrat,38.7,55269.0,1756.0830026455026,
The Bridge,4.0,Nashville,Tennessee,Democrat,51.2,75197.0,1803.1395088912257,537.0
Coffee House Too,4.5,Philadelphia,Pennsylvania,Democrat,36.4,60698.0,1715.4754572988052,4517.0
Ultimo Coffee Bar,3.5,Philadelphia,Pennsylvania,Democrat,36.4,60698.0,1715.4754572988052,4517.0
The Galley Cafe,4.0,Philadelphia,Pennsylvania,Democrat,36.4,60698.0,1715.4754572988052,4517.0
McDonald's,1.5,St. Louis,Missouri,Democrat,46.7,55279.0,,1943.0
Starbucks,3.5,Sparks,Nevada,Democrat,37.3,86979.0,1964.762212770985,
Java's Brewin,4.5,Royersford,Pennsylvania,Democrat,55.4,67083.0,1867.1333333333328,
Gladeville Market And Grill,4.5,Lebanon,Tennessee,Republican,40.2,71320.0,1620.6513457556937,
Starbucks,2.5,Conshohocken,Pennsylvania,Democrat,55.4,117330.0,2378.5670794633643,
Shot In The Dark Cafe,3.5,Tucson,Arizona,Democrat,37.9,54546.0,1468.4007810603507,904.0
Dolce Enigma,5.0,Tampa,Florida,Republican,39.6,71302.0,2011.9116084311615,1284.0
Coffee Cup,4.5,Indianapolis,Indiana,Democrat,35.3,62995.0,1376.034945102525,913.0
The Pharmacy,2.5,Philadelphia,Pennsylvania,Democrat,36.4,60698.0,1715.4754572988052,4517.0
Starbucks,3.5,Carmel,Indiana,Republican,62.7,134602.0,1827.6327732974908,
The Witch's Brew,4.0,Palm Harbor,Florida,Republican,38.5,75354.0,1901.0656790123455,
YoguLatte,4.0,Indianapolis,Indiana,Democrat,35.3,62995.0,1376.034945102525,913.0
7-Eleven,3.5,Saint Petersburg Beach,Florida,Republican,,71302.0,,
Dunkin',2.0,Burlington,New Jersey,Democrat,,78009.0,,
China Bistro,4.0,Avon,Indiana,Republican,37.1,80292.0,1762.1857142857143,
Provence Breads & Cafe,3.5,Nashville,Tennessee,Democrat,51.2,75197.0,1803.1395088912257,537.0
The Gables Cafe,5.0,Philadelphia,Pennsylvania,Democrat,36.4,60698.0,1715.4754572988052,4517.0
McDonald's,2.0,Bensalem,Pennsylvania,Republican,,60698.0,1804.6603174603176,
Frutta Bowls,4.0,Nashville,Tennessee,Democrat,51.2,75197.0,1803.1395088912257,537.0
El Libre,4.5,New Orleans,Louisiana,Democrat,43.3,55339.0,1635.4273395346563,892.0
7-Eleven,2.5,Reno,Nevada,Democrat,37.3,78448.0,1895.051309846432,920.0
Yolk White & Associates,5.0,Tampa,Florida,Republican,39.6,71302.0,2011.9116084311615,1284.0
Dunkin',2.0,Marana,Arizona,Democrat,37.9,108256.0,2097.519841269841,
up-RYES Bagel & Deli,4.0,Bryn Mawr,Pennsylvania,Democrat,55.4,87218.0,2184.9999999999995,
7-Eleven,2.5,Ardmore,Pennsylvania,Democrat,55.4,115273.0,2250.083333333333,
Tin Cup Coffee,4.0,Nashville,Tennessee,Democrat,51.2,75197.0,1803.1395088912257,537.0
McDonald's,2.0,Eagle,Idaho,Republican,46.3,118037.0,1985.2402777777777,
Starbucks,4.0,Williamstown,New Jersey,Republican,37.6,87021.0,,
Dart Coffee Co,4.5,Santa Barbara,California,Democrat,38.6,101672.0,3646.9091098603294,
McDonald's,1.5,St. Louis,Missouri,Democrat,46.7,55279.0,,1943.0
Kaldi's Coffee,4.0,Kirkwood,Missouri,Democrat,46.7,117439.0,2012.5779645191408,
McDonald's,1.5,Nashville,Tennessee,Democrat,51.2,75197.0,1803.1395088912257,537.0
Casablanca Coffee,3.0,Nashville,Tennessee,Democrat,51.2,75197.0,1803.1395088912257,537.0
7-Eleven,2.0,Saint Louis,Missouri,Democrat,,55279.0,,
McDonald's,2.0,Tucson,Arizona,Democrat,37.9,54546.0,1468.4007810603507,904.0
Quick Chek,3.0,Lawrenceville,New Jersey,Democrat,47.3,118482.0,,
Blossom Cafe,4.5,Skippack,Pennsylvania,Democrat,,143611.0,,
7-Eleven,3.5,Trenton,New Jersey,Democrat,47.3,47102.0,2197.5047619047623,
McDonald's,1.5,Nashville,Tennessee,Democrat,51.2,75197.0,1803.1395088912257,537.0
Manakeesh Cafe Bakery & Grill,4.0,Philadelphia,Pennsylvania,Democrat,36.4,60698.0,1715.4754572988052,4517.0
Wawa,4.0,Philadelphia,Pennsylvania,Democrat,36.4,60698.0,1715.4754572988052,4517.0
Caffeina Roasting Company,4.0,Boise,Idaho,Republican,46.3,76402.0,1769.288449703903,
Carmel Chocolate Cafe,4.0,Carmel,Indiana,Republican,62.7,134602.0,1827.6327732974908,
Starbucks,3.5,Tucson,Arizona,Democrat,37.9,54546.0,1468.4007810603507,904.0
Rowhome Coffee,4.5,Philadelphia,Pennsylvania,Democrat,36.4,60698.0,1715.4754572988052,4517.0
Brew 52,4.5,New Palestine,Indiana,Republican,35.9,93170.0,,
Addicted To The Bean,3.5,Madeira Beach,Florida,Republican,38.5,79798.0,2394.3888888888887,
Elkins Perk,4.5,Elkins Park,Pennsylvania,Democrat,55.4,129773.0,1571.5555555555557,
2nd Street Café Express,3.0,Reno,Nevada,Democrat,37.3,78448.0,1895.051309846432,920.0
Just Desserts & Coffee House,3.5,Tucson,Arizona,Democrat,37.9,54546.0,1468.4007810603507,904.0
Passyunk Avenue Philly Bagels,3.5,Philadelphia,Pennsylvania,Democrat,36.4,60698.0,1715.4754572988052,4517.0
Yeast Nashville,4.5,Nashville,Tennessee,Democrat,51.2,75197.0,1803.1395088912257,537.0
Dunkin' - Philadelphia,2.0,Philadelphia,Pennsylvania,Democrat,36.4,60698.0,1715.4754572988052,4517.0
Frog Pond,4.0,North Redington Beach,Florida,Republican,38.5,94044.0,,
Riverluna,2.5,New Orleans,Louisiana,Democrat,43.3,55339.0,1635.4273395346563,892.0
Starbucks,4.0,Wayne,Pennsylvania,Democrat,44.4,143981.0,2133.833333333333,
Circle K,2.5,Tucson,Arizona,Democrat,37.9,54546.0,1468.4007810603507,904.0
Starbucks,3.5,Cherry Hill,New Jersey,Democrat,38.8,91000.0,2419.9864433811804,
McDonald's,2.0,Trinity,Florida,Republican,31.3,113125.0,,
Endgrain Coffee Roasters,4.5,Collingswood,New Jersey,Democrat,38.8,83917.0,1593.4864417989418,
Adventure Coffee Roasting,5.0,Tucson,Arizona,Democrat,37.9,54546.0,1468.4007810603507,904.0
The Buzz,3.0,Tampa,Florida,Republican,39.6,71302.0,2011.9116084311615,1284.0
Clearwater Bagels,3.5,Clearwater,Florida,Republican,38.5,64440.0,1956.247155052128,1727.0
Starbucks,2.5,Newark,Delaware,Democrat,38.7,71373.0,2153.965643274854,
Caffe Luce,4.0,Tucson,Arizona,Democrat,37.9,54546.0,1468.4007810603507,904.0
Noble Earth,4.5,Bristol,Pennsylvania,Republican,,70595.0,1622.25,
Maui Wowi,4.5,Mount Juliet,Tennessee,Republican,40.2,107847.0,2179.7969498910675,
Le Crepe Cafe,4.0,Reno,Nevada,Democrat,37.3,78448.0,1895.051309846432,920.0
McDonald's,2.0,Lindenwold,New Jersey,Democrat,38.8,55099.0,,
McDonald's,2.0,Kenner,Louisiana,Republican,31.2,64099.0,1663.6666666666667,
Custom Cafe and Catering,4.0,St Pete Beach,Florida,Republican,,71302.0,2648.071428571429,
Lokale Juice,4.5,Nolensville,Tennessee,Republican,65.8,170068.0,2958.472222222222,
Dunkin',2.5,Boothwyn,Pennsylvania,Democrat,44.4,83444.0,,
Santa Ana's Colombian Bakery & Sandwich Shop,4.5,Town 'n' Country,Florida,Republican,39.6,68350.0,,
Davis Cookware & Cutlery Shop,4.0,Nashville,Tennessee,Democrat,51.2,75197.0,1803.1395088912257,537.0
Starbucks,2.5,St. Louis,Missouri,Democrat,46.7,55279.0,,1943.0
7-Eleven,2.5,Dover,Florida,Republican,39.6,42222.0,,
Harvest House,4.5,Wilmington,Delaware,Democrat,38.7,55269.0,1756.0830026455026,
The Well Coffeehouse,4.0,Nashville,Tennessee,Democrat,51.2,75197.0,1803.1395088912257,537.0
Teaspoon Cafe,3.5,Tucson,Arizona,Democrat,37.9,54546.0,1468.4007810603507,904.0
Premium Steap,4.0,Philadelphia,Pennsylvania,Democrat,36.4,60698.0,1715.4754572988052,4517.0
McDonald's,1.5,Tampa,Florida,Republican,39.6,71302.0,2011.9116084311615,1284.0
Starbucks,3.5,Boise,Idaho,Republican,46.3,76402.0,1769.288449703903,
Dunkin',2.0,Overland,Missouri,Democrat,46.7,57755.0,1344.4444444444443,
Kung Fu Tea,4.5,Metairie,Louisiana,Republican,31.2,73256.0,1645.3324786324786,
Starbucks,2.0,Lumberton,New Jersey,Democrat,,91000.0,,
Unleavened Bread Cafe,4.5,Indianapolis,Indiana,Democrat,35.3,62995.0,1376.034945102525,913.0
Brew,4.5,Philadelphia,Pennsylvania,Democrat,36.4,60698.0,1715.4754572988052,4517.0
Wawa,3.5,Lansdowne,Pennsylvania,Democrat,44.4,69261.0,1439.3333333333333,
Gelato Dolceria,5.0,Collingswood,New Jersey,Democrat,38.8,83917.0,1593.4864417989418,
The Head Nut,4.0,Philadelphia,Pennsylvania,Democrat,36.4,60698.0,1715.4754572988052,4517.0
Aperitivo,5.0,Santa Barbara,California,Democrat,38.6,101672.0,3646.9091098603294,
Starbucks,3.0,King of Prussia,Pennsylvania,Democrat,55.4,86149.0,2166.7329901329904,
Wawa,3.0,St. Petersburg,Florida,Republican,38.5,73118.0,,1632.0
Gia Pronto,4.0,Philadelphia,Pennsylvania,Democrat,36.4,60698.0,1715.4754572988052,4517.0
Frida’s Oaxacan Cuisine,5.0,Nashville,Tennessee,Democrat,51.2,75197.0,1803.1395088912257,537.0
Dunkin',2.5,Valrico,Florida,Republican,39.6,98451.0,2396.349170437405,
Starbucks,2.0,Tucson,Arizona,Democrat,37.9,54546.0,1468.4007810603507,904.0
McDonald's,1.5,Indianapolis,Indiana,Democrat,35.3,62995.0,1376.034945102525,913.0
Foo Kitchen,4.5,Philadelphia,Pennsylvania,Democrat,36.4,60698.0,1715.4754572988052,4517.0
Good Karma Cafe,4.5,Philadelphia,Pennsylvania,Democrat,36.4,60698.0,1715.4754572988052,4517.0
Green Island,4.5,Tampa,Florida,Republican,39.6,71302.0,2011.9116084311615,1284.0
Epicure Cafe,3.0,Philadelphia,Pennsylvania,Democrat,36.4,60698.0,1715.4754572988052,4517.0
Dunkin',3.0,Nashville,Tennessee,Democrat,51.2,75197.0,1803.1395088912257,537.0
Starbucks,2.5,Tampa,Florida,Republican,39.6,71302.0,2011.9116084311615,1284.0
Gia Pronto,4.0,Philadelphia,Pennsylvania,Democrat,36.4,60698.0,1715.4754572988052,4517.0
WaWa,2.5,Philadelphia,Pennsylvania,Democrat,36.4,60698.0,1715.4754572988052,4517.0
WIN Bubble Tea - White Bridge,4.0,Nashville,Tennessee,Democrat,51.2,75197.0,1803.1395088912257,537.0
Dutch Bros Coffee,4.0,Meridian,Idaho,Republican,46.3,98686.0,2015.2290262803235,
Starbucks,3.5,Philadelphia,Pennsylvania,Democrat,36.4,60698.0,1715.4754572988052,4517.0
Mile Square Coffee,5.0,Indianapolis,Indiana,Democrat,35.3,62995.0,1376.034945102525,913.0
"DRIP Kratom, Kava, Vapor & Brew Bar",4.5,Tampa,Florida,Republican,39.6,71302.0,2011.9116084311615,1284.0
Dunkin',2.0,Hatfield,Pennsylvania,Democrat,,72070.0,1615.111111111111,
McDonald's,2.0,Tampa,Florida,Republican,39.6,71302.0,2011.9116084311615,1284.0
Mammoth Coffee,4.0,Philadelphia,Pennsylvania,Democrat,36.4,60698.0,1715.4754572988052,4517.0
Amsterdam Lounge,3.5,Boise,Idaho,Republican,46.3,76402.0,1769.288449703903,
8th & Roast,4.5,Nashville,Tennessee,Democrat,51.2,75197.0,1803.1395088912257,537.0
Intermezzo Coffee & Cocktails,4.5,Saint Petersburg,Florida,Republican,,71302.0,,
Speedway,2.5,Indianapolis,Indiana,Democrat,35.3,62995.0,1376.034945102525,913.0
Dogs-N-Donuts,5.0,Tucson,Arizona,Democrat,37.9,54546.0,1468.4007810603507,904.0
Lpcx Cafe,3.0,Tampa,Florida,Republican,39.6,71302.0,2011.9116084311615,1284.0
Reds Bin 211,4.0,Santa Barbara,California,Democrat,38.6,101672.0,3646.9091098603294,
Starbucks,4.0,Philadelphia,Pennsylvania,Democrat,36.4,60698.0,1715.4754572988052,4517.0
Slow By Slow Coffee Bar,4.5,Boise,Idaho,Republican,46.3,76402.0,1769.288449703903,
Yaa’s Fruitea Cafe,5.0,Philadelphia,Pennsylvania,Democrat,36.4,60698.0,1715.4754572988052,4517.0
Starbucks,3.0,Levittown,Pennsylvania,Republican,45.2,101619.0,1847.9166666666667,
McDonald's,1.0,Norristown,Pennsylvania,Democrat,55.4,65058.0,1698.5733057280884,
Ultimo Coffee,4.0,Philadelphia,Pennsylvania,Democrat,36.4,60698.0,1715.4754572988052,4517.0
Tazzina Di Gelato,4.0,Tucson,Arizona,Democrat,37.9,54546.0,1468.4007810603507,904.0
Starbucks,1.0,Apollo Beach,Florida,Republican,39.6,113130.0,2339.319035947712,
The Daily Grind,3.5,Mount Holly,New Jersey,Democrat,,91000.0,,
Jack's Donuts,4.0,Indianapolis,Indiana,Democrat,35.3,62995.0,1376.034945102525,913.0
Dunkin',3.5,Springfield,Pennsylvania,Democrat,,60698.0,,
Maui Wowi Hawaiian Coffee and Smoothies,5.0,Franklin,Tennessee,Republican,65.8,115000.0,2052.104521404521,
iMunch Cafe,4.5,Philadelphia,Pennsylvania,Democrat,36.4,60698.0,1715.4754572988052,4517.0
McDonald's,2.0,Dresher,Pennsylvania,Democrat,,60698.0,,
The Sweet Bean,5.0,Nashville,Tennessee,Democrat,51.2,75197.0,1803.1395088912257,537.0
McDonald's,3.0,Clearwater,Florida,Republican,38.5,64440.0,1956.247155052128,1727.0
Wawa,4.0,Woodlyn,Pennsylvania,Democrat,44.4,71978.0,,
Panera Bread,2.5,Brentwood,Tennessee,Republican,65.8,184720.0,2257.203703703704,
Mojo Coffee Roasters,5.0,New Orleans,Louisiana,Democrat,43.3,55339.0,1635.4273395346563,892.0
Ready Set Yo,4.0,Indian Rocks Beach,Florida,Republican,38.5,98279.0,3046.3888888888887,
Calvin Fletcher's Coffee Company,4.5,Indianapolis,Indiana,Democrat,35.3,62995.0,1376.034945102525,913.0
Metropolitan Bakery,4.0,Philadelphia,Pennsylvania,Democrat,36.4,60698.0,1715.4754572988052,4517.0
Kung Fu Tea,3.5,East Norriton,Pennsylvania,Republican,25.9,60698.0,,
New Orleans Coffee & Beignet,4.0,New Orleans,Louisiana,Democrat,43.3,55339.0,1635.4273395346563,892.0
Starbucks,2.5,Tucson,Arizona,Democrat,37.9,54546.0,1468.4007810603507,904.0
Starbucks Coffee,3.5,Metairie,Louisiana,Republican,31.2,73256.0,1645.3324786324786,
Cafe Del Mar,2.0,Clearwater,Florida,Republican,38.5,64440.0,1956.247155052128,1727.0
Potter's Tea House,5.0,Meridian,Idaho,Republican,46.3,98686.0,2015.2290262803235,
McDonald's,1.5,Saint Louis,Missouri,Democrat,,55279.0,,
Puna Cafe,4.5,Arnold,Missouri,Republican,25.5,75194.0,1574.3055555555557,
Big Moe's Coffee Emporium,3.0,Tucson,Arizona,Democrat,37.9,54546.0,1468.4007810603507,904.0
Kaldi's Coffee,4.5,St. Louis,Missouri,Democrat,46.7,55279.0,,1943.0
Rooster - South Grand,3.5,Saint Louis,Missouri,Democrat,,55279.0,,
Tastee Donuts,3.0,Harahan,Louisiana,Republican,31.2,78222.0,1320.2777777777776,
Gingerbread Caffe,3.0,New Orleans,Louisiana,Democrat,43.3,55339.0,1635.4273395346563,892.0
Arts & Letters Cafe,4.5,Santa Barbara,California,Democrat,38.6,101672.0,3646.9091098603294,
Star Bagel Cafe,4.0,Nashville,Tennessee,Democrat,51.2,75197.0,1803.1395088912257,537.0
Starbucks,2.0,Philadelphia,Pennsylvania,Democrat,36.4,60698.0,1715.4754572988052,4517.0
Alfredo Italian Byo,3.5,Berwyn,Pennsylvania,Democrat,58.0,137206.0,2563.366666666667,
Yolk - City Way,4.0,Indianapolis,Indiana,Democrat,35.3,62995.0,1376.034945102525,913.0
Dream House Cafe,5.0,Marrero,Louisiana,Republican,31.2,45633.0,1651.5873015873017,
Wawa,3.0,Williamstown,New Jersey,Republican,37.6,87021.0,,
Open Society,4.0,Indianapolis,Indiana,Democrat,35.3,62995.0,1376.034945102525,913.0
Starbucks,2.5,Largo,Florida,Republican,38.5,60465.0,1787.582052090859,
McDonald's,1.5,Hermitage,Tennessee,Democrat,,75197.0,,
The Spicery,5.0,Kimmswick,Missouri,Republican,25.5,68375.0,,
The Living Room Cafe,4.5,Philadelphia,Pennsylvania,Democrat,36.4,60698.0,1715.4754572988052,4517.0
Shameless Grounds,4.5,Saint Louis,Missouri,Democrat,,55279.0,,
Dunkin',2.5,Dunedin,Florida,Republican,38.5,68068.0,2087.5775446775447,
Starbucks,3.0,Camby,Indiana,Democrat,,62995.0,,
Moonshot Coffee Bar,4.5,Nashville,Tennessee,Democrat,51.2,75197.0,1803.1395088912257,537.0
Starbucks,3.0,Philadelphia,Pennsylvania,Democrat,36.4,60698.0,1715.4754572988052,4517.0
Cappuccino's Bakery and Cafe Wine Bar,2.0,Dunedin,Florida,Republican,38.5,68068.0,2087.5775446775447,
Flying Cloud Tea & Gifts,5.0,Dunedin,Florida,Republican,38.5,68068.0,2087.5775446775447,
Nicoletti's Cafe,3.5,Isla Vista,California,Democrat,38.6,24428.0,9082.222222222224,
Nook,4.0,Tucson,Arizona,Democrat,37.9,54546.0,1468.4007810603507,904.0
Wawa,3.0,Conshohocken,Pennsylvania,Democrat,55.4,117330.0,2378.5670794633643,
Starbucks,3.0,Tampa,Florida,Republican,39.6,71302.0,2011.9116084311615,1284.0
Bittersweet Kitchen,4.5,Media,Pennsylvania,Democrat,44.4,86219.0,1922.0873015873012,
Dunkin',2.5,Mullica Hill,New Jersey,Republican,37.6,133750.0,,
Jack's Donuts,3.0,Indianapolis,Indiana,Democrat,35.3,62995.0,1376.034945102525,913.0
The Abbey Espresso Bar and Café,4.5,Belleville,Illinois,Democrat,34.2,60529.0,1072.5014005602245,
Taste of Lebanon,3.5,St Louis,Missouri,Democrat,,55279.0,1297.475912635836,
McDonald's,2.0,Reno,Nevada,Democrat,37.3,78448.0,1895.051309846432,920.0
Cool Mo's Coffee,4.5,Tampa,Florida,Republican,39.6,71302.0,2011.9116084311615,1284.0
Cafe Grindstone,4.0,Philadelphia,Pennsylvania,Democrat,36.4,60698.0,1715.4754572988052,4517.0
Wawa,4.0,Tampa,Florida,Republican,39.6,71302.0,2011.9116084311615,1284.0
Starbucks,3.0,Manchester,Missouri,Democrat,46.7,92839.0,1347.8333333333333,
Gather,4.5,St. Louis,Missouri,Democrat,46.7,55279.0,,1943.0
McDonald's,1.5,Tucson,Arizona,Democrat,37.9,54546.0,1468.4007810603507,904.0
The Koelschip,4.0,Indianapolis,Indiana,Democrat,35.3,62995.0,1376.034945102525,913.0
Good Cup,4.0,Santa Barbara,California,Democrat,38.6,101672.0,3646.9091098603294,
Onus Donuts,4.5,Santa Barbara,California,Democrat,38.6,101672.0,3646.9091098603294,
Founded Coffee & Pizza,4.0,Philadelphia,Pennsylvania,Democrat,36.4,60698.0,1715.4754572988052,4517.0
Dee's Coffee,3.5,New Orleans,Louisiana,Democrat,43.3,55339.0,1635.4273395346563,892.0
Speedway,3.5,Palm Harbor,Florida,Republican,38.5,75354.0,1901.0656790123455,
Speedway,3.0,Carmel,Indiana,Republican,62.7,134602.0,1827.6327732974908,
McDonald's,1.5,Land O' Lakes,Florida,Republican,31.3,98648.0,,
Enchanted Apothecary,4.0,Saint Petersburg,Florida,Republican,,71302.0,,
The Sweet Spot,3.0,St. Petersburg,Florida,Republican,38.5,73118.0,,1632.0
La Faraona Cigars,4.5,Tampa,Florida,Republican,39.6,71302.0,2011.9116084311615,1284.0
McDonald's,1.5,Metairie,Louisiana,Republican,31.2,73256.0,1645.3324786324786,
Ding Tea Philadelphia,4.0,Philadelphia,Pennsylvania,Democrat,36.4,60698.0,1715.4754572988052,4517.0
Circle K,2.0,Tucson,Arizona,Democrat,37.9,54546.0,1468.4007810603507,904.0
The Scented Leaf,4.5,Tucson,Arizona,Democrat,37.9,54546.0,1468.4007810603507,904.0
The Wooden Rooster,4.0,St Petersburg,Florida,Republican,,71302.0,2063.6960586694618,
Eggstravaganza Cafe,4.5,Antioch,Tennessee,Democrat,,75197.0,,
New Orleans Original Daquiris,4.0,Jefferson,Louisiana,Republican,31.2,56875.0,1506.25,
The Chelsea St Pete,5.0,St Petersburg,Florida,Republican,,71302.0,2063.6960586694618,
Menagerie Coffee,4.5,Philadelphia,Pennsylvania,Democrat,36.4,60698.0,1715.4754572988052,4517.0
Sucré,4.5,New Orleans,Louisiana,Democrat,43.3,55339.0,1635.4273395346563,892.0
Nanny Lou's Kitchen,4.0,Belleville,Illinois,Democrat,34.2,60529.0,1072.5014005602245,
EllasCafe and Creperie,4.0,Tarpon Springs,Florida,Republican,38.5,68877.0,2048.196581196581,
Starbucks,3.0,Tampa,Florida,Republican,39.6,71302.0,2011.9116084311615,1284.0
JAVA Ink,3.0,Philadelphia,Pennsylvania,Democrat,36.4,60698.0,1715.4754572988052,4517.0
Irish Coffee Shop,4.5,Upper Darby,Pennsylvania,Democrat,,60698.0,1262.75,
Starbucks,3.5,Hockessin,Delaware,Democrat,38.7,172695.0,3090.0,
French Truck Coffee,4.5,New Orleans,Louisiana,Democrat,43.3,55339.0,1635.4273395346563,892.0
Starbucks,3.0,Brookhaven,Pennsylvania,Democrat,44.4,96393.0,,
La Divina Gelateria,2.5,New Orleans,Louisiana,Democrat,43.3,55339.0,1635.4273395346563,892.0
Krispy Kreme,3.0,New Castle,Delaware,Democrat,38.7,92565.0,1786.4166666666667,
McDonald's,2.0,Meridian,Idaho,Republican,46.3,98686.0,2015.2290262803235,
Church Alley Coffee Bar,4.0,New Orleans,Louisiana,Democrat,43.3,55339.0,1635.4273395346563,892.0
Starbucks,3.0,Spring Hill,Florida,Republican,22.1,66557.0,1896.568681988972,
McDonald's,1.5,Nashville,Tennessee,Democrat,51.2,75197.0,1803.1395088912257,537.0
Artisan Boulanger Patissier,4.5,Philadelphia,Pennsylvania,Democrat,36.4,60698.0,1715.4754572988052,4517.0
Prince Tea House,4.5,Philadelphia,Pennsylvania,Democrat,36.4,60698.0,1715.4754572988052,4517.0
Dunkin',3.5,Philadelphia,Pennsylvania,Democrat,36.4,60698.0,1715.4754572988052,4517.0
Wawa,2.5,Bristol,Pennsylvania,Republican,,70595.0,1622.25,
McDonald's,2.0,Royersford,Pennsylvania,Democrat,55.4,67083.0,1867.1333333333328,
Cartel Roasting,4.0,Tucson,Arizona,Democrat,37.9,54546.0,1468.4007810603507,904.0
Beach Bowl,3.5,Carpinteria,California,Democrat,38.6,104233.0,4234.166666666667,
Pressed,4.0,New Orleans,Louisiana,Democrat,43.3,55339.0,1635.4273395346563,892.0
Kaldi's Coffee Roasting Company,4.5,Clayton,Missouri,Democrat,46.7,128898.0,1712.9682539682535,
Village Bagels,4.0,Mullica Hill,New Jersey,Republican,37.6,133750.0,,
Maple Street Biscuit Company - Riverview,4.5,Riverview,Florida,Republican,39.6,95442.0,2171.145685305324,
Hubbard & Cravens,3.5,Carmel,Indiana,Republican,62.7,134602.0,1827.6327732974908,
Indica Cafe,4.5,Tampa,Florida,Republican,39.6,71302.0,2011.9116084311615,1284.0
So Crepe,4.5,Philadelphia,Pennsylvania,Democrat,36.4,60698.0,1715.4754572988052,4517.0
Dunkin',2.5,Kenner,Louisiana,Republican,31.2,64099.0,1663.6666666666667,
RULU Coffee,5.0,Trinity,Florida,Republican,31.3,113125.0,,
Capital Coffee,3.5,Bellevue,Tennessee,Democrat,,75197.0,,
Starbucks,4.0,Voorhees,New Jersey,Democrat,,66927.0,,
Java Station,3.5,Santa Barbara,California,Democrat,38.6,101672.0,3646.9091098603294,
Yellow Brick Coffee,4.5,Tucson,Arizona,Democrat,37.9,54546.0,1468.4007810603507,904.0
Green Star Coffee,5.0,Goleta,California,Democrat,38.6,118039.0,3642.484920634921,
Dreams Ice Cream at Glenside,4.0,Glenside,Pennsylvania,Democrat,55.4,101050.0,,
Beyond Bread,4.0,Tucson,Arizona,Democrat,37.9,54546.0,1468.4007810603507,904.0
Bison Coffee,4.5,Philadelphia,Pennsylvania,Democrat,36.4,60698.0,1715.4754572988052,4517.0
Devour Desserts,4.5,Mantua Township,New Jersey,Republican,,91000.0,,
Lola's Cafe,4.5,Philadelphia,Pennsylvania,Democrat,36.4,60698.0,1715.4754572988052,4517.0
French Press Coffee House,3.0,Metairie,Louisiana,Republican,31.2,73256.0,1645.3324786324786,
Portland Brew East,3.5,Nashville,Tennessee,Democrat,51.2,75197.0,1803.1395088912257,537.0
Rise Kitchen & Bakery,3.0,Tampa,Florida,Republican,39.6,71302.0,2011.9116084311615,1284.0
Paris Baguette,4.5,Philadelphia,Pennsylvania,Democrat,36.4,60698.0,1715.4754572988052,4517.0
The Corner,4.0,Media,Pennsylvania,Democrat,44.4,86219.0,1922.0873015873012,
McDonald's,2.0,Tucson,Arizona,Democrat,37.9,54546.0,1468.4007810603507,904.0
Lynn Coffee Bean & Teas,5.0,Newtown,Pennsylvania,Republican,45.2,146765.0,2431.944444444445,
Tyler's Donuts,4.0,Carpinteria,California,Democrat,38.6,104233.0,4234.166666666667,
Grimm & Gorly Flowers & Gifts,4.0,Belleville,Illinois,Democrat,34.2,60529.0,1072.5014005602245,
Wawa,3.0,Pinellas Park,Florida,Republican,38.5,62043.0,2039.4087024087028,
Kickstart Cafe,4.0,Saint Louis,Missouri,Democrat,,55279.0,,
Starbucks,2.5,St. Ann,Missouri,Democrat,46.7,52059.0,,
Red Hot Tiki Spicy Gourmet Market,4.5,Gulfport,Florida,Republican,38.5,68617.0,2081.904761904762,
The Coffee House at Second and Bridge,4.0,Franklin,Tennessee,Republican,65.8,115000.0,2052.104521404521,
Coffee House New Orleans,4.5,New Orleans,Louisiana,Democrat,43.3,55339.0,1635.4273395346563,892.0
Wawa,2.5,Cheltenham,Pennsylvania,Democrat,,60698.0,,
Capogiro Gelato,4.0,Philadelphia,Pennsylvania,Democrat,36.4,60698.0,1715.4754572988052,4517.0
Wawa,3.5,Philadelphia,Pennsylvania,Democrat,36.4,60698.0,1715.4754572988052,4517.0
McDonald's,1.5,Largo,Florida,Republican,38.5,60465.0,1787.582052090859,
McDonald's,1.5,Seminole,Florida,Republican,38.5,77335.0,2247.2611111111114,
Terrazu,3.0,New Orleans,Louisiana,Democrat,43.3,55339.0,1635.4273395346563,892.0
Cafe Du Monde,3.5,Gretna,Louisiana,Republican,31.2,46045.0,1570.4761904761906,
Satsuma Cafe,4.5,New Orleans,Louisiana,Democrat,43.3,55339.0,1635.4273395346563,892.0
Starbucks,2.5,Cherry Hill,New Jersey,Democrat,38.8,91000.0,2419.9864433811804,
Nestle Toll House Cafe by Chip,3.5,Tampa,Florida,Republican,39.6,71302.0,2011.9116084311615,1284.0
Morning Call Coffee Stand,4.0,New Orleans,Louisiana,Democrat,43.3,55339.0,1635.4273395346563,892.0
Wawa,3.5,Tampa,Florida,Republican,39.6,71302.0,2011.9116084311615,1284.0
Happy Bread Cafe,4.0,Philadelphia,Pennsylvania,Democrat,36.4,60698.0,1715.4754572988052,4517.0
Wawa,3.0,Buckingham,Pennsylvania,Republican,,60698.0,,
7-Eleven,2.5,Tampa,Florida,Republican,39.6,71302.0,2011.9116084311615,1284.0
Cafe Walnut,4.5,Philadelphia,Pennsylvania,Democrat,36.4,60698.0,1715.4754572988052,4517.0
Quickly Boba Cafe USF,4.5,Tampa Bay,Florida,Republican,,71302.0,,
Wawa,3.5,Flourtown,Pennsylvania,Democrat,55.4,144634.0,,
Dunkin',2.0,Philadelphia,Pennsylvania,Democrat,36.4,60698.0,1715.4754572988052,4517.0
PROVIDER,4.5,Indianapolis,Indiana,Democrat,35.3,62995.0,1376.034945102525,913.0
McDonald's,2.5,Bethalto,Illinois,Republican,32.0,66469.0,,
Snack Shack,2.5,Lafayette Hill,Pennsylvania,Democrat,,60698.0,,
Panera Bread,2.5,Philadelphia,Pennsylvania,Democrat,36.4,60698.0,1715.4754572988052,4517.0
The Urban Cafe,4.0,Philadelphia,Pennsylvania,Democrat,36.4,60698.0,1715.4754572988052,4517.0
Byrdie's,4.5,New Orleans,Louisiana,Democrat,43.3,55339.0,1635.4273395346563,892.0
Hello Juice & Smoothie,4.5,St. Louis,Missouri,Democrat,46.7,55279.0,,1943.0
Tim Hortons,3.5,Stratford,New Jersey,Democrat,38.8,100735.0,,
Cornbread and Coffee,4.5,Philadelphia,Pennsylvania,Democrat,36.4,60698.0,1715.4754572988052,4517.0
Finca Café,4.5,Trenton,New Jersey,Democrat,47.3,47102.0,2197.5047619047623,
Command Coffee,4.5,Indianapolis,Indiana,Democrat,35.3,62995.0,1376.034945102525,913.0
Moxie Java - Meridian,3.5,Meridian,Idaho,Republican,46.3,98686.0,2015.2290262803235,
Potts & Penn Family Dinner,4.0,Pottstown,Pennsylvania,Democrat,55.4,56174.0,1755.439393939394,
Crepesody,4.0,Philadelphia,Pennsylvania,Democrat,36.4,60698.0,1715.4754572988052,4517.0
Wawa,3.5,Plymouth Meeting,Pennsylvania,Democrat,55.4,109706.0,2298.111111111112,
Lombard Cafe,4.5,Philadelphia,Pennsylvania,Democrat,36.4,60698.0,1715.4754572988052,4517.0
Starbucks,3.5,Tampa,Florida,Republican,39.6,71302.0,2011.9116084311615,1284.0
McDonald's,2.0,Antioch,Tennessee,Democrat,,75197.0,,
Georgia Street Grind,5.0,Indianapolis,Indiana,Democrat,35.3,62995.0,1376.034945102525,913.0
The Handcrafted Cookie Company,5.0,Phoenixville,Pennsylvania,Democrat,58.0,94411.0,2006.513888888889,
Wawa,2.0,New Castle,Delaware,Democrat,38.7,92565.0,1786.4166666666667,
Califarmia Truck,4.5,Nashville,Tennessee,Democrat,51.2,75197.0,1803.1395088912257,537.0
Mount Royal Bagel Company,4.0,Marlton,New Jersey,Democrat,42.1,94160.0,,
Starbucks,4.0,Flourtown,Pennsylvania,Democrat,55.4,144634.0,,
Bula Kafe,4.0,Saint Petersburg,Florida,Republican,,71302.0,,
The Buttermilk Drop,3.5,New Orleans,Louisiana,Democrat,43.3,55339.0,1635.4273395346563,892.0
Paradise Donuts,3.5,Pottstown,Pennsylvania,Democrat,55.4,56174.0,1755.439393939394,
Starbucks,1.5,St. Louis,Missouri,Democrat,46.7,55279.0,,1943.0
St. Pete Bagel Co,4.0,Largo,Florida,Republican,38.5,60465.0,1787.582052090859,
Grounded Coffee Cafe,4.5,Jefferson,Louisiana,Republican,31.2,56875.0,1506.25,
Starbucks,3.5,West Chester,Pennsylvania,Democrat,58.0,81492.0,2121.137626262627,
Craft Kafe,4.5,Saint Petersburg,Florida,Republican,,71302.0,,
Àrdana Food & Drink,4.5,Warrington,Pennsylvania,Republican,,60698.0,,
Starbucks,3.5,Philadelphia,Pennsylvania,Democrat,36.4,60698.0,1715.4754572988052,4517.0
Wicked Bagelz,2.5,Westampton,New Jersey,Democrat,,91000.0,,
Barnes & Noble Booksellers,3.5,Saint Louis,Missouri,Democrat,,55279.0,,
i418 Café,4.0,Camden,New Jersey,Democrat,38.8,40450.0,1751.447619047619,
Starbucks,3.0,Tucson,Arizona,Democrat,37.9,54546.0,1468.4007810603507,904.0
Wawa,2.5,Philadelphia,Pennsylvania,Democrat,36.4,60698.0,1715.4754572988052,4517.0
Starbucks,3.0,Philadelphia,Pennsylvania,Democrat,36.4,60698.0,1715.4754572988052,4517.0
McDonald's,1.5,Philadelphia,Pennsylvania,Democrat,36.4,60698.0,1715.4754572988052,4517.0
Spread Peace Cafe,2.5,Reno,Nevada,Democrat,37.3,78448.0,1895.051309846432,920.0
Dunkin',1.5,Largo,Florida,Republican,38.5,60465.0,1787.582052090859,
Tucson Coffee Roasters,4.5,Tucson,Arizona,Democrat,37.9,54546.0,1468.4007810603507,904.0
McDonald's,2.0,Boise,Idaho,Republican,46.3,76402.0,1769.288449703903,
Saxby's Coffee,4.0,Doylestown,Pennsylvania,Republican,,93672.0,2597.1666666666665,
Starbucks,3.0,New Port Richey,Florida,Republican,31.3,46160.0,1753.8333333333333,
Dunkin',1.5,Seminole,Florida,Republican,38.5,77335.0,2247.2611111111114,
PJ's Coffee,4.0,New Orleans,Louisiana,Democrat,43.3,55339.0,1635.4273395346563,892.0
Starbucks,3.0,Reno,Nevada,Democrat,37.3,78448.0,1895.051309846432,920.0
Paris Baguette,4.0,Philadelphia,Pennsylvania,Democrat,36.4,60698.0,1715.4754572988052,4517.0
Dune Coffee Roasters - Storke,4.0,Goleta,California,Democrat,38.6,118039.0,3642.484920634921,
Big Heart Coffee,4.0,Tucson,Arizona,Democrat,37.9,54546.0,1468.4007810603507,904.0
Perenn Bakery,4.5,Reno,Nevada,Democrat,37.3,78448.0,1895.051309846432,920.0
Mini Donut Company,4.5,Creve Coeur,Missouri,Democrat,46.7,119454.0,1351.9381313131314,
McDonald's,1.5,St. Petersburg,Florida,Republican,38.5,73118.0,,1632.0
Haydel's Bake Shop,3.5,New Orleans,Louisiana,Democrat,43.3,55339.0,1635.4273395346563,892.0
Bella Dolce Bakery,4.0,Santa Barbara,California,Democrat,38.6,101672.0,3646.9091098603294,
Dunkin',2.5,Cinnaminson,New Jersey,Democrat,,91000.0,,
Le Macaron French Pastries,4.5,Tampa,Florida,Republican,39.6,71302.0,2011.9116084311615,1284.0
Blueprint Coffee,4.5,Saint Louis,Missouri,Democrat,,55279.0,,
Ana's Corner Store,2.5,Elkins Park,Pennsylvania,Democrat,55.4,129773.0,1571.5555555555557,
Panera Bread,2.5,Newark,Delaware,Democrat,38.7,71373.0,2153.965643274854,
Dunkin',4.0,Tampa,Florida,Republican,39.6,71302.0,2011.9116084311615,1284.0
Jeannine's American Bakery Restaurant,4.0,Santa Barbara,California,Democrat,38.6,101672.0,3646.9091098603294,
Wawa,4.0,Valrico,Florida,Republican,39.6,98451.0,2396.349170437405,
The Nashville Grange,3.5,Nashville,Tennessee,Democrat,51.2,75197.0,1803.1395088912257,537.0
McDonald's,2.0,Tampa,Florida,Republican,39.6,71302.0,2011.9116084311615,1284.0
Nordstrom Ebar Artisan Coffee,4.5,Saint Louis,Missouri,Democrat,,55279.0,,
Retrograde Coffee,4.0,Nashville,Tennessee,Democrat,51.2,75197.0,1803.1395088912257,537.0
Paciugo Gelato and Caffe,4.0,Newark,Delaware,Democrat,38.7,71373.0,2153.965643274854,
FETCH! Fido & Bongo To Go,3.0,Nashville,Tennessee,Democrat,51.2,75197.0,1803.1395088912257,537.0
The Human Bean - Boise,3.5,Boise,Idaho,Republican,46.3,76402.0,1769.288449703903,
Li’s Smoothie Bar,4.5,Mansfield,New Jersey,Democrat,,91000.0,,
Starbucks,3.5,Tucson,Arizona,Democrat,37.9,54546.0,1468.4007810603507,904.0
McDonald's,2.0,East Norriton,Pennsylvania,Republican,25.9,60698.0,,
Eli's Bakery Cafe,4.5,Norristown,Pennsylvania,Democrat,55.4,65058.0,1698.5733057280884,
The Good Cup,4.0,Franklin,Tennessee,Republican,65.8,115000.0,2052.104521404521,
FroYo Frozen Yogurt,4.0,Indianapolis,Indiana,Democrat,35.3,62995.0,1376.034945102525,913.0
Starbucks,3.0,Malvern,Pennsylvania,Democrat,58.0,106638.0,2467.1635327635327,
Bubble Time,4.0,Philadelphia,Pennsylvania,Democrat,36.4,60698.0,1715.4754572988052,4517.0
McDonald's,1.5,Nashville,Tennessee,Democrat,51.2,75197.0,1803.1395088912257,537.0
Cafe de Blaire,5.0,St. Louis,Missouri,Democrat,46.7,55279.0,,1943.0
Lulu Cafe,4.5,Philadelphia,Pennsylvania,Democrat,36.4,60698.0,1715.4754572988052,4517.0
Alice Bakery & Confectionary,4.0,Ambler,Pennsylvania,Democrat,55.4,80795.0,2596.6666666666665,
Coolside Gelato Bar,5.0,Palm Harbor,Florida,Republican,38.5,75354.0,1901.0656790123455,
Dunkin',3.5,Elkins Park,Pennsylvania,Democrat,55.4,129773.0,1571.5555555555557,
Bagel Face Bakery,4.0,Nashville,Tennessee,Democrat,51.2,75197.0,1803.1395088912257,537.0
Taste of Persia,4.5,St. Louis,Missouri,Democrat,46.7,55279.0,,1943.0
Daily Juice Cafe of Brentwood,4.5,Brentwood,Tennessee,Republican,65.8,184720.0,2257.203703703704,
"Roast, Inc",5.0,Nashville,Tennessee,Democrat,51.2,75197.0,1803.1395088912257,537.0
Swirled Peace,4.5,Lansdale,Pennsylvania,Democrat,55.4,86460.0,1966.2497212931996,
Espressit Coffee House,4.5,Haddon Township,New Jersey,Democrat,,91000.0,2853.0,
McDonald's,2.0,New Orleans,Louisiana,Democrat,43.3,55339.0,1635.4273395346563,892.0
The Well Coffeehouse,4.5,Brentwood,Tennessee,Republican,65.8,184720.0,2257.203703703704,
Dunkin',1.5,Saint Louis,Missouri,Democrat,,55279.0,,
Wawa,2.5,King Of Prussia,Pennsylvania,Democrat,55.4,86149.0,2166.7329901329904,
Rue Lafayette,4.0,Saint Louis,Missouri,Democrat,,55279.0,,
McDonald's,1.5,St. Petersburg,Florida,Republican,38.5,73118.0,,1632.0
DK Donuts,4.0,Eagle,Idaho,Republican,46.3,118037.0,1985.2402777777777,
Cafe Lift,4.0,Narberth,Pennsylvania,Democrat,55.4,119863.0,,
Brew...mostly,4.5,Madeira Beach,Florida,Republican,38.5,79798.0,2394.3888888888887,
7-Eleven,2.0,Philadelphia,Pennsylvania,Democrat,36.4,60698.0,1715.4754572988052,4517.0
Starbucks,2.5,Largo,Florida,Republican,38.5,60465.0,1787.582052090859,
7-Eleven,2.5,Reno,Nevada,Democrat,37.3,78448.0,1895.051309846432,920.0
Buddy Brew Coffee,3.5,Tampa,Florida,Republican,39.6,71302.0,2011.9116084311615,1284.0
La Casa Del Pane,4.5,St Pete Beach,Florida,Republican,,71302.0,2648.071428571429,
ICI Macarons & Cafe,5.0,Philadelphia,Pennsylvania,Democrat,36.4,60698.0,1715.4754572988052,4517.0
Vault + Vine,4.5,Philadelphia,Pennsylvania,Democrat,36.4,60698.0,1715.4754572988052,4517.0
Starbucks,3.0,Nashville,Tennessee,Democrat,51.2,75197.0,1803.1395088912257,537.0
The Mint Fox Cookies & Ice Cream,5.0,Clearwater,Florida,Republican,38.5,64440.0,1956.247155052128,1727.0
Speedway,3.0,Tampa,Florida,Republican,39.6,71302.0,2011.9116084311615,1284.0
Adelie Coffee House,5.0,Philadelphia,Pennsylvania,Democrat,36.4,60698.0,1715.4754572988052,4517.0
McDonald's,2.0,Boise,Idaho,Republican,46.3,76402.0,1769.288449703903,
Wawa,3.5,Mt. Laurel,New Jersey,Democrat,,91000.0,,
Well Fed,4.5,Schwenksville,Pennsylvania,Democrat,55.4,70833.0,,
McDonald's,2.5,Indianapolis,Indiana,Democrat,35.3,62995.0,1376.034945102525,913.0
Dunkin',3.0,Eastampton,New Jersey,Democrat,,91000.0,,
The Perch Downtown,3.5,Nashville,Tennessee,Democrat,51.2,75197.0,1803.1395088912257,537.0
Ox Coffee,4.5,Philadelphia,Pennsylvania,Democrat,36.4,60698.0,1715.4754572988052,4517.0
McDonald's,2.0,Berwyn,Pennsylvania,Democrat,58.0,137206.0,2563.366666666667,
Dunkin',3.0,Westmont,New Jersey,Democrat,38.8,111589.0,,
Starbucks,2.0,Nashville,Tennessee,Democrat,51.2,75197.0,1803.1395088912257,537.0
McDonald's,1.0,Indianapolis,Indiana,Democrat,35.3,62995.0,1376.034945102525,913.0
Starbucks,4.5,Hendersonville,Tennessee,Republican,35.1,91503.0,1604.2083028083027,
McDonald's,2.0,Philadelphia,Pennsylvania,Democrat,36.4,60698.0,1715.4754572988052,4517.0
Starbucks,3.0,New Orleans,Louisiana,Democrat,43.3,55339.0,1635.4273395346563,892.0
Starbucks,2.5,Mt. Juliet,Tennessee,Republican,,75197.0,,
Cafe TJ,3.5,Saint Louis,Missouri,Democrat,,55279.0,,
The Patio Cafe,4.5,Saint Louis,Missouri,Democrat,,55279.0,,
Campbell's Dairyland,4.0,Brandon,Florida,Republican,39.6,77068.0,1944.9896640826876,
Dunkin',2.5,Lumberton,New Jersey,Democrat,,91000.0,,
Wawa,2.5,Philadelphia,Pennsylvania,Democrat,36.4,60698.0,1715.4754572988052,4517.0
Wawa,3.5,New Port Richey,Florida,Republican,31.3,46160.0,1753.8333333333333,
Nikko's Dog Barrrrr,5.0,Saint Pete Beach,Florida,Republican,,71302.0,,
Annie Tea House,5.0,Brandon,Florida,Republican,39.6,77068.0,1944.9896640826876,
Dunkin',2.5,Newark,Delaware,Democrat,38.7,71373.0,2153.965643274854,
Reanimator Coffee,4.5,Philadelphia,Pennsylvania,Democrat,36.4,60698.0,1715.4754572988052,4517.0
McDonald's,1.5,Indianapolis,Indiana,Democrat,35.3,62995.0,1376.034945102525,913.0
FiddleCakes Cummins,3.5,Nashville,Tennessee,Democrat,51.2,75197.0,1803.1395088912257,537.0
Presta Coffee Roasters,4.5,Tucson,Arizona,Democrat,37.9,54546.0,1468.4007810603507,904.0
The Ice Cream Bar,4.0,Nashville,Tennessee,Democrat,51.2,75197.0,1803.1395088912257,537.0
Addiction,4.5,New Orleans,Louisiana,Democrat,43.3,55339.0,1635.4273395346563,892.0
The Catio Cat Lounge,5.0,Nashville,Tennessee,Democrat,51.2,75197.0,1803.1395088912257,537.0
Cooperage Wine & Whiskey Bar,4.0,Philadelphia,Pennsylvania,Democrat,36.4,60698.0,1715.4754572988052,4517.0
TechArtista - CWE,5.0,Saint Louis,Missouri,Democrat,,55279.0,,
Harry Waugh Dessert Room,4.5,Tampa,Florida,Republican,39.6,71302.0,2011.9116084311615,1284.0
Wawa,3.5,Claymont,Delaware,Democrat,38.7,75808.0,1550.7222222222224,
Philly Chocolate,3.5,Philadelphia,Pennsylvania,Democrat,36.4,60698.0,1715.4754572988052,4517.0
Buzz Coffee & Cafe,4.5,Boise,Idaho,Republican,46.3,76402.0,1769.288449703903,
McDonald's,3.5,Exton,Pennsylvania,Democrat,58.0,121189.0,2224.408187134503,
Starbucks,3.0,Florissant,Missouri,Democrat,46.7,66344.0,1490.5542857142857,
Jeni's Splendid Ice Creams,4.5,Nashville,Tennessee,Democrat,51.2,75197.0,1803.1395088912257,537.0
Sweet Spot,2.0,Doylestown,Pennsylvania,Republican,,93672.0,2597.1666666666665,
Main Squeeze Juice Co.,5.0,New Orleans,Louisiana,Democrat,43.3,55339.0,1635.4273395346563,892.0
Wabi Sabi Japanese Fusion Cafe,4.0,Palm Harbor,Florida,Republican,38.5,75354.0,1901.0656790123455,
ZenfiniTea,5.0,Tampa Bay,Florida,Republican,,71302.0,,
Big Bad Breakfast - Franklin,3.5,Franklin,Tennessee,Republican,65.8,115000.0,2052.104521404521,
McDonald's,1.5,Metairie,Louisiana,Republican,31.2,73256.0,1645.3324786324786,
Kahve Royale Eastern European Cafe,3.5,New Orleans,Louisiana,Democrat,43.3,55339.0,1635.4273395346563,892.0
Dunkin',2.5,Riverview,Florida,Republican,39.6,95442.0,2171.145685305324,
The Pool Club,3.0,Nashville,Tennessee,Democrat,51.2,75197.0,1803.1395088912257,537.0
McDonald's,1.0,Largo,Florida,Republican,38.5,60465.0,1787.582052090859,
McDonald's,2.5,Indianapolis,Indiana,Democrat,35.3,62995.0,1376.034945102525,913.0
Dutch Bros Coffee,4.0,Boise,Idaho,Republican,46.3,76402.0,1769.288449703903,
Pho Bowl - Palm Harbor,4.5,Palm Harbor,Florida,Republican,38.5,75354.0,1901.0656790123455,
Artisserie Chocolate Cafe,3.5,Philadelphia,Pennsylvania,Democrat,36.4,60698.0,1715.4754572988052,4517.0
Teassert Bar,4.0,Philadelphia,Pennsylvania,Democrat,36.4,60698.0,1715.4754572988052,4517.0
Cafe Fulya,4.0,Philadelphia,Pennsylvania,Democrat,36.4,60698.0,1715.4754572988052,4517.0
Jack's Donuts - Avon,3.5,AVON,Indiana,Republican,37.1,80292.0,1762.1857142857143,
Restituo,4.5,Saint Louis,Missouri,Democrat,,55279.0,,
The Latin Spot,3.5,Lutz,Florida,Republican,39.6,114516.0,2055.789287749288,
7-Eleven,2.5,Reno,Nevada,Democrat,37.3,78448.0,1895.051309846432,920.0
McDonald's,1.5,Nashville,Tennessee,Democrat,51.2,75197.0,1803.1395088912257,537.0
111 Cakery,3.5,Indianapolis,Indiana,Democrat,35.3,62995.0,1376.034945102525,913.0
35 Below,4.0,Tampa,Florida,Republican,39.6,71302.0,2011.9116084311615,1284.0
Saxbys Coffee,3.5,Lansdale,Pennsylvania,Democrat,55.4,86460.0,1966.2497212931996,
Dunkin',1.5,Land O Lakes,Florida,Republican,,71302.0,2296.723625140292,
Genaro Coffee Company,4.0,St. Petersburg,Florida,Republican,38.5,73118.0,,1632.0
Dunkin',2.0,Turnersville,New Jersey,Republican,37.6,156176.0,,
Dunkin',2.0,Ballwin,Missouri,Democrat,46.7,121170.0,1887.119047619048,
Gong Cha,4.0,Cherry Hill,New Jersey,Democrat,38.8,91000.0,2419.9864433811804,
McDonald's,2.0,Franklin,Tennessee,Republican,65.8,115000.0,2052.104521404521,
Madera Coffee Roasting Company,4.0,Nashville,Tennessee,Democrat,51.2,75197.0,1803.1395088912257,537.0
Dunkin',3.0,Tampa,Florida,Republican,39.6,71302.0,2011.9116084311615,1284.0
Crystal & Spice Shoppe,5.0,Belleville,Illinois,Democrat,34.2,60529.0,1072.5014005602245,
Scooped Ice Cream & Gelato,4.5,Media,Pennsylvania,Democrat,44.4,86219.0,1922.0873015873012,
Starbucks,3.0,Reno,Nevada,Democrat,37.3,78448.0,1895.051309846432,920.0
Dunkin',2.0,Tampa,Florida,Republican,39.6,71302.0,2011.9116084311615,1284.0
Dunkin',2.0,Palm Harbor,Florida,Republican,38.5,75354.0,1901.0656790123455,
Joe & Onie's,4.5,Belleville,Illinois,Democrat,34.2,60529.0,1072.5014005602245,
FreeStyle Cupcake Bar,4.0,Cumberland,Indiana,Republican,35.9,84167.0,,
Desert Sun Bagel,4.0,Reno,Nevada,Democrat,37.3,78448.0,1895.051309846432,920.0
McDonald's,3.0,Perkasie,Pennsylvania,Republican,45.2,99474.0,,
Afandi Sweets & Cafe,4.5,St. Louis,Missouri,Democrat,46.7,55279.0,,1943.0
Jeannine's American Bakery Restaurant,4.5,Goleta,California,Democrat,38.6,118039.0,3642.484920634921,
Fiorella's Bistro and Wine Bar,4.0,New Orleans,Louisiana,Democrat,43.3,55339.0,1635.4273395346563,892.0
McDonald's,3.0,Tampa,Florida,Republican,39.6,71302.0,2011.9116084311615,1284.0
The Cup,4.5,Saint Louis,Missouri,Democrat,,55279.0,,
Wawa,4.5,Paoli,Pennsylvania,Democrat,58.0,117094.0,2429.0333333333333,
Rudee's Thai Cuisine,4.0,Wynnewood,Pennsylvania,Democrat,55.4,214857.0,2129.761111111111,
Prytania Hall Coffee,5.0,New Orleans,Louisiana,Democrat,43.3,55339.0,1635.4273395346563,892.0
Dunkin',2.5,Largo,Florida,Republican,38.5,60465.0,1787.582052090859,
Diamond Doughnuts,4.5,Smyrna,Tennessee,Republican,36.6,78409.0,1682.256728778468,
Dunkin',3.0,Voorhees,New Jersey,Democrat,,66927.0,,
Xo Coffee & Tea Bar,4.0,Goleta,California,Democrat,38.6,118039.0,3642.484920634921,
Dunkin',2.0,Philadelphia,Pennsylvania,Democrat,36.4,60698.0,1715.4754572988052,4517.0
Takoda Gourmet,4.5,Reno,Nevada,Democrat,37.3,78448.0,1895.051309846432,920.0
Evermore Coffee Roasters,5.0,Burlington,New Jersey,Democrat,,78009.0,,
Speedway,3.5,Fishers,Indiana,Republican,62.7,128141.0,1951.650886475448,
McDonald's,1.5,Spring Hill,Florida,Republican,22.1,66557.0,1896.568681988972,
Wild Bill's Four Bars,3.0,Nashville,Tennessee,Democrat,51.2,75197.0,1803.1395088912257,537.0
Kung Fu Tea,5.0,Philadelphia,Pennsylvania,Democrat,36.4,60698.0,1715.4754572988052,4517.0
Pizzaz Pizza,2.0,Woodlyn,Pennsylvania,Democrat,44.4,71978.0,,
Roast Coffee Bar & Roasting Facility,4.0,Boise,Idaho,Republican,46.3,76402.0,1769.288449703903,
Lucky Llama Coffee,4.5,Carpinteria,California,Democrat,38.6,104233.0,4234.166666666667,
Ohana Coffee Kava Tea,4.0,Largo,Florida,Republican,38.5,60465.0,1787.582052090859,
Sweetea Cafe,4.5,Lutz,Florida,Republican,39.6,114516.0,2055.789287749288,
Lamara Coffee & Kitchen,4.5,New Orleans,Louisiana,Democrat,43.3,55339.0,1635.4273395346563,892.0
Ugly Mug Coffee Cafe and Roastery,4.5,Nashville,Tennessee,Democrat,51.2,75197.0,1803.1395088912257,537.0
Starbucks,3.0,Nashville,Tennessee,Democrat,51.2,75197.0,1803.1395088912257,537.0
Down To Earth Cafe,4.0,Perkasie,Pennsylvania,Republican,45.2,99474.0,,
Nestle Toll House Cafe by Chip,3.5,Indianapolis,Indiana,Democrat,35.3,62995.0,1376.034945102525,913.0
Starbucks,2.5,Reno,Nevada,Democrat,37.3,78448.0,1895.051309846432,920.0
The Bean Exchange Coffeehouse,3.5,Philadelphia,Pennsylvania,Democrat,36.4,60698.0,1715.4754572988052,4517.0
Starbucks,3.5,Carmel,Indiana,Republican,62.7,134602.0,1827.6327732974908,
Starbucks,2.5,Philadelphia,Pennsylvania,Democrat,36.4,60698.0,1715.4754572988052,4517.0
Phat Bites,4.0,Nashville,Tennessee,Democrat,51.2,75197.0,1803.1395088912257,537.0
Banyan Cafe And Catering,4.0,Saint Petersburg,Florida,Republican,,71302.0,,
Douglas Corner Cafe,4.0,Nashville,Tennessee,Democrat,51.2,75197.0,1803.1395088912257,537.0
Frenchmen All Day,4.5,New Orleans,Louisiana,Democrat,43.3,55339.0,1635.4273395346563,892.0
Cafe Korzo,4.0,Saint Louis,Missouri,Democrat,,55279.0,,
Wawa,2.0,Bridgeport,Pennsylvania,Democrat,55.4,79247.0,1725.8333333333333,
Dunkin',3.0,Philadelphia,Pennsylvania,Democrat,36.4,60698.0,1715.4754572988052,4517.0
Pulgarcito 503,3.5,Tampa,Florida,Republican,39.6,71302.0,2011.9116084311615,1284.0
Mountaineer Coffee,4.5,Oldsmar,Florida,Republican,38.5,76100.0,1936.440476190476,
Gala's Gelateria and More,4.5,Clearwater,Florida,Republican,38.5,64440.0,1956.247155052128,1727.0
Luna Café & Provisions,4.0,Philadelphia,Pennsylvania,Democrat,36.4,60698.0,1715.4754572988052,4517.0
Big Star Coffee,5.0,Meridian,Idaho,Republican,46.3,98686.0,2015.2290262803235,
Fit Bowl Co,4.5,Tampa,Florida,Republican,39.6,71302.0,2011.9116084311615,1284.0
McDonald's,1.5,Levittown,Pennsylvania,Republican,45.2,101619.0,1847.9166666666667,
Gelato Di Riso,4.5,Saint Louis,Missouri,Democrat,,55279.0,,
The Mud House,4.5,Saint Louis,Missouri,Democrat,,55279.0,,
Starbucks,3.5,Lithia,Florida,Republican,,71302.0,2419.722222222222,
Big Star Coffee,4.0,Eagle,Idaho,Republican,46.3,118037.0,1985.2402777777777,
Wawa,3.5,Magnolia,New Jersey,Democrat,38.8,89489.0,,
Dessertcrazy,4.5,Philadelphia,Pennsylvania,Democrat,36.4,60698.0,1715.4754572988052,4517.0
Cafe Bích Nga,4.0,Pinellas Park,Florida,Republican,38.5,62043.0,2039.4087024087028,
Starbucks,3.0,Tampa,Florida,Republican,39.6,71302.0,2011.9116084311615,1284.0
Graze 1910,4.0,Tampa,Florida,Republican,39.6,71302.0,2011.9116084311615,1284.0
Bagels & Co,4.0,Philadelphia,Pennsylvania,Democrat,36.4,60698.0,1715.4754572988052,4517.0
Laverna's Coffee Shop,4.0,Tucson,Arizona,Democrat,37.9,54546.0,1468.4007810603507,904.0
Caffeine Roasters,4.5,Tampa,Florida,Republican,39.6,71302.0,2011.9116084311615,1284.0
The Urban Juicer,3.5,Franklin,Tennessee,Republican,65.8,115000.0,2052.104521404521,
Starbucks,3.0,St. Louis,Missouri,Democrat,46.7,55279.0,,1943.0
Grain and Berry,4.0,Tampa,Florida,Republican,39.6,71302.0,2011.9116084311615,1284.0
Simply Sherry,5.0,Boyertown,Pennsylvania,Republican,28.5,54179.0,,
Egg,4.5,Saint Louis,Missouri,Democrat,,55279.0,,
Starbucks,3.5,Tucson,Arizona,Democrat,37.9,54546.0,1468.4007810603507,904.0
Pho Can Tho By 1,4.0,Tucson,Arizona,Democrat,37.9,54546.0,1468.4007810603507,904.0
Elixir Cafe,2.5,Philadelphia,Pennsylvania,Democrat,36.4,60698.0,1715.4754572988052,4517.0
The Daily Grind Coffee Co.,4.0,New Orleans,Louisiana,Democrat,43.3,55339.0,1635.4273395346563,892.0
Loon Fong 2,3.5,Pinellas Park,Florida,Republican,38.5,62043.0,2039.4087024087028,
Dunkin Donuts ,2.0,Tampa,Florida,Republican,39.6,71302.0,2011.9116084311615,1284.0
Starbucks,2.0,Gretna,Louisiana,Republican,31.2,46045.0,1570.4761904761906,
Calm Waters Coffee Roasters,4.5,Bristol,Pennsylvania,Republican,,70595.0,1622.25,
Maya Tea Company,4.5,Tucson,Arizona,Democrat,37.9,54546.0,1468.4007810603507,904.0
Wawa,3.0,Yardley,Pennsylvania,Republican,45.2,118750.0,2695.7000000000003,
Brickstreet Brew,5.0,Lebanon,Illinois,Democrat,34.2,84766.0,,
Day and Night Cereal Bar,4.0,Greenwood,Indiana,Republican,38.0,78765.0,1632.2466230936818,
Nicahabana Cigars,5.0,Tampa,Florida,Republican,39.6,71302.0,2011.9116084311615,1284.0
Starbucks,3.5,Philadelphia,Pennsylvania,Democrat,36.4,60698.0,1715.4754572988052,4517.0
Cafe At Bobby,3.5,Nashville,Tennessee,Democrat,51.2,75197.0,1803.1395088912257,537.0
The Turning Point of Blue Bell,3.0,Blue Bell,Pennsylvania,Democrat,55.4,159963.0,2504.2666666666664,
Starbucks,4.0,Brandon,Florida,Republican,39.6,77068.0,1944.9896640826876,
Dunkin',1.5,Gulfport,Florida,Republican,38.5,68617.0,2081.904761904762,
Grandma Zooks,4.5,Glenmoore,Pennsylvania,Democrat,58.0,161818.0,,
Milque Toast Bar,4.5,St. Louis,Missouri,Democrat,46.7,55279.0,,1943.0
Starbucks,2.5,Tucson,Arizona,Democrat,37.9,54546.0,1468.4007810603507,904.0
Jeannine’s American Bakery & Restaurant,5.0,Santa Barbara,California,Democrat,38.6,101672.0,3646.9091098603294,
Cooperella Cafe and House of Art,4.0,Maplewood,Missouri,Democrat,46.7,65510.0,1205.2407407407406,
Cafe Clover,4.5,Elkins Park,Pennsylvania,Democrat,55.4,129773.0,1571.5555555555557,
Wawa,4.0,Mount Laurel,New Jersey,Democrat,,91000.0,,
McDonald's,1.0,Peerless Park,Missouri,Democrat,,55279.0,,
Sweet Nel's,4.0,Wilmington,Delaware,Democrat,38.7,55269.0,1756.0830026455026,
7-Eleven,4.0,Saint Petersburg,Florida,Republican,,71302.0,,
Tim Hortons Cafe & Bake Shop,3.0,Maplewood,Missouri,Democrat,46.7,65510.0,1205.2407407407406,
McDonald's,2.5,Chalmette,Louisiana,Republican,,56875.0,1436.9444444444446,
Goshen Coffee,4.5,Edwardsville,Illinois,Republican,32.0,92671.0,1571.0952380952378,
7-Eleven,2.5,Isla Vista,California,Democrat,38.6,24428.0,9082.222222222224,
Dunkin',3.0,Indianapolis,Indiana,Democrat,35.3,62995.0,1376.034945102525,913.0
The Jungle,3.5,Reno,Nevada,Democrat,37.3,78448.0,1895.051309846432,920.0
McDonald's,3.0,Indianapolis,Indiana,Democrat,35.3,62995.0,1376.034945102525,913.0
Dunkin',2.0,La Vergne,Tennessee,Republican,36.6,80418.0,2092.735897435897,
Buzz Cafe,4.5,Philadelphia,Pennsylvania,Democrat,36.4,60698.0,1715.4754572988052,4517.0
Starbucks,3.0,Marana,Arizona,Democrat,37.9,108256.0,2097.519841269841,
Wood-Fire Roasted Coffee Company,5.0,Reno,Nevada,Democrat,37.3,78448.0,1895.051309846432,920.0
McDonald's,1.5,Tucson,Arizona,Democrat,37.9,54546.0,1468.4007810603507,904.0
7-Eleven,3.5,Saint Petersburg,Florida,Republican,,71302.0,,
Dunkin',2.0,Paoli,Pennsylvania,Democrat,58.0,117094.0,2429.0333333333333,
Rione,4.5,Philadelphia,Pennsylvania,Democrat,36.4,60698.0,1715.4754572988052,4517.0
Wawa,3.5,Norristown,Pennsylvania,Democrat,55.4,65058.0,1698.5733057280884,
Saint Louis Kolache,4.5,St. Louis,Missouri,Democrat,46.7,55279.0,,1943.0
The Hot Tomato,4.0,Ruskin,Florida,Republican,39.6,76402.0,2210.5286195286194,
Dunkin',1.0,Tampa,Florida,Republican,39.6,71302.0,2011.9116084311615,1284.0
Cafe Charlie,3.5,Clearwater,Florida,Republican,38.5,64440.0,1956.247155052128,1727.0
Mojo Books & Records,4.5,Tampa,Florida,Republican,39.6,71302.0,2011.9116084311615,1284.0
Locals Coffee & Eatery,4.5,Wyndmoor,Pennsylvania,Democrat,55.4,142583.0,,
Bubblelicious Lab,4.5,Cherry Hill,New Jersey,Democrat,38.8,91000.0,2419.9864433811804,
Dunkin',2.5,Trenton,New Jersey,Democrat,47.3,47102.0,2197.5047619047623,
The Family Wash,4.0,Nashville,Tennessee,Democrat,51.2,75197.0,1803.1395088912257,537.0
Tilly's Tea Room,4.0,Indianapolis,Indiana,Democrat,35.3,62995.0,1376.034945102525,913.0
Mojo Coffee House,4.0,New Orleans,Louisiana,Democrat,43.3,55339.0,1635.4273395346563,892.0
The Mystic Coffee House,2.5,Nashville,Tennessee,Democrat,51.2,75197.0,1803.1395088912257,537.0
Nashville Coffees,4.5,Nashville,Tennessee,Democrat,51.2,75197.0,1803.1395088912257,537.0
Counter Market & Deli,3.5,New Orleans,Louisiana,Democrat,43.3,55339.0,1635.4273395346563,892.0
Cup of Jo Cafe,5.0,Harleysville,Pennsylvania,Democrat,55.4,111530.0,,
Dunkin',2.5,Drexel Hill,Pennsylvania,Democrat,44.4,87993.0,1913.0555555555557,
Starbucks,3.5,Indianapolis,Indiana,Democrat,35.3,62995.0,1376.034945102525,913.0
The Coffee Brake,4.0,Indianapolis,Indiana,Democrat,35.3,62995.0,1376.034945102525,913.0
Starbucks,3.0,Nashville,Tennessee,Democrat,51.2,75197.0,1803.1395088912257,537.0
Dunkin',1.5,Tampa,Florida,Republican,39.6,71302.0,2011.9116084311615,1284.0
Congo Square Coffee House,3.0,New Orleans,Louisiana,Democrat,43.3,55339.0,1635.4273395346563,892.0
Cork & Beans Coffee House & Wine Lounge,4.5,Dunedin,Florida,Republican,38.5,68068.0,2087.5775446775447,
Harvest Coffee Roastery,4.5,Medford,New Jersey,Democrat,,91000.0,,
McDonald's,2.0,Plainfield,Indiana,Republican,37.1,85074.0,1703.8148148148148,
Knead Bagels,4.5,Philadelphia,Pennsylvania,Democrat,36.4,60698.0,1715.4754572988052,4517.0
Starbucks,3.0,Valley Park,Missouri,Democrat,46.7,64470.0,1525.8,
Gabriella's,3.0,Tampa,Florida,Republican,39.6,71302.0,2011.9116084311615,1284.0
Starbucks,2.0,St. Louis,Missouri,Democrat,46.7,55279.0,,1943.0
Dunkin',3.5,Kennett Square,Pennsylvania,Democrat,58.0,74259.0,2455.2000000000003,
The Bagel Place,4.0,Philadelphia,Pennsylvania,Democrat,36.4,60698.0,1715.4754572988052,4517.0
Dunkin',2.0,Sparks,Nevada,Democrat,37.3,86979.0,1964.762212770985,
Pangean Coffee Roasters,5.0,Tucson,Arizona,Democrat,37.9,54546.0,1468.4007810603507,904.0
Gelateria Tavolini,4.5,Saint Louis,Missouri,Democrat,,55279.0,,
McDonald's,2.5,Goleta,California,Democrat,38.6,118039.0,3642.484920634921,
PJ's Coffee,3.5,Harvey,Louisiana,Republican,31.2,43524.0,1309.2763532763531,
Kodawari Cafe,4.0,Tampa,Florida,Republican,39.6,71302.0,2011.9116084311615,1284.0
Starbucks,2.5,Philadelphia,Pennsylvania,Democrat,36.4,60698.0,1715.4754572988052,4517.0
Presto Kombucha,4.0,Carmel,Indiana,Republican,62.7,134602.0,1827.6327732974908,
Heavenly Sweets Bakery,4.5,New Orleans,Louisiana,Democrat,43.3,55339.0,1635.4273395346563,892.0
Daylight Donuts,4.0,Greenwood,Indiana,Republican,38.0,78765.0,1632.2466230936818,
Evil Eye Café,4.5,Philadelphia,Pennsylvania,Democrat,36.4,60698.0,1715.4754572988052,4517.0
State Street Coffee,3.5,Santa Barbara,California,Democrat,38.6,101672.0,3646.9091098603294,
Wawa,3.5,Woodstown,New Jersey,Republican,24.4,101855.0,,
McDonald's,1.5,Berlin,New Jersey,Democrat,38.8,101008.0,,
The Gold Standard Cafe,3.0,Philadelphia,Pennsylvania,Democrat,36.4,60698.0,1715.4754572988052,4517.0
Clementine's Naughty and Nice Creamery,4.5,Clayton,Missouri,Democrat,46.7,128898.0,1712.9682539682535,
The Artisan Exchange,4.5,West Chester,Pennsylvania,Democrat,58.0,81492.0,2121.137626262627,
7-Eleven,2.0,Tucson,Arizona,Democrat,37.9,54546.0,1468.4007810603507,904.0
Factory Girl Bake Shop,4.5,New Hope,Pennsylvania,Republican,45.2,158929.0,,
Urban Juice Co,4.0,Tampa,Florida,Republican,39.6,71302.0,2011.9116084311615,1284.0
Saxbys Coffee,3.5,Ambler,Pennsylvania,Democrat,55.4,80795.0,2596.6666666666665,
Starbucks,3.0,North Wales,Pennsylvania,Democrat,55.4,115833.0,1930.419047619048,
Caffe Capri,4.0,Boise,Idaho,Republican,46.3,76402.0,1769.288449703903,
McDonald's,1.5,Indianapolis,Indiana,Democrat,35.3,62995.0,1376.034945102525,913.0
Dunkin',2.0,Tampa,Florida,Republican,39.6,71302.0,2011.9116084311615,1284.0
The Library Coffee Bar,4.5,Indianapolis,Indiana,Democrat,35.3,62995.0,1376.034945102525,913.0
McDonald's,2.0,Boise,Idaho,Republican,46.3,76402.0,1769.288449703903,
Wawa,2.5,Cherry Hill,New Jersey,Democrat,38.8,91000.0,2419.9864433811804,
7-Eleven,2.5,Palm Harbor,Florida,Republican,38.5,75354.0,1901.0656790123455,
Luna Café,4.0,Philadelphia,Pennsylvania,Democrat,36.4,60698.0,1715.4754572988052,4517.0
Starbucks,3.5,Garden City,Idaho,Republican,46.3,66859.0,1762.2539682539682,
Starbucks,2.0,Philadelphia,Pennsylvania,Democrat,36.4,60698.0,1715.4754572988052,4517.0
Bruegger's Bagels,2.5,Nashville,Tennessee,Democrat,51.2,75197.0,1803.1395088912257,537.0
CC's Coffee House,4.0,New Orleans,Louisiana,Democrat,43.3,55339.0,1635.4273395346563,892.0
Chez Pierre,4.5,Metairie,Louisiana,Republican,31.2,73256.0,1645.3324786324786,
Starbucks,3.0,Tampa,Florida,Republican,39.6,71302.0,2011.9116084311615,1284.0
Paris Baguette,4.0,Philadelphia,Pennsylvania,Democrat,36.4,60698.0,1715.4754572988052,4517.0
Wawa,2.0,Glassboro,New Jersey,Republican,37.6,80388.0,2963.31746031746,
The Board & Brew,4.5,Philadelphia,Pennsylvania,Democrat,36.4,60698.0,1715.4754572988052,4517.0
Dune Coffee Roasters - State Street,4.0,Santa Barbara,California,Democrat,38.6,101672.0,3646.9091098603294,
Dunkin',2.5,Tampa,Florida,Republican,39.6,71302.0,2011.9116084311615,1284.0
Sips Coffee and Tea,3.5,Reno,Nevada,Democrat,37.3,78448.0,1895.051309846432,920.0
Bridge City Grill,4.0,Bridge City,Louisiana,Republican,31.2,55728.0,,
Jezabel's Studio,4.0,Philadelphia,Pennsylvania,Democrat,36.4,60698.0,1715.4754572988052,4517.0
Dunkin',1.5,Tampa,Florida,Republican,39.6,71302.0,2011.9116084311615,1284.0
Frutta Bowls,4.0,Quakertown,Pennsylvania,Republican,45.2,70978.0,1718.75,
HubBub Coffee,3.5,Philadelphia,Pennsylvania,Democrat,36.4,60698.0,1715.4754572988052,4517.0
Starbucks,4.0,New Orleans,Louisiana,Democrat,43.3,55339.0,1635.4273395346563,892.0
T and Me Tea Company,4.5,Gulfport,Florida,Republican,38.5,68617.0,2081.904761904762,
Starbucks,2.5,Nashville,Tennessee,Democrat,51.2,75197.0,1803.1395088912257,537.0
Dunkin',3.5,Collingswood,New Jersey,Democrat,38.8,83917.0,1593.4864417989418,
McDonald's,1.5,Philadelphia,Pennsylvania,Democrat,36.4,60698.0,1715.4754572988052,4517.0
Crema Coffee Roasters,4.5,Nashville,Tennessee,Democrat,51.2,75197.0,1803.1395088912257,537.0
Krispy Kreme,3.0,St. Petersburg,Florida,Republican,38.5,73118.0,,1632.0
Krispy Kreme,3.0,Madison,Tennessee,Democrat,,75197.0,,
The Green Line Cafe,3.0,Philadelphia,Pennsylvania,Democrat,36.4,60698.0,1715.4754572988052,4517.0
Kahwa Coffee,4.0,Saint Petersburg,Florida,Republican,,71302.0,,
Dunkin',3.0,Wilmington,Delaware,Democrat,38.7,55269.0,1756.0830026455026,
Caffe Bene,4.0,Elkins Park,Pennsylvania,Democrat,55.4,129773.0,1571.5555555555557,
Maypop Coffee & Garden Shop,5.0,Webster Groves,Missouri,Democrat,46.7,110716.0,1882.222222222222,
Dunkin',1.5,Pleasant View,Tennessee,Republican,,101591.0,,
House of Tea,4.0,Philadelphia,Pennsylvania,Democrat,36.4,60698.0,1715.4754572988052,4517.0
Darrin's Coffee Company,3.5,Zionsville,Indiana,Republican,53.1,159126.0,1692.1625,
Caffe Diva Fine Coffee,2.5,Tucson,Arizona,Democrat,37.9,54546.0,1468.4007810603507,904.0
The Catfish House,4.0,Springfield,Tennessee,Republican,24.5,58741.0,1632.9166666666667,
The Flower Cafe At Linda's,4.5,Philadelphia,Pennsylvania,Democrat,36.4,60698.0,1715.4754572988052,4517.0
Crepe N' Roll,4.0,Reno,Nevada,Democrat,37.3,78448.0,1895.051309846432,920.0
Dunkin',2.0,Philadelphia,Pennsylvania,Democrat,36.4,60698.0,1715.4754572988052,4517.0
Tiny House Treats,4.5,Indianapolis,Indiana,Democrat,35.3,62995.0,1376.034945102525,913.0
Starbucks,4.0,Phoenixville,Pennsylvania,Democrat,58.0,94411.0,2006.513888888889,
Dutch Bros Coffee,4.0,Tucson,Arizona,Democrat,37.9,54546.0,1468.4007810603507,904.0
Reanimator Coffee,4.0,Philadelphia,Pennsylvania,Democrat,36.4,60698.0,1715.4754572988052,4517.0
Cups and Cones,4.5,Evesham Township,New Jersey,Democrat,,91000.0,2297.309523809524,
Hot & Cold,4.0,Nashville,Tennessee,Democrat,51.2,75197.0,1803.1395088912257,537.0
McDonald's,1.5,Horsham,Pennsylvania,Republican,25.9,99121.0,1631.6666666666667,
Vienna House Coffee & Bistro,3.5,Franklin,Tennessee,Republican,65.8,115000.0,2052.104521404521,
Di Bruno Bros,4.5,Wayne,Pennsylvania,Democrat,44.4,143981.0,2133.833333333333,
Hello Donuts + Coffee,4.5,Philadelphia,Pennsylvania,Democrat,36.4,60698.0,1715.4754572988052,4517.0
DK Donuts,4.5,Meridian,Idaho,Republican,46.3,98686.0,2015.2290262803235,
The Wayne Coffee and Ice Cream Bar,4.5,Wayne,Pennsylvania,Democrat,44.4,143981.0,2133.833333333333,
Tranquili Tea Temple,4.5,West Chester,Pennsylvania,Democrat,58.0,81492.0,2121.137626262627,
Starbucks,3.5,Philadelphia,Pennsylvania,Democrat,36.4,60698.0,1715.4754572988052,4517.0
DI Coffee Bar,4.5,Tampa,Florida,Republican,39.6,71302.0,2011.9116084311615,1284.0
Mayhew Bakery,4.5,New Orleans,Louisiana,Democrat,43.3,55339.0,1635.4273395346563,892.0
Sumatra Cafe & Bakery LLC,4.0,Brandon,Florida,Republican,39.6,77068.0,1944.9896640826876,
Caffè,3.0,Santa Barbara,California,Democrat,38.6,101672.0,3646.9091098603294,
7-Eleven,2.5,Tampa,Florida,Republican,39.6,71302.0,2011.9116084311615,1284.0
Starbucks,3.5,Franklin,Tennessee,Republican,65.8,115000.0,2052.104521404521,
Kaldi's Coffee,4.0,Clayton,Missouri,Democrat,46.7,128898.0,1712.9682539682535,
Bibo Coffee & Gelato - West Street Market,4.5,Reno,Nevada,Democrat,37.3,78448.0,1895.051309846432,920.0
Vibrant Coffee Roasters & Bakery,4.5,Philadelphia,Pennsylvania,Democrat,36.4,60698.0,1715.4754572988052,4517.0
McDonald's,1.5,Indianapolis,Indiana,Democrat,35.3,62995.0,1376.034945102525,913.0
Wawa,4.0,Perkasie,Pennsylvania,Republican,45.2,99474.0,,
Starbucks,2.5,Royersford,Pennsylvania,Democrat,55.4,67083.0,1867.1333333333328,
McDonald's,2.5,Cinnaminson,New Jersey,Democrat,,91000.0,,
Comet Coffee & Microbakery,4.5,Saint Louis,Missouri,Democrat,,55279.0,,
leaf n' brew,2.5,Nashville,Tennessee,Democrat,51.2,75197.0,1803.1395088912257,537.0
The Eldorado Coffee Company,3.5,Reno,Nevada,Democrat,37.3,78448.0,1895.051309846432,920.0
Au Bon Pain,2.5,Nashville,Tennessee,Democrat,51.2,75197.0,1803.1395088912257,537.0
Dunkin',2.5,Oaks,Pennsylvania,Democrat,55.4,162308.0,,
Pond Coffee,4.5,New Orleans,Louisiana,Democrat,43.3,55339.0,1635.4273395346563,892.0
Enchanted Cafe,3.5,Tucson,Arizona,Democrat,37.9,54546.0,1468.4007810603507,904.0
Nom Wah Philadelphia,4.0,Philadelphia,Pennsylvania,Democrat,36.4,60698.0,1715.4754572988052,4517.0
Dunkin',2.5,Warrington,Pennsylvania,Republican,,60698.0,,
Dutch Bros Coffee,4.0,Boise,Idaho,Republican,46.3,76402.0,1769.288449703903,
Indian Twist,4.5,Tucson,Arizona,Democrat,37.9,54546.0,1468.4007810603507,904.0
McDonald's,2.0,Maryland Heights,Missouri,Democrat,46.7,86485.0,1322.1503759398497,
TM Cafe,4.0,Chester,Pennsylvania,Democrat,44.4,39809.0,1420.9444444444443,
Starbucks,3.0,Philadelphia,Pennsylvania,Democrat,36.4,60698.0,1715.4754572988052,4517.0
Dutch Bros Coffee,3.5,Garden City,Idaho,Republican,46.3,66859.0,1762.2539682539682,
Speedway,1.5,Indianapolis,Indiana,Democrat,35.3,62995.0,1376.034945102525,913.0
The Hayloft,4.5,Brownsburg,Indiana,Republican,37.1,105435.0,1939.3527777777776,
Clean Juice Collegeville,4.0,Collegeville,Pennsylvania,Democrat,55.4,88992.0,2583.753703703704,
Dunkin',1.0,Southampton,Pennsylvania,Republican,,60698.0,2500.0,
Royal Farms,2.0,Lansdale,Pennsylvania,Democrat,55.4,86460.0,1966.2497212931996,
Bee Coffee Roasters,4.5,Indianapolis,Indiana,Democrat,35.3,62995.0,1376.034945102525,913.0
McDonald's,1.0,St. Louis,Missouri,Democrat,46.7,55279.0,,1943.0
Teavana,3.5,Greenwood,Indiana,Republican,38.0,78765.0,1632.2466230936818,
Starbucks,3.0,Indianapolis,Indiana,Democrat,35.3,62995.0,1376.034945102525,913.0
Speedway,1.5,Pennsauken,New Jersey,Democrat,38.8,91000.0,2524.0,
McDonald's,1.5,Bristol,Pennsylvania,Republican,,70595.0,1622.25,
McDonald's,1.5,O'Fallon,Illinois,Democrat,34.2,102793.0,,
McDonald's,2.0,Chesterfield,Missouri,Democrat,46.7,133380.0,1689.8092691622105,
Krispy Kreme,3.0,Tampa,Florida,Republican,39.6,71302.0,2011.9116084311615,1284.0
Caje,4.5,Carpinteria,California,Democrat,38.6,104233.0,4234.166666666667,
Prest Coffee Drive Thru,5.0,Tucson,Arizona,Democrat,37.9,54546.0,1468.4007810603507,904.0
McDonald's,1.5,Fairview Heights,Illinois,Democrat,34.2,77960.0,892.5,
Three Corners Coffee,4.5,Nashville,Tennessee,Democrat,51.2,75197.0,1803.1395088912257,537.0
Lil' Pop Shop,4.5,West Philadelphia,Pennsylvania,Democrat,,60698.0,,
Dunkin',1.0,Largo,Florida,Republican,38.5,60465.0,1787.582052090859,
Brew Haha,3.0,Wilmington,Delaware,Democrat,38.7,55269.0,1756.0830026455026,
Panera Bread,2.5,Norristown,Pennsylvania,Democrat,55.4,65058.0,1698.5733057280884,
Dunkin',2.0,Odessa,Florida,Republican,31.3,116870.0,2102.758441558442,
Mississippi Mud Coffee Roasters,4.0,Saint Louis,Missouri,Democrat,,55279.0,,
Bimini Juice Bar,4.0,Philadelphia,Pennsylvania,Democrat,36.4,60698.0,1715.4754572988052,4517.0
Wawa,3.5,Elmer,New Jersey,Republican,24.4,92757.0,,
Blackhawk Bbq and Coffee Shop,4.5,Vail,Arizona,Democrat,37.9,121385.0,2101.555555555556,
Gloria’s Cafe,4.5,Reno,Nevada,Democrat,37.3,78448.0,1895.051309846432,920.0
Speakeasy Kava,5.0,Largo,Florida,Republican,38.5,60465.0,1787.582052090859,
Le Macaron French Pastries,4.5,Wesley Chapel,Florida,Republican,31.3,107004.0,2225.93855222764,
McDonald's,2.0,Tucson,Arizona,Democrat,37.9,54546.0,1468.4007810603507,904.0
Jeny's Java Joint,5.0,Palmyra,New Jersey,Democrat,42.1,85014.0,2137.5,
Dunkin',4.0,Philadelphia,Pennsylvania,Democrat,36.4,60698.0,1715.4754572988052,4517.0
Krazy Kup,4.5,Plant City,Florida,Republican,39.6,64536.0,2014.522077922078,
The Coffee Station,3.5,Garnet Valley,Pennsylvania,Democrat,,60698.0,,
Bubbleology,3.5,Tampa,Florida,Republican,39.6,71302.0,2011.9116084311615,1284.0
Espresso Mod,4.5,Saint Louis,Missouri,Democrat,,55279.0,,
Dunkin',2.0,Jamison,Pennsylvania,Republican,,60698.0,,
Starbucks,2.0,Philadelphia,Pennsylvania,Democrat,36.4,60698.0,1715.4754572988052,4517.0
Speedway,2.0,Deptford Twp,New Jersey,Republican,,91000.0,,
Proximity Cafe,3.5,Pottstown,Pennsylvania,Democrat,55.4,56174.0,1755.439393939394,
Starbucks,1.0,Newark,Delaware,Democrat,38.7,71373.0,2153.965643274854,
Red Bicycle Coffee & Crepes,3.5,Nashville,Tennessee,Democrat,51.2,75197.0,1803.1395088912257,537.0
Desserts by Toffee to Go,5.0,Tampa,Florida,Republican,39.6,71302.0,2011.9116084311615,1284.0
McDonald's,2.0,Boise,Idaho,Republican,46.3,76402.0,1769.288449703903,
Starbucks,4.0,Tampa,Florida,Republican,39.6,71302.0,2011.9116084311615,1284.0
LOMA Coffee,4.5,Wilmington,Delaware,Democrat,38.7,55269.0,1756.0830026455026,
Dunkin',2.0,White House,Tennessee,Republican,24.5,87315.0,1801.2055555555555,
McDonald's,1.5,Indianapolis,Indiana,Democrat,35.3,62995.0,1376.034945102525,913.0
OneCupJoe - Bensalem,4.5,Bensalem,Pennsylvania,Republican,,60698.0,1804.6603174603176,
Wawa,3.5,Quakertown,Pennsylvania,Republican,45.2,70978.0,1718.75,
Starbucks,3.0,Nashville,Tennessee,Democrat,51.2,75197.0,1803.1395088912257,537.0
Lombard Cafe,4.5,Philadelphia,Pennsylvania,Democrat,36.4,60698.0,1715.4754572988052,4517.0
Uncle Bobbie's Coffee & Books,4.5,Philadelphia,Pennsylvania,Democrat,36.4,60698.0,1715.4754572988052,4517.0
Pinky's,4.0,Tampa,Florida,Republican,39.6,71302.0,2011.9116084311615,1284.0
Cafe Shell,2.5,Santa Barbara,California,Democrat,38.6,101672.0,3646.9091098603294,
Main Squeeze Juice Co.,4.5,Metairie,Louisiana,Republican,31.2,73256.0,1645.3324786324786,
Short Cakes Cakery,4.0,Mount Juliet,Tennessee,Republican,40.2,107847.0,2179.7969498910675,
Dunkin',1.5,Smyrna,Tennessee,Republican,36.6,78409.0,1682.256728778468,
Siu Asian Express,4.0,Sparks,Nevada,Democrat,37.3,86979.0,1964.762212770985,
Authentic Coffee Company,4.5,Goodlettsville,Tennessee,Republican,35.1,65898.0,1786.8333333333333,
D'Lites On the Beach,4.0,St. Pete Beach,Florida,Republican,38.5,108931.0,,
Terrace Street Bakery & Cafe,4.5,Philadelphia,Pennsylvania,Democrat,36.4,60698.0,1715.4754572988052,4517.0
The Coffee Box,5.0,Maryville,Illinois,Republican,32.0,100813.0,,
Starbucks,2.5,Indianapolis,Indiana,Democrat,35.3,62995.0,1376.034945102525,913.0
Wawa,3.0,Brandon,Florida,Republican,39.6,77068.0,1944.9896640826876,
Moxie Java,3.5,Boise,Idaho,Republican,46.3,76402.0,1769.288449703903,
Cafe Pier One,3.5,Philadelphia,Pennsylvania,Democrat,36.4,60698.0,1715.4754572988052,4517.0
Ice Moon,4.0,Philadelphia,Pennsylvania,Democrat,36.4,60698.0,1715.4754572988052,4517.0
Dunkin',1.5,Doylestown,Pennsylvania,Republican,,93672.0,2597.1666666666665,
Stompin' Grounds Market,4.5,Nashville,Tennessee,Democrat,51.2,75197.0,1803.1395088912257,537.0
Dunkin',1.5,West Chester,Pennsylvania,Democrat,58.0,81492.0,2121.137626262627,
7-Eleven,2.0,Philadelphia,Pennsylvania,Democrat,36.4,60698.0,1715.4754572988052,4517.0
Wawa,3.5,Center Square,Pennsylvania,Democrat,,60698.0,,
Bongo East + GamePoint,4.0,Nashville,Tennessee,Democrat,51.2,75197.0,1803.1395088912257,537.0
The Daily Dose Coffeehouse and Eatery,4.0,Tampa,Florida,Republican,39.6,71302.0,2011.9116084311615,1284.0
The Coffee Bean & Tea Leaf,3.5,Santa Barbara,California,Democrat,38.6,101672.0,3646.9091098603294,
Keswick Coffee House,4.0,Glenside,Pennsylvania,Democrat,55.4,101050.0,,
Teavana,3.5,Tampa,Florida,Republican,39.6,71302.0,2011.9116084311615,1284.0
Beanwood Coffee Latin Bistro,4.5,Bordentown,New Jersey,Democrat,,91208.0,,
Starbucks,2.5,O'Fallon,Illinois,Democrat,34.2,102793.0,,
Dunkin',1.0,Philadelphia,Pennsylvania,Democrat,36.4,60698.0,1715.4754572988052,4517.0
Level Cup Coffee & Boba,3.5,Tucson,Arizona,Democrat,37.9,54546.0,1468.4007810603507,904.0
Kung Fu Tea,4.0,King of Prussia,Pennsylvania,Democrat,55.4,86149.0,2166.7329901329904,
Cafe Nura,4.0,Webster Groves,Missouri,Democrat,46.7,110716.0,1882.222222222222,
McDonald's,1.5,Nashville,Tennessee,Democrat,51.2,75197.0,1803.1395088912257,537.0
Wawa,2.5,Jenkintown,Pennsylvania,Democrat,55.4,114306.0,1958.388888888889,
Organic Life Coffeehouse And Bakery,4.5,Palm Harbor,Florida,Republican,38.5,75354.0,1901.0656790123455,
Wawa,3.0,Philadelphia,Pennsylvania,Democrat,36.4,60698.0,1715.4754572988052,4517.0
7-Eleven,3.5,Tampa,Florida,Republican,39.6,71302.0,2011.9116084311615,1284.0
Starbucks,2.0,Tucson,Arizona,Democrat,37.9,54546.0,1468.4007810603507,904.0
Congregation Coffee,4.5,New Orleans,Louisiana,Democrat,43.3,55339.0,1635.4273395346563,892.0
Java Jones,3.5,Goleta,California,Democrat,38.6,118039.0,3642.484920634921,
McDonald's,2.5,Port Richey,Florida,Republican,31.3,45435.0,1721.7101449275362,
Dunkin',2.0,Newtown,Pennsylvania,Republican,45.2,146765.0,2431.944444444445,
Dunkin’,3.0,Twin Oaks,Missouri,Democrat,46.7,117713.0,,
Starbucks,3.0,Indianapolis,Indiana,Democrat,35.3,62995.0,1376.034945102525,913.0
HiVolt Coffee,4.0,New Orleans,Louisiana,Democrat,43.3,55339.0,1635.4273395346563,892.0
Poppy Seed Cafe,4.5,Boise,Idaho,Republican,46.3,76402.0,1769.288449703903,
Oui,4.5,Philadelphia,Pennsylvania,Democrat,36.4,60698.0,1715.4754572988052,4517.0
Dunkin' Donuts,2.5,Indianapolis,Indiana,Democrat,35.3,62995.0,1376.034945102525,913.0
Dunkin',2.5,Brandon,Florida,Republican,39.6,77068.0,1944.9896640826876,
Wawa,3.0,Cherry Hill,New Jersey,Democrat,38.8,91000.0,2419.9864433811804,
Wawa,3.5,Chadds Ford,Pennsylvania,Democrat,58.0,169250.0,,
Ants Pants on 4th,4.5,Philadelphia,Pennsylvania,Democrat,36.4,60698.0,1715.4754572988052,4517.0
McDonald's,2.0,Tucson,Arizona,Democrat,37.9,54546.0,1468.4007810603507,904.0
Turning Point of Warrington,3.5,Warrington,Pennsylvania,Republican,,60698.0,,
Starbucks,3.0,St. Louis,Missouri,Democrat,46.7,55279.0,,1943.0
Tasty Donuts,4.5,Philadelphia,Pennsylvania,Democrat,36.4,60698.0,1715.4754572988052,4517.0
McDonald's,1.5,Tampa,Florida,Republican,39.6,71302.0,2011.9116084311615,1284.0
The Fixx,4.0,Boise,Idaho,Republican,46.3,76402.0,1769.288449703903,
Ding Tea Reno,4.5,Reno,Nevada,Democrat,37.3,78448.0,1895.051309846432,920.0
Starbucks,3.5,River Ridge,Louisiana,Republican,31.2,84464.0,,
Lola Bean Coffee,5.0,Nashville,Tennessee,Democrat,51.2,75197.0,1803.1395088912257,537.0
Wawa,4.0,Blackwood,New Jersey,Democrat,38.8,81154.0,2023.6111111111115,
Backyard Beans Coffee Company,4.5,Lansdale,Pennsylvania,Democrat,55.4,86460.0,1966.2497212931996,
Einstein Bros. Bagels,2.5,Franklin,Tennessee,Republican,65.8,115000.0,2052.104521404521,
McDonald's,2.5,Indianapolis,Indiana,Democrat,35.3,62995.0,1376.034945102525,913.0
Studio C Indy,4.5,Indianapolis,Indiana,Democrat,35.3,62995.0,1376.034945102525,913.0
Madame Butterwork's Curious Cafe,3.5,Reno,Nevada,Democrat,37.3,78448.0,1895.051309846432,920.0
Gelato n More,4.0,Santa Barbara,California,Democrat,38.6,101672.0,3646.9091098603294,
Kung Fu Tea,4.0,Tampa,Florida,Republican,39.6,71302.0,2011.9116084311615,1284.0
Kaldi's Coffee - Farrell,4.5,Saint Louis,Missouri,Democrat,,55279.0,,
Blend Salon,4.5,Clayton,Missouri,Democrat,46.7,128898.0,1712.9682539682535,
Dunkin',2.0,Wesley Chapel,Florida,Republican,31.3,107004.0,2225.93855222764,
Wawa,2.5,Largo,Florida,Republican,38.5,60465.0,1787.582052090859,
Starbucks,3.5,Landsdale,Pennsylvania,Democrat,,60698.0,,
High Low,5.0,St. Louis,Missouri,Democrat,46.7,55279.0,,1943.0
The Glass Die,4.5,Reno,Nevada,Democrat,37.3,78448.0,1895.051309846432,920.0
Hole In One Donuts,5.0,Plant City,Florida,Republican,39.6,64536.0,2014.522077922078,
Amaru Confections,4.0,Boise,Idaho,Republican,46.3,76402.0,1769.288449703903,
Manelé Cafe,4.0,Carmel,Indiana,Republican,62.7,134602.0,1827.6327732974908,
McDonald's,2.0,Philadelphia,Pennsylvania,Democrat,36.4,60698.0,1715.4754572988052,4517.0
McDonald's,2.0,Newark,Delaware,Democrat,38.7,71373.0,2153.965643274854,
Willowcreek Grill & Raw Sushi Restaurant,4.0,Boise,Idaho,Republican,46.3,76402.0,1769.288449703903,
Starbucks,4.0,Indianapolis,Indiana,Democrat,35.3,62995.0,1376.034945102525,913.0
Starbucks,4.0,Indianapolis,Indiana,Democrat,35.3,62995.0,1376.034945102525,913.0
Happy Life CBD,4.5,Boise,Idaho,Republican,46.3,76402.0,1769.288449703903,
The Blind Tiger Cafe - Seminole Heights,4.5,Tampa,Florida,Republican,39.6,71302.0,2011.9116084311615,1284.0
Gemelli - Artisanal Gelato & Dessert Cafe,4.5,West Chester,Pennsylvania,Democrat,58.0,81492.0,2121.137626262627,
Starbucks,3.5,Santa Barbara,California,Democrat,38.6,101672.0,3646.9091098603294,
The Loving Pie Company,4.0,Berry Hill,Tennessee,Democrat,51.2,76709.0,,
Starbucks,3.0,East Norriton,Pennsylvania,Republican,25.9,60698.0,,
Fit Cafe,3.5,Clearwater,Florida,Republican,38.5,64440.0,1956.247155052128,1727.0
French Truck Coffee,4.5,New Orleans,Louisiana,Democrat,43.3,55339.0,1635.4273395346563,892.0
McDonald's,1.0,Philadelphia,Pennsylvania,Democrat,36.4,60698.0,1715.4754572988052,4517.0
Stone Spiral Coffee & Curios,4.0,Maplewood,Missouri,Democrat,46.7,65510.0,1205.2407407407406,
Di Bruno Bros.,4.0,Philadelphia,Pennsylvania,Democrat,36.4,60698.0,1715.4754572988052,4517.0
Piggy Cafe,3.5,Upper Darby,Pennsylvania,Democrat,,60698.0,1262.75,
WIT Cafe,4.0,Scott Air Force Base,Illinois,Democrat,,77960.0,,
McDonald's,1.5,Tampa,Florida,Republican,39.6,71302.0,2011.9116084311615,1284.0
McDonald's,2.0,Avon,Indiana,Republican,37.1,80292.0,1762.1857142857143,
McDonald's,1.0,Philadelphia,Pennsylvania,Democrat,36.4,60698.0,1715.4754572988052,4517.0
Bagels Over Broadway,2.0,West Chester,Pennsylvania,Democrat,58.0,81492.0,2121.137626262627,
McDonald's,2.5,Smyrna,Tennessee,Republican,36.6,78409.0,1682.256728778468,
Pascal's Artisan Bistro & Gourmet Coffee,4.5,Tampa,Florida,Republican,39.6,71302.0,2011.9116084311615,1284.0
Dunkin',2.5,Hamilton,New Jersey,Democrat,,91000.0,,
Cc's Coffee House,4.0,Gretna,Louisiana,Republican,31.2,46045.0,1570.4761904761906,
Vitality Bowls,3.5,St Louis,Missouri,Democrat,,55279.0,1297.475912635836,
Starbucks,3.0,Boise,Idaho,Republican,46.3,76402.0,1769.288449703903,
Plato Cafe,3.5,Saint Louis,Missouri,Democrat,,55279.0,,
T cafe,4.5,Philadelphia,Pennsylvania,Democrat,36.4,60698.0,1715.4754572988052,4517.0
Starbucks,3.0,Tampa,Florida,Republican,39.6,71302.0,2011.9116084311615,1284.0
Wawa,2.0,Phoenixville,Pennsylvania,Democrat,58.0,94411.0,2006.513888888889,
Dunkin',3.0,Spring Hill,Florida,Republican,22.1,66557.0,1896.568681988972,
The Daily Grind Coffee & Tea Station,4.0,Santa Barbara,California,Democrat,38.6,101672.0,3646.9091098603294,
Indy's Famous Pancake House & Grill,3.5,Indianapolis,Indiana,Democrat,35.3,62995.0,1376.034945102525,913.0
Brickhouse Coffee,4.5,Greenwood,Indiana,Republican,38.0,78765.0,1632.2466230936818,
Barnes & Noble,2.0,Florissant,Missouri,Democrat,46.7,66344.0,1490.5542857142857,
Starbucks,3.5,St. Louis,Missouri,Democrat,46.7,55279.0,,1943.0
Cup Of Bliss Coffee Roasters,5.0,Collingswood,New Jersey,Democrat,38.8,83917.0,1593.4864417989418,
Tea Do,4.0,Philadelphia,Pennsylvania,Democrat,36.4,60698.0,1715.4754572988052,4517.0
Starbucks,3.5,St. Louis,Missouri,Democrat,46.7,55279.0,,1943.0
Starbucks,3.0,Tucson,Arizona,Democrat,37.9,54546.0,1468.4007810603507,904.0
Dunkin',2.0,Voorhees,New Jersey,Democrat,,66927.0,,
Dunkin',2.0,Trenton,New Jersey,Democrat,47.3,47102.0,2197.5047619047623,
Got Tea,4.5,Tampa,Florida,Republican,39.6,71302.0,2011.9116084311615,1284.0
Dunkin',2.5,Woolwich Township,New Jersey,Republican,,91000.0,,
Almaz Cafe,4.0,Philadelphia,Pennsylvania,Democrat,36.4,60698.0,1715.4754572988052,4517.0
Dunkin',2.0,Mount Holly,New Jersey,Democrat,,91000.0,,
Crown Royal Day Spa,4.0,Tampa,Florida,Republican,39.6,71302.0,2011.9116084311615,1284.0
Ladybird Taco,4.5,Nashville,Tennessee,Democrat,51.2,75197.0,1803.1395088912257,537.0
Teavana,3.5,Des Peres,Missouri,Democrat,46.7,214167.0,,
Cafe Crane Coffee & Bakery,4.0,Eagle,Idaho,Republican,46.3,118037.0,1985.2402777777777,
The Screamery HandCrafted Ice Cream,4.5,Tucson,Arizona,Democrat,37.9,54546.0,1468.4007810603507,904.0
Starbucks,3.5,Marlton,New Jersey,Democrat,42.1,94160.0,,
Mondo Dei Dolci,4.0,Philadelphia,Pennsylvania,Democrat,36.4,60698.0,1715.4754572988052,4517.0
Starbucks,2.5,Indianapolis,Indiana,Democrat,35.3,62995.0,1376.034945102525,913.0
Satsuma Café,4.0,New Orleans,Louisiana,Democrat,43.3,55339.0,1635.4273395346563,892.0
Caffe Connection,4.5,Spring Hill,Florida,Republican,22.1,66557.0,1896.568681988972,
The Lucky Childe,4.0,Reno,Nevada,Democrat,37.3,78448.0,1895.051309846432,920.0
McDonald's,1.5,Chesterfield,Missouri,Democrat,46.7,133380.0,1689.8092691622105,
McDonald's,1.5,Pottstown,Pennsylvania,Democrat,55.4,56174.0,1755.439393939394,
Gypsy Souls Coffeehouse,4.5,Redington Shores,Florida,Republican,38.5,101518.0,2925.0,
Indianapolis City Market,4.0,Indianapolis,Indiana,Democrat,35.3,62995.0,1376.034945102525,913.0
Whole Foods Market,3.5,New Orleans,Louisiana,Democrat,43.3,55339.0,1635.4273395346563,892.0
Rolling In The Dough,4.5,Speedway,Indiana,Democrat,35.3,57158.0,1667.75,
Dunkin',1.5,Avondale,Pennsylvania,Democrat,58.0,80000.0,,
Borders Books Music & Cafe,3.5,Reno,Nevada,Democrat,37.3,78448.0,1895.051309846432,920.0
Starbucks,3.0,Tucson,Arizona,Democrat,37.9,54546.0,1468.4007810603507,904.0
Dulce Cafe Tacos & More,4.0,Tampa,Florida,Republican,39.6,71302.0,2011.9116084311615,1284.0
Saxbys Coffee,3.5,Haverford,Pennsylvania,Democrat,,60698.0,1747.8333333333333,
Cafe Soleil,5.0,Philadelphia,Pennsylvania,Democrat,36.4,60698.0,1715.4754572988052,4517.0
One Up One Down Coffee,5.0,Trenton,New Jersey,Democrat,47.3,47102.0,2197.5047619047623,
Bonaventure Coffee,5.0,Brentwood,Missouri,Democrat,46.7,86641.0,1751.7460317460318,
Starbucks,3.0,Royersford,Pennsylvania,Democrat,55.4,67083.0,1867.1333333333328,
Starbucks,3.5,Warminster,Pennsylvania,Republican,,60698.0,,
Dunkin',2.5,Philadelphia,Pennsylvania,Democrat,36.4,60698.0,1715.4754572988052,4517.0
Avenue Scoop,4.5,Philadelphia,Pennsylvania,Democrat,36.4,60698.0,1715.4754572988052,4517.0
Starbucks,3.0,Tampa,Florida,Republican,39.6,71302.0,2011.9116084311615,1284.0
Nordstrom Ebar Artisan Coffee,4.5,King of Prussia,Pennsylvania,Democrat,55.4,86149.0,2166.7329901329904,
Starbucks,3.5,Indianapolis,Indiana,Democrat,35.3,62995.0,1376.034945102525,913.0
PJ's Coffee,3.0,Metairie,Louisiana,Republican,31.2,73256.0,1645.3324786324786,
Starbucks,3.5,Tucson,Arizona,Democrat,37.9,54546.0,1468.4007810603507,904.0
Purple Bean,4.0,Reno,Nevada,Democrat,37.3,78448.0,1895.051309846432,920.0
Yum Yum Bake Shops,4.5,Colmar,Pennsylvania,Democrat,,60698.0,,
The Scott,4.0,St Petersburg,Florida,Republican,,71302.0,2063.6960586694618,
Coffee Cartel,3.0,Saint Louis,Missouri,Democrat,,55279.0,,
High Point Cafe,4.0,Philadelphia,Pennsylvania,Democrat,36.4,60698.0,1715.4754572988052,4517.0
Golly G’s,5.0,Greenbrier,Tennessee,Republican,24.5,82308.0,,
Astoria Pastry Shop,4.5,Belleair Bluffs,Florida,Republican,38.5,55688.0,,
McDonald's,1.0,Tampa,Florida,Republican,39.6,71302.0,2011.9116084311615,1284.0
Bubble Tea Houses,2.5,Richmond Heights,Missouri,Democrat,46.7,90670.0,1542.0238095238094,
Copper Moon Coffee,2.5,Indianapolis,Indiana,Democrat,35.3,62995.0,1376.034945102525,913.0
Bakery Makel,4.5,Clearwater,Florida,Republican,38.5,64440.0,1956.247155052128,1727.0
Harvest and Grounds,3.0,Boise,Idaho,Republican,46.3,76402.0,1769.288449703903,
Wawa,3.5,Ardmore,Pennsylvania,Democrat,55.4,115273.0,2250.083333333333,
Dunkin',2.0,Woodstown,New Jersey,Republican,24.4,101855.0,,
Java House Coffee Bar,4.0,Indianapolis,Indiana,Democrat,35.3,62995.0,1376.034945102525,913.0
Dunkin' Donuts,2.5,Philadelphia,Pennsylvania,Democrat,36.4,60698.0,1715.4754572988052,4517.0
McDonald's,1.5,Philadelphia,Pennsylvania,Democrat,36.4,60698.0,1715.4754572988052,4517.0
Starbucks,3.0,Reno,Nevada,Democrat,37.3,78448.0,1895.051309846432,920.0
A Corner of England,3.0,Saint Petersburg,Florida,Republican,,71302.0,,
A La Mousse,5.0,Philadelphia,Pennsylvania,Democrat,36.4,60698.0,1715.4754572988052,4517.0
Addie's,3.0,Boise,Idaho,Republican,46.3,76402.0,1769.288449703903,
Sorrento Sweets,4.0,Port Richey,Florida,Republican,31.3,45435.0,1721.7101449275362,
Starbucks,3.0,New Port Richey,Florida,Republican,31.3,46160.0,1753.8333333333333,
East Park Donuts & Coffee,4.5,Nashville,Tennessee,Democrat,51.2,75197.0,1803.1395088912257,537.0
JoStella Coffee,4.5,Reno,Nevada,Democrat,37.3,78448.0,1895.051309846432,920.0
Snowrolls,4.0,Tampa,Florida,Republican,39.6,71302.0,2011.9116084311615,1284.0
Fresh Baked Asian Bakery & Cafe,3.5,Pinellas Park,Florida,Republican,38.5,62043.0,2039.4087024087028,
Starbucks,4.0,Temple Terrace,Florida,Republican,39.6,65756.0,1778.454415954416,
The Other Farm Brewing Company,4.0,Boyertown,Pennsylvania,Republican,28.5,54179.0,,
High Garden,5.0,Nashville,Tennessee,Democrat,51.2,75197.0,1803.1395088912257,537.0
Rocketown,3.5,Nashville,Tennessee,Democrat,51.2,75197.0,1803.1395088912257,537.0
Starbucks,4.0,Woodbury,New Jersey,Republican,37.6,74769.0,2549.5,
Murdoch Perk,3.5,Saint Louis,Missouri,Democrat,,55279.0,,
Wawa,2.0,Philadelphia,Pennsylvania,Democrat,36.4,60698.0,1715.4754572988052,4517.0
Shineworthy Tea,5.0,Antioch,Tennessee,Democrat,,75197.0,,
Foxy Red's,4.0,Lambertville,New Jersey,Republican,57.7,106236.0,2700.0,
Wyliepalooza Ice Cream Emporium,4.5,Indianapolis,Indiana,Democrat,35.3,62995.0,1376.034945102525,913.0
Stonemill Artisan Bakery & Desserts,3.5,Wesley Chapel,Florida,Republican,31.3,107004.0,2225.93855222764,
Portland Brew,3.5,Nashville,Tennessee,Democrat,51.2,75197.0,1803.1395088912257,537.0
Matcha Cafe Maiko,4.0,Philadelphia,Pennsylvania,Democrat,36.4,60698.0,1715.4754572988052,4517.0
Wawa,4.5,Havertown,Pennsylvania,Democrat,,60698.0,,
Riccobono’s Panola St. Cafe,4.0,New Orleans,Louisiana,Democrat,43.3,55339.0,1635.4273395346563,892.0
AO&Co,4.5,St. Louis,Missouri,Democrat,46.7,55279.0,,1943.0
Maker House Bates Mansion,4.5,Tucson,Arizona,Democrat,37.9,54546.0,1468.4007810603507,904.0
Foxy Loxy,4.0,Unionville,Pennsylvania,Democrat,58.0,59500.0,,
BrightSide Artisan Comfort Cafe,4.5,Tampa,Florida,Republican,39.6,71302.0,2011.9116084311615,1284.0
McDonald's,2.0,New Castle,Delaware,Democrat,38.7,92565.0,1786.4166666666667,
7-Eleven,2.5,Saint Louis,Missouri,Democrat,,55279.0,,
Painted Tea Cup,4.5,Upper Darby,Pennsylvania,Democrat,,60698.0,1262.75,
Thai Mama,4.5,Tampa,Florida,Republican,39.6,71302.0,2011.9116084311615,1284.0
McDonald's,3.0,Wesley Chapel,Florida,Republican,31.3,107004.0,2225.93855222764,
Cafe Ana,4.0,Santa Barbara,California,Democrat,38.6,101672.0,3646.9091098603294,
Kool Beanz Cafe,4.5,Granite City,Illinois,Republican,32.0,60490.0,,
Mary Cassatt Tea Room,4.0,Philadelphia,Pennsylvania,Democrat,36.4,60698.0,1715.4754572988052,4517.0
Alhambra Cafe,3.0,Philadelphia,Pennsylvania,Democrat,36.4,60698.0,1715.4754572988052,4517.0
Starbucks,3.5,Indianapolis,Indiana,Democrat,35.3,62995.0,1376.034945102525,913.0
The Marketplace Eatery,3.0,King of Prussia,Pennsylvania,Democrat,55.4,86149.0,2166.7329901329904,
Wawa,2.5,Sewell,New Jersey,Republican,37.6,135141.0,2450.833333333333,
McDonald's,2.0,Lima,Pennsylvania,Democrat,44.4,76953.0,,
Wawa,3.5,Tampa,Florida,Republican,39.6,71302.0,2011.9116084311615,1284.0
Davio's Galleria,3.0,King of Prussia,Pennsylvania,Democrat,55.4,86149.0,2166.7329901329904,
The Wagamama,5.0,St. Louis,Missouri,Democrat,46.7,55279.0,,1943.0
French Market Cafe & Bar,3.5,Kenner,Louisiana,Republican,31.2,64099.0,1663.6666666666667,
The Quirky Feather Confectionery,4.5,Carmel,Indiana,Republican,62.7,134602.0,1827.6327732974908,
Living Waters Brewing,4.5,Nashville,Tennessee,Democrat,51.2,75197.0,1803.1395088912257,537.0
Crossroads Coffee Company,4.5,Tucson,Arizona,Democrat,37.9,54546.0,1468.4007810603507,904.0
Snakes & Lattes Tucson,4.0,Tucson,Arizona,Democrat,37.9,54546.0,1468.4007810603507,904.0
Cup And Chaucer,2.0,Metairie,Louisiana,Republican,31.2,73256.0,1645.3324786324786,
Red Captain Coffee Company,5.0,Tucson,Arizona,Democrat,37.9,54546.0,1468.4007810603507,904.0
Kung Fu Tea,3.5,Philadelphia,Pennsylvania,Democrat,36.4,60698.0,1715.4754572988052,4517.0
McDonald's,2.0,Collegeville,Pennsylvania,Democrat,55.4,88992.0,2583.753703703704,
Wawa,3.0,Westampton,New Jersey,Democrat,,91000.0,,
Simply Good,4.5,Tampa,Florida,Republican,39.6,71302.0,2011.9116084311615,1284.0
McDonald's,1.5,Edwardsville,Illinois,Republican,32.0,92671.0,1571.0952380952378,
Dunkin',2.5,Tarpon Springs,Florida,Republican,38.5,68877.0,2048.196581196581,
McDonald's,2.5,Boise,Idaho,Republican,46.3,76402.0,1769.288449703903,
Starbucks,3.5,Nashville,Tennessee,Democrat,51.2,75197.0,1803.1395088912257,537.0
The London Tea Room,4.0,Saint Louis,Missouri,Democrat,,55279.0,,
McDonald's,3.0,Nashville,Tennessee,Democrat,51.2,75197.0,1803.1395088912257,537.0
Guru Donuts,4.0,Boise,Idaho,Republican,46.3,76402.0,1769.288449703903,
Trail's End Cafe At Cynwyd Station,4.5,Bala Cynwyd,Pennsylvania,Democrat,55.4,144453.0,,
Soulard Coffee Garden,4.0,Saint Louis,Missouri,Democrat,,55279.0,,
Starbucks,2.5,Blue Bell,Pennsylvania,Democrat,55.4,159963.0,2504.2666666666664,
Starbucks,2.0,Philadelphia,Pennsylvania,Democrat,36.4,60698.0,1715.4754572988052,4517.0
McDonald's,1.5,Pontoon Beach,Illinois,Republican,32.0,59375.0,1200.0,
Speedway,2.0,Indianapolis,Indiana,Democrat,35.3,62995.0,1376.034945102525,913.0
Teaspoon,4.0,Tucson,Arizona,Democrat,37.9,54546.0,1468.4007810603507,904.0
McDonald's,2.5,Indianapolis,Indiana,Democrat,35.3,62995.0,1376.034945102525,913.0
Starbucks,3.5,Wesley Chapel,Florida,Republican,31.3,107004.0,2225.93855222764,
Elevate Coffee,5.0,Nashville,Tennessee,Democrat,51.2,75197.0,1803.1395088912257,537.0
Bella Vista Coffee Shop,4.5,Smyrna,Tennessee,Republican,36.6,78409.0,1682.256728778468,
McDonald's,2.0,Sparks,Nevada,Democrat,37.3,86979.0,1964.762212770985,
Opa Subs & Espresso,3.0,Reno,Nevada,Democrat,37.3,78448.0,1895.051309846432,920.0
King Louie's Drive-In,4.0,Wood River,Illinois,Republican,32.0,65960.0,,
MilkBoy,3.5,Philadelphia,Pennsylvania,Democrat,36.4,60698.0,1715.4754572988052,4517.0
McDonald's,1.0,Philadelphia,Pennsylvania,Democrat,36.4,60698.0,1715.4754572988052,4517.0
McDonald's,2.0,Indianapolis,Indiana,Democrat,35.3,62995.0,1376.034945102525,913.0
7-Eleven,2.0,Sparks,Nevada,Democrat,37.3,86979.0,1964.762212770985,
Dunkin',2.5,Perkasie,Pennsylvania,Republican,45.2,99474.0,,
Benton Park Café & Coffee Bar,4.0,Saint Louis,Missouri,Democrat,,55279.0,,
Suzy Jo Donuts,4.0,East Norriton,Pennsylvania,Republican,25.9,60698.0,,
Dunkin',3.0,Exton,Pennsylvania,Democrat,58.0,121189.0,2224.408187134503,
Dunkin',2.0,Indianapolis,Indiana,Democrat,35.3,62995.0,1376.034945102525,913.0
Teavana,3.5,Cherry Hill,New Jersey,Democrat,38.8,91000.0,2419.9864433811804,
Taco Express Mexican Grill,3.5,Nashville,Tennessee,Democrat,51.2,75197.0,1803.1395088912257,537.0
Sleeping Bird Coffee,5.0,Wilmington,Delaware,Democrat,38.7,55269.0,1756.0830026455026,
PJ's Coffee,3.5,New Orleans,Louisiana,Democrat,43.3,55339.0,1635.4273395346563,892.0
Mity Nice Cafe,4.0,Clearwater,Florida,Republican,38.5,64440.0,1956.247155052128,1727.0
Ashley's Café,4.0,Schwenksville,Pennsylvania,Democrat,55.4,70833.0,,
McDonald's,1.5,Granite City,Illinois,Republican,32.0,60490.0,,
Twin Cups,4.0,Santa Barbara,California,Democrat,38.6,101672.0,3646.9091098603294,
Barista's Coffee Company,4.0,Tampa,Florida,Republican,39.6,71302.0,2011.9116084311615,1284.0
Dunkin',2.5,Smyrna,Tennessee,Republican,36.6,78409.0,1682.256728778468,
Chatime,4.5,Indianapolis,Indiana,Democrat,35.3,62995.0,1376.034945102525,913.0
Ginger Beard Coffee,5.0,Tampa,Florida,Republican,39.6,71302.0,2011.9116084311615,1284.0
Ursa Minor,4.5,St. Louis,Missouri,Democrat,46.7,55279.0,,1943.0
Dunkin',3.5,Tampa,Florida,Republican,39.6,71302.0,2011.9116084311615,1284.0
Neshaminy Mall,3.5,Bensalem,Pennsylvania,Republican,,60698.0,1804.6603174603176,
McDonald's,1.5,Spanish Springs,Nevada,Democrat,37.3,121250.0,,
Starbucks,3.5,Clearwater,Florida,Republican,38.5,64440.0,1956.247155052128,1727.0
Casbah Tea House,3.5,Tucson,Arizona,Democrat,37.9,54546.0,1468.4007810603507,904.0
Elegy Coffee,5.0,Nashville,Tennessee,Democrat,51.2,75197.0,1803.1395088912257,537.0
Tiffany's Bakery,3.5,Philadelphia,Pennsylvania,Democrat,36.4,60698.0,1715.4754572988052,4517.0
St. Louis Coffee Oasis & Mediterranean Café,4.0,Saint Louis,Missouri,Democrat,,55279.0,,
The Coffee Bar,4.5,Ardmore,Pennsylvania,Democrat,55.4,115273.0,2250.083333333333,
Mazzaro Italian Market,3.5,Clearwater,Florida,Republican,38.5,64440.0,1956.247155052128,1727.0
Starbucks,3.0,Langhorne,Pennsylvania,Republican,45.2,95568.0,2732.1,
McDonald's,2.0,Mooresville,Indiana,Republican,21.6,70228.0,,
Starbucks,4.0,Tampa,Florida,Republican,39.6,71302.0,2011.9116084311615,1284.0
Starbucks,3.5,Greenwood,Indiana,Republican,38.0,78765.0,1632.2466230936818,
Land of a Thousand Hills Coffee,5.0,Nashville,Tennessee,Democrat,51.2,75197.0,1803.1395088912257,537.0
Wawa,3.0,Burlington,New Jersey,Democrat,,78009.0,,
Cafe Marcel,4.5,Tucson,Arizona,Democrat,37.9,54546.0,1468.4007810603507,904.0
Iron City Coffee,3.0,Tucson,Arizona,Democrat,37.9,54546.0,1468.4007810603507,904.0
Chantilly Tea Room & Gift Boutique,4.0,Tucson,Arizona,Democrat,37.9,54546.0,1468.4007810603507,904.0
Wawa,3.0,Tampa,Florida,Republican,39.6,71302.0,2011.9116084311615,1284.0
Einstein Bros. Bagels,2.5,Webster Groves,Missouri,Democrat,46.7,110716.0,1882.222222222222,
McDonald's,2.0,Sparks,Nevada,Democrat,37.3,86979.0,1964.762212770985,
Savaya Coffee Market - Williams Centre,4.5,Tucson,Arizona,Democrat,37.9,54546.0,1468.4007810603507,904.0
Wow Wow Hawaiian Lemonade,4.5,Reno,Nevada,Democrat,37.3,78448.0,1895.051309846432,920.0
Dunkin',3.5,Medford,New Jersey,Democrat,,91000.0,,
Cafe Espresso,3.0,Reno,Nevada,Democrat,37.3,78448.0,1895.051309846432,920.0
Wawa,5.0,Philadelphia,Pennsylvania,Democrat,36.4,60698.0,1715.4754572988052,4517.0
MoKaBe's Coffee House,4.0,Saint Louis,Missouri,Democrat,,55279.0,,
Mini Doughnut Factory,4.5,Tampa,Florida,Republican,39.6,71302.0,2011.9116084311615,1284.0
McDonald's,1.5,Largo,Florida,Republican,38.5,60465.0,1787.582052090859,
Dean: A Coffee Shop,4.5,Goleta,California,Democrat,38.6,118039.0,3642.484920634921,
Dunkin',2.5,Cherry Hill,New Jersey,Democrat,38.8,91000.0,2419.9864433811804,
Dunkin',2.0,Marlton,New Jersey,Democrat,42.1,94160.0,,
Cabana Cafe,3.0,Reno,Nevada,Democrat,37.3,78448.0,1895.051309846432,920.0
Tea Do,4.0,Philadelphia,Pennsylvania,Democrat,36.4,60698.0,1715.4754572988052,4517.0
Barnes & Noble Booksellers,4.0,Newark,Delaware,Democrat,38.7,71373.0,2153.965643274854,
Student Union Cafe,3.5,Scott AFB,Illinois,Democrat,34.2,91115.0,,
Monkey Monkey Coffee and Tea,4.5,New Orleans,Louisiana,Democrat,43.3,55339.0,1635.4273395346563,892.0
Porch Coffee & Market,4.5,Nashville,Tennessee,Democrat,51.2,75197.0,1803.1395088912257,537.0
St Anthony's Restaurant,4.0,Downingtown,Pennsylvania,Democrat,58.0,82292.0,2333.066666666667,
Starbucks,3.5,Smyrna,Tennessee,Republican,36.6,78409.0,1682.256728778468,
Te Nona Delicatus,4.5,St Petersburg,Florida,Republican,,71302.0,2063.6960586694618,
Curio Brewing Company,4.5,Franklin,Tennessee,Republican,65.8,115000.0,2052.104521404521,
Cafe Intermezzo,4.5,Nashville,Tennessee,Democrat,51.2,75197.0,1803.1395088912257,537.0
Orlando's Bakery,4.0,Philadelphia,Pennsylvania,Democrat,36.4,60698.0,1715.4754572988052,4517.0
Two Chicks Whisky Business,4.5,Plainfield,Indiana,Republican,37.1,85074.0,1703.8148148148148,
Soltane Cafe,4.5,Phoenixville,Pennsylvania,Democrat,58.0,94411.0,2006.513888888889,
Nola Beans,3.5,New Orleans,Louisiana,Democrat,43.3,55339.0,1635.4273395346563,892.0
Passero's Coffee Roasters,4.5,Philadelphia,Pennsylvania,Democrat,36.4,60698.0,1715.4754572988052,4517.0
Park Place Deli,4.0,Santa Barbara,California,Democrat,38.6,101672.0,3646.9091098603294,
Grams,5.0,Nashville,Tennessee,Democrat,51.2,75197.0,1803.1395088912257,537.0
Charcoal Pit,3.0,Wilmington,Delaware,Democrat,38.7,55269.0,1756.0830026455026,
St. Louis Bubble Tea,3.5,Saint Louis,Missouri,Democrat,,55279.0,,
McDonald's,1.5,New Port Richey,Florida,Republican,31.3,46160.0,1753.8333333333333,
Starbucks,1.5,Nashville,Tennessee,Democrat,51.2,75197.0,1803.1395088912257,537.0
Melange Tea & Spice,5.0,Philadelphia,Pennsylvania,Democrat,36.4,60698.0,1715.4754572988052,4517.0
Wawa,4.0,Delran Twp,New Jersey,Democrat,,91000.0,,
Chive Cafe,4.5,Lambertville,New Jersey,Republican,57.7,106236.0,2700.0,
Porter Books & Bread,4.5,Indianapolis,Indiana,Democrat,35.3,62995.0,1376.034945102525,913.0
Omar's Hi-Way Chef Restaurant,3.5,Tucson,Arizona,Democrat,37.9,54546.0,1468.4007810603507,904.0
Lily's Grill,4.0,Pottstown,Pennsylvania,Democrat,55.4,56174.0,1755.439393939394,
Sunset Moon Wellness Center - Superfoods Cafe,5.0,Bryn Mawr,Pennsylvania,Democrat,55.4,87218.0,2184.9999999999995,
Blue Stripes Cacao,3.5,Nashville,Tennessee,Democrat,51.2,75197.0,1803.1395088912257,537.0
Meadowbrook Bakery and Cafe,5.0,Huntingdon Valley,Pennsylvania,Democrat,,60698.0,1954.0,
Starbucks,2.5,Boise,Idaho,Republican,46.3,76402.0,1769.288449703903,
Wawa,4.0,Pinellas Park,Florida,Republican,38.5,62043.0,2039.4087024087028,
Wake Cup,3.5,Isla Vista,California,Democrat,38.6,24428.0,9082.222222222224,
7-Eleven,2.5,Reno,Nevada,Democrat,37.3,78448.0,1895.051309846432,920.0
Patriot Brew Cafe,5.0,Tampa,Florida,Republican,39.6,71302.0,2011.9116084311615,1284.0
Elixr Coffee,4.5,Philadelphia,Pennsylvania,Democrat,36.4,60698.0,1715.4754572988052,4517.0
McDonald's,2.0,Indianapolis,Indiana,Democrat,35.3,62995.0,1376.034945102525,913.0
Wawa,4.0,Philadelphia,Pennsylvania,Democrat,36.4,60698.0,1715.4754572988052,4517.0
McDonald's,2.0,Pennsauken,New Jersey,Democrat,38.8,91000.0,2524.0,
Ramen House,4.5,Meridian,Idaho,Republican,46.3,98686.0,2015.2290262803235,
Academia del Caffe,4.0,Philadelphia,Pennsylvania,Democrat,36.4,60698.0,1715.4754572988052,4517.0
7-Eleven,2.0,Philadelphia,Pennsylvania,Democrat,36.4,60698.0,1715.4754572988052,4517.0
Naga Tea,4.5,Temple Terrace,Florida,Republican,39.6,65756.0,1778.454415954416,
Rose Petals Cafe & Lounge,3.5,Elkins Park,Pennsylvania,Democrat,55.4,129773.0,1571.5555555555557,
The Donut + Dog,4.5,Meridian,Idaho,Republican,46.3,98686.0,2015.2290262803235,
Beyond Curry,4.5,Franklin,Tennessee,Republican,65.8,115000.0,2052.104521404521,
Black Rose Caffe,3.5,Tucson,Arizona,Democrat,37.9,54546.0,1468.4007810603507,904.0
Roast Coffee Company,4.5,Medford,New Jersey,Democrat,,91000.0,,
Starbucks,3.0,New Orleans,Louisiana,Democrat,43.3,55339.0,1635.4273395346563,892.0
Felicitous,4.0,Tampa,Florida,Republican,39.6,71302.0,2011.9116084311615,1284.0
Pret A Manger,4.0,Philadelphia,Pennsylvania,Democrat,36.4,60698.0,1715.4754572988052,4517.0
Wyliepalooza Ice Cream Emporium,4.0,Fishers,Indiana,Republican,62.7,128141.0,1951.650886475448,
Chocolate Pi,4.5,Tampa,Florida,Republican,39.6,71302.0,2011.9116084311615,1284.0
Dunkin',2.0,Cherry Hill,New Jersey,Democrat,38.8,91000.0,2419.9864433811804,
Owl Tree Bakery,4.5,Boise,Idaho,Republican,46.3,76402.0,1769.288449703903,
Lambertville Trading Company,4.0,Lambertville,New Jersey,Republican,57.7,106236.0,2700.0,
Black Coffee & Tasty Waffles,3.0,Clearwater,Florida,Republican,38.5,64440.0,1956.247155052128,1727.0
Starbucks,3.0,Upper Darby,Pennsylvania,Democrat,,60698.0,1262.75,
Wawa,4.0,Philadelphia,Pennsylvania,Democrat,36.4,60698.0,1715.4754572988052,4517.0
Fresh Healthy Cafe,4.5,Boise,Idaho,Republican,46.3,76402.0,1769.288449703903,
Buddy Brew Coffee ,4.0,Tampa,Florida,Republican,39.6,71302.0,2011.9116084311615,1284.0
CO-OP Restaurant & Lounge,3.5,Philadelphia,Pennsylvania,Democrat,36.4,60698.0,1715.4754572988052,4517.0
The Zebra-Striped Whale,4.0,Newtown,Pennsylvania,Republican,45.2,146765.0,2431.944444444445,
The Perch,4.0,Brentwood,Tennessee,Republican,65.8,184720.0,2257.203703703704,
Flamingo Cocktail Club,2.5,Nashville,Tennessee,Democrat,51.2,75197.0,1803.1395088912257,537.0
Trenton Coffee House and Records,4.5,Trenton,New Jersey,Democrat,47.3,47102.0,2197.5047619047623,
Coffee Works Too,3.0,Voorhees,New Jersey,Democrat,,66927.0,,
New Orleans Famous Beignets And Coffee,4.0,New Orleans,Louisiana,Democrat,43.3,55339.0,1635.4273395346563,892.0
The Lab Tampa,4.5,Tampa,Florida,Republican,39.6,71302.0,2011.9116084311615,1284.0
Crushcakes & Cafe,3.5,Isla Vista,California,Democrat,38.6,24428.0,9082.222222222224,
Tri Ky Quan - Vietnamese Restaurant,5.0,Philadelphia,Pennsylvania,Democrat,36.4,60698.0,1715.4754572988052,4517.0
McDonald's,2.0,East Norriton,Pennsylvania,Republican,25.9,60698.0,,
Dunkin',4.0,Marlton,New Jersey,Democrat,42.1,94160.0,,
Starbucks,3.5,Carmel,Indiana,Republican,62.7,134602.0,1827.6327732974908,
McDonald's,1.5,Brandon,Florida,Republican,39.6,77068.0,1944.9896640826876,
NY Bagel Cafe & Deli,2.5,Cherry Hill,New Jersey,Democrat,38.8,91000.0,2419.9864433811804,
Cafe Int'l,3.5,Isla Vista,California,Democrat,38.6,24428.0,9082.222222222224,
McDonald's,2.5,Tampa,Florida,Republican,39.6,71302.0,2011.9116084311615,1284.0
Starbucks,3.0,Tucson,Arizona,Democrat,37.9,54546.0,1468.4007810603507,904.0
Steadfast Coffee,4.0,Nashville,Tennessee,Democrat,51.2,75197.0,1803.1395088912257,537.0
Spiralz,4.5,Clearwater,Florida,Republican,38.5,64440.0,1956.247155052128,1727.0
Higher Grounds,4.0,Philadelphia,Pennsylvania,Democrat,36.4,60698.0,1715.4754572988052,4517.0
Jem Restaurant,4.0,East Norriton,Pennsylvania,Republican,25.9,60698.0,,
Starbucks,3.0,Meridian,Idaho,Republican,46.3,98686.0,2015.2290262803235,
PANA Donuts Coffee & Boba Tea,4.5,Indianapolis,Indiana,Democrat,35.3,62995.0,1376.034945102525,913.0
Dunkin',1.5,West Chester,Pennsylvania,Democrat,58.0,81492.0,2121.137626262627,
The Good Egg - Rooney Ranch,3.5,Tucson,Arizona,Democrat,37.9,54546.0,1468.4007810603507,904.0
Bites By Confectioneiress,4.5,Zionsville,Indiana,Republican,53.1,159126.0,1692.1625,
Knockbox Cafe,4.0,Philadelphia,Pennsylvania,Democrat,36.4,60698.0,1715.4754572988052,4517.0
Starbucks,3.0,Philadelphia,Pennsylvania,Democrat,36.4,60698.0,1715.4754572988052,4517.0
Eastampton Nutrition,4.0,Eastampton Township,New Jersey,Democrat,,91000.0,,
Black Coffee,5.0,St. Louis,Missouri,Democrat,46.7,55279.0,,1943.0
Speedway,2.0,Smyrna,Tennessee,Republican,36.6,78409.0,1682.256728778468,
Coffee Club,4.0,Media,Pennsylvania,Democrat,44.4,86219.0,1922.0873015873012,
Dunkin',2.5,Philadelphia,Pennsylvania,Democrat,36.4,60698.0,1715.4754572988052,4517.0
CC's Coffee House,3.5,New Orleans,Louisiana,Democrat,43.3,55339.0,1635.4273395346563,892.0
bibo coffee company / bibo freddo gelato,3.5,Reno,Nevada,Democrat,37.3,78448.0,1895.051309846432,920.0
Starbucks,3.5,Devon,Pennsylvania,Democrat,58.0,194813.0,2037.2222222222224,
McDonald's,2.0,Reno,Nevada,Democrat,37.3,78448.0,1895.051309846432,920.0
Peet's Coffee & Tea,3.0,Reno,Nevada,Democrat,37.3,78448.0,1895.051309846432,920.0
Tuscany Cafe,3.0,Philadelphia,Pennsylvania,Democrat,36.4,60698.0,1715.4754572988052,4517.0
Le Petit Cafe Coffee House,4.5,Kenner,Louisiana,Republican,31.2,64099.0,1663.6666666666667,
Roasted in the Village,4.5,Zionsville,Indiana,Republican,53.1,159126.0,1692.1625,
The Daily Grind Coffee Shop,4.5,Apollo Beach,Florida,Republican,39.6,113130.0,2339.319035947712,
ā café,5.0,Boise,Idaho,Republican,46.3,76402.0,1769.288449703903,
Dunkin',1.5,Saint Petersburg,Florida,Republican,,71302.0,,
Runway Cafe,3.5,Lumberton,New Jersey,Democrat,,91000.0,,
Java Ship Coffee,5.0,Reno,Nevada,Democrat,37.3,78448.0,1895.051309846432,920.0
Nick's cafe,4.0,Indianapolis,Indiana,Democrat,35.3,62995.0,1376.034945102525,913.0
McDonald's,1.5,Wilmington,Delaware,Democrat,38.7,55269.0,1756.0830026455026,
McDonald's,2.0,Tampa,Florida,Republican,39.6,71302.0,2011.9116084311615,1284.0
Talula's Daily,4.5,Philadelphia,Pennsylvania,Democrat,36.4,60698.0,1715.4754572988052,4517.0
Krispy Kreme,2.5,Meridian,Idaho,Republican,46.3,98686.0,2015.2290262803235,
A La Mousse,4.5,Narberth,Pennsylvania,Democrat,55.4,119863.0,,
The Picket Fence & the Garden Tea Room,2.0,Haddonfield,New Jersey,Democrat,38.8,190882.0,1900.8333333333333,
Starbucks,3.5,Tucson,Arizona,Democrat,37.9,54546.0,1468.4007810603507,904.0
Starbucks,4.0,Des Peres,Missouri,Democrat,46.7,214167.0,,
Mimi's Cafe,3.0,Reno,Nevada,Democrat,37.3,78448.0,1895.051309846432,920.0
McDonald's,1.5,Reno,Nevada,Democrat,37.3,78448.0,1895.051309846432,920.0
Saint Louis Art Museum Cafe,2.5,Saint Louis,Missouri,Democrat,,55279.0,,
Starbucks,2.5,Tucson,Arizona,Democrat,37.9,54546.0,1468.4007810603507,904.0
Paisan's Old World Deli & Catering,4.5,Reno,Nevada,Democrat,37.3,78448.0,1895.051309846432,920.0
McDonald's,2.0,Mount Holly,New Jersey,Democrat,,91000.0,,
Moge Tee - Tampa,4.0,Tampa,Florida,Republican,39.6,71302.0,2011.9116084311615,1284.0
Starbucks,3.0,Tampa,Florida,Republican,39.6,71302.0,2011.9116084311615,1284.0
Hot Spots Espresso Company,3.0,Santa Barbara,California,Democrat,38.6,101672.0,3646.9091098603294,
7-Eleven,3.0,Holiday,Florida,Republican,31.3,43996.0,1689.6786324786324,
Dunkin',1.5,Phoenixville,Pennsylvania,Democrat,58.0,94411.0,2006.513888888889,
REBAR COFFEE + KTCHN,4.0,Santa Barbara,California,Democrat,38.6,101672.0,3646.9091098603294,
The Holistic Connection Belle Meade,4.0,Nashville,Tennessee,Democrat,51.2,75197.0,1803.1395088912257,537.0
Mother Kombucha,4.5,St Petersburg,Florida,Republican,,71302.0,2063.6960586694618,
McDonald's,2.0,Fenton,Missouri,Democrat,46.7,97991.0,1656.9047619047622,
Teatopia,5.0,Saint Louis,Missouri,Democrat,,55279.0,,
Wawa,3.5,East Norriton,Pennsylvania,Republican,25.9,60698.0,,
Wawa,3.0,New Castle,Delaware,Democrat,38.7,92565.0,1786.4166666666667,
Capriccio Cafe and Bar,3.5,Philadelphia,Pennsylvania,Democrat,36.4,60698.0,1715.4754572988052,4517.0
Dunkin',3.5,Lawnside,New Jersey,Democrat,38.8,70338.0,,
Wawa,3.5,Cinnaminson,New Jersey,Democrat,,91000.0,,
Dunkin',2.0,Mount Laurel,New Jersey,Democrat,,91000.0,,
Dunkin',1.5,Tampa,Florida,Republican,39.6,71302.0,2011.9116084311615,1284.0
Starbucks,4.0,Trenton,New Jersey,Democrat,47.3,47102.0,2197.5047619047623,
Wawa,3.0,Primos,Pennsylvania,Democrat,,60698.0,,
Steap and Grind,4.0,Philadelphia,Pennsylvania,Democrat,36.4,60698.0,1715.4754572988052,4517.0
Starbucks,2.0,Nashville,Tennessee,Democrat,51.2,75197.0,1803.1395088912257,537.0
Dunkin',2.0,Greenwood,Indiana,Republican,38.0,78765.0,1632.2466230936818,
Starbucks,2.5,Indianapolis,Indiana,Democrat,35.3,62995.0,1376.034945102525,913.0
Puccino's Coffee,2.5,Metairie,Louisiana,Republican,31.2,73256.0,1645.3324786324786,
The Java Bean,4.5,Sparks,Nevada,Democrat,37.3,86979.0,1964.762212770985,
Lupo's Brookside Bagels,4.5,Springfield,Pennsylvania,Democrat,,60698.0,,
Cosmo's Espresso Coffee & Tea,4.5,Tucson,Arizona,Democrat,37.9,54546.0,1468.4007810603507,904.0
Twist Vapor Cafe,4.5,Tampa,Florida,Republican,39.6,71302.0,2011.9116084311615,1284.0
Dunkin',3.0,Philadelphia,Pennsylvania,Democrat,36.4,60698.0,1715.4754572988052,4517.0
Dunkin',2.0,Woodbury,New Jersey,Republican,37.6,74769.0,2549.5,
Wawa,4.5,Prospect Park,Pennsylvania,Democrat,44.4,38750.0,,
Java Dog Coffee & Tea,4.5,Salem,New Jersey,Republican,24.4,40650.0,1800.0,
SUGA,3.5,Philadelphia,Pennsylvania,Democrat,36.4,60698.0,1715.4754572988052,4517.0
Wawa,4.0,Bristol,Pennsylvania,Republican,,70595.0,1622.25,
Spitfire Coffee,4.5,New Orleans,Louisiana,Democrat,43.3,55339.0,1635.4273395346563,892.0
Montecito Gourmet by Village Cheese & Wine,4.5,Santa Barbara,California,Democrat,38.6,101672.0,3646.9091098603294,
Wawa,2.5,Philadelphia,Pennsylvania,Democrat,36.4,60698.0,1715.4754572988052,4517.0
McDonald's,2.0,St. Louis,Missouri,Democrat,46.7,55279.0,,1943.0
Dunkin',1.0,Philadelphia,Pennsylvania,Democrat,36.4,60698.0,1715.4754572988052,4517.0
McDonald's,2.0,Indianapolis,Indiana,Democrat,35.3,62995.0,1376.034945102525,913.0
7-Eleven,3.0,Philadelphia,Pennsylvania,Democrat,36.4,60698.0,1715.4754572988052,4517.0
Starbucks,4.5,St. Louis,Missouri,Democrat,46.7,55279.0,,1943.0
7-Eleven,3.5,Tampa,Florida,Republican,39.6,71302.0,2011.9116084311615,1284.0
Nutty Duchess Tea Room,4.5,Collingswood,New Jersey,Democrat,38.8,83917.0,1593.4864417989418,
Alsace french bistro,4.5,Tierra Verde,Florida,Republican,38.5,148785.0,,
19 Bella,4.0,Cedars,Pennsylvania,Democrat,,60698.0,,
Neighborhood Joe,4.5,Saint Petersburg,Florida,Republican,,71302.0,,
Shakespeare & Co,4.0,Philadelphia,Pennsylvania,Democrat,36.4,60698.0,1715.4754572988052,4517.0
Savaya Coffee Market - Tanque Verde,4.5,Tucson,Arizona,Democrat,37.9,54546.0,1468.4007810603507,904.0
McDonald's,1.5,Indianapolis,Indiana,Democrat,35.3,62995.0,1376.034945102525,913.0
Lucky Dill Deli,3.5,Palm Harbor,Florida,Republican,38.5,75354.0,1901.0656790123455,
McDonald's,3.0,Kenner,Louisiana,Republican,31.2,64099.0,1663.6666666666667,
McDonald's,2.0,Eagle,Idaho,Republican,46.3,118037.0,1985.2402777777777,
Zizzo's Brew Pub,4.0,Goleta,California,Democrat,38.6,118039.0,3642.484920634921,
Church Alley Coffee,4.5,New Orleans,Louisiana,Democrat,43.3,55339.0,1635.4273395346563,892.0
Bruegger's Bagels,3.0,Tucson,Arizona,Democrat,37.9,54546.0,1468.4007810603507,904.0
Dunkin',2.0,Tampa,Florida,Republican,39.6,71302.0,2011.9116084311615,1284.0
Dunkin',3.5,Philadelphia,Pennsylvania,Democrat,36.4,60698.0,1715.4754572988052,4517.0
The Bistro,4.0,Indianapolis,Indiana,Democrat,35.3,62995.0,1376.034945102525,913.0
Butter Cake Babe's Coffee Shop,4.0,Nashville,Tennessee,Democrat,51.2,75197.0,1803.1395088912257,537.0
Black Press Coffee Shop #001,5.0,Hendersonville,Tennessee,Republican,35.1,91503.0,1604.2083028083027,
A² The GFCF Cafe & Restaurant,5.0,St. Louis,Missouri,Democrat,46.7,55279.0,,1943.0
Dunkin',1.5,Woodlyn,Pennsylvania,Democrat,44.4,71978.0,,
Roses Bistro Off Main,4.0,New Port Richey,Florida,Republican,31.3,46160.0,1753.8333333333333,
Dunkin',2.5,Clearwater,Florida,Republican,38.5,64440.0,1956.247155052128,1727.0
Cafe at Riverbend - Spring Mill,4.5,Conshohocken,Pennsylvania,Democrat,55.4,117330.0,2378.5670794633643,
Sweet Elizabeth's Organics,5.0,Lutz,Florida,Republican,39.6,114516.0,2055.789287749288,
Dunkin',2.0,Lutz,Florida,Republican,39.6,114516.0,2055.789287749288,
Caffe Capri,3.0,Boise,Idaho,Republican,46.3,76402.0,1769.288449703903,
7-Eleven,2.5,Goleta,California,Democrat,38.6,118039.0,3642.484920634921,
Starbucks,4.0,Tucson,Arizona,Democrat,37.9,54546.0,1468.4007810603507,904.0
My Bowl Korean BBQ,4.5,O'Fallon,Illinois,Democrat,34.2,102793.0,,
Wawa,4.5,Glen Mills,Pennsylvania,Democrat,,60698.0,2600.2222222222226,
Starbucks,3.0,Affton,Missouri,Democrat,46.7,77337.0,1687.5,
Deer Creek Coffee,3.5,Richmond Heights,Missouri,Democrat,46.7,90670.0,1542.0238095238094,
Starbucks Gate F,4.0,Tampa,Florida,Republican,39.6,71302.0,2011.9116084311615,1284.0
Johnson’s Coffee Shop,4.5,Plainfield,Indiana,Republican,37.1,85074.0,1703.8148148148148,
Dunkin',2.5,Philadelphia,Pennsylvania,Democrat,36.4,60698.0,1715.4754572988052,4517.0
McDonald's,3.0,Drexel Hill,Pennsylvania,Democrat,44.4,87993.0,1913.0555555555557,
Felicitous,4.5,Tampa,Florida,Republican,39.6,71302.0,2011.9116084311615,1284.0
Mediterranean Market,4.5,Tampa,Florida,Republican,39.6,71302.0,2011.9116084311615,1284.0
Bonte Wafflerie & Cafe,3.5,Philadelphia,Pennsylvania,Democrat,36.4,60698.0,1715.4754572988052,4517.0
Koffmeyer's,4.5,Havertown,Pennsylvania,Democrat,,60698.0,,
The Crux,4.0,Boise,Idaho,Republican,46.3,76402.0,1769.288449703903,
Starbucks,2.5,Tampa,Florida,Republican,39.6,71302.0,2011.9116084311615,1284.0
The Grind House,3.0,Haddonfield,New Jersey,Democrat,38.8,190882.0,1900.8333333333333,
McDonald's,1.5,Mt Juliet,Tennessee,Republican,,75197.0,,
Starbucks,2.0,Tucson,Arizona,Democrat,37.9,54546.0,1468.4007810603507,904.0
El Molino,4.0,Tampa,Florida,Republican,39.6,71302.0,2011.9116084311615,1284.0
McDonald's,2.5,Williamstown,New Jersey,Republican,37.6,87021.0,,
Old Nelson Food Company,3.5,Philadelphia,Pennsylvania,Democrat,36.4,60698.0,1715.4754572988052,4517.0
East Front Cafe,4.5,Trenton,New Jersey,Democrat,47.3,47102.0,2197.5047619047623,
Square One Coffee,4.5,Philadelphia,Pennsylvania,Democrat,36.4,60698.0,1715.4754572988052,4517.0
McDonald's,2.5,Riverview,Florida,Republican,39.6,95442.0,2171.145685305324,
Black Rock Coffee Bar,3.5,Boise,Idaho,Republican,46.3,76402.0,1769.288449703903,
A Little Something Nice,4.5,Lansdale,Pennsylvania,Democrat,55.4,86460.0,1966.2497212931996,
Mr Wish - Upper Darby,2.5,Upper Darby,Pennsylvania,Democrat,,60698.0,1262.75,
7-Eleven,2.0,Tampa,Florida,Republican,39.6,71302.0,2011.9116084311615,1284.0
Certain Feelings,5.0,Indianapolis,Indiana,Democrat,35.3,62995.0,1376.034945102525,913.0
Saxbys,3.5,Philadelphia,Pennsylvania,Democrat,36.4,60698.0,1715.4754572988052,4517.0
Foundry Provisions,4.0,Indianapolis,Indiana,Democrat,35.3,62995.0,1376.034945102525,913.0
Happily Ever After,4.0,Philadelphia,Pennsylvania,Democrat,36.4,60698.0,1715.4754572988052,4517.0
Pure Fare,2.5,Philadelphia,Pennsylvania,Democrat,36.4,60698.0,1715.4754572988052,4517.0
Coffee & 3,3.5,Gretna,Louisiana,Republican,31.2,46045.0,1570.4761904761906,
St. Louis Bread,2.5,St. Louis,Missouri,Democrat,46.7,55279.0,,1943.0
Wawa,3.5,Fort Washington,Pennsylvania,Democrat,55.4,159302.0,,
Tea Bowl Shop,4.0,Philadelphia,Pennsylvania,Democrat,36.4,60698.0,1715.4754572988052,4517.0
Starbucks,3.5,Reno,Nevada,Democrat,37.3,78448.0,1895.051309846432,920.0
Cru Cellars - Westshore Marina,4.5,Tampa Bay,Florida,Republican,,71302.0,,
McDonald's,2.0,New Port Richey,Florida,Republican,31.3,46160.0,1753.8333333333333,
Peet's Coffee & Tea,3.0,Reno,Nevada,Democrat,37.3,78448.0,1895.051309846432,920.0
Hearts,4.0,Nashville,Tennessee,Democrat,51.2,75197.0,1803.1395088912257,537.0
Jc Bake Shop,4.0,Philadelphia,Pennsylvania,Democrat,36.4,60698.0,1715.4754572988052,4517.0
Dunkin',3.0,Marlton,New Jersey,Democrat,42.1,94160.0,,
Starbucks,3.5,Riverview,Florida,Republican,39.6,95442.0,2171.145685305324,
Starbucks,3.0,Metairie,Louisiana,Republican,31.2,73256.0,1645.3324786324786,
McDonald's,1.5,Philadelphia,Pennsylvania,Democrat,36.4,60698.0,1715.4754572988052,4517.0
Mugshots Coffeehouse & Cafe,3.5,Manayunk,Pennsylvania,Democrat,,60698.0,,
Apron Cafe,4.0,Hammonton,New Jersey,Republican,31.1,83044.0,,
Starbucks,2.5,Tucson,Arizona,Democrat,37.9,54546.0,1468.4007810603507,904.0
3 J's Cafe,4.0,Philadelphia,Pennsylvania,Democrat,36.4,60698.0,1715.4754572988052,4517.0
Speedway,3.0,Riverview,Florida,Republican,39.6,95442.0,2171.145685305324,
Café Bustelo,4.0,Philadelphia,Pennsylvania,Democrat,36.4,60698.0,1715.4754572988052,4517.0
Moxie's Joint Cafe & Grille,4.5,Temple Terrace,Florida,Republican,39.6,65756.0,1778.454415954416,
Little Spoon Cafe,4.0,Philadelphia,Pennsylvania,Democrat,36.4,60698.0,1715.4754572988052,4517.0
Mission Coffee Imports,5.0,Tucson,Arizona,Democrat,37.9,54546.0,1468.4007810603507,904.0
Lady and the Mug - Tampa,4.5,Tampa,Florida,Republican,39.6,71302.0,2011.9116084311615,1284.0
Dunkin',2.0,Lutz,Florida,Republican,39.6,114516.0,2055.789287749288,
Joe Coffee Company,4.0,Philadelphia,Pennsylvania,Democrat,36.4,60698.0,1715.4754572988052,4517.0
The Terminal Cafe,4.5,Nashville,Tennessee,Democrat,51.2,75197.0,1803.1395088912257,537.0
Starbucks,3.0,Wynnewood,Pennsylvania,Democrat,55.4,214857.0,2129.761111111111,
Cafe Du Monde,4.0,Kenner,Louisiana,Republican,31.2,64099.0,1663.6666666666667,
InVision Creative Cafe,4.0,Saint Petersburg,Florida,Republican,,71302.0,,
Jack's Donuts,4.0,Carmel,Indiana,Republican,62.7,134602.0,1827.6327732974908,
Bay Coffee & Tea Company,3.0,Tampa,Florida,Republican,39.6,71302.0,2011.9116084311615,1284.0
22nd Street Coffee,4.5,Tampa,Florida,Republican,39.6,71302.0,2011.9116084311615,1284.0
McDonald's,2.0,Kenner,Louisiana,Republican,31.2,64099.0,1663.6666666666667,
McDonald's,1.5,Smyrna,Tennessee,Republican,36.6,78409.0,1682.256728778468,
Starbucks,3.5,West Chester,Pennsylvania,Democrat,58.0,81492.0,2121.137626262627,
McDonald's,2.5,Tucson,Arizona,Democrat,37.9,54546.0,1468.4007810603507,904.0
Wawa,4.5,Horsham,Pennsylvania,Republican,25.9,99121.0,1631.6666666666667,
Koffee Korner,4.5,Lansdale,Pennsylvania,Democrat,55.4,86460.0,1966.2497212931996,
Sugardarlings Cupcakes,4.5,Greater Carrollwood,Florida,Republican,,71302.0,1744.480347503374,
Green Island Frozen Yogurt & Tea Bar,4.0,Tampa,Florida,Republican,39.6,71302.0,2011.9116084311615,1284.0
Grace Bake Shoppe,4.0,Reno,Nevada,Democrat,37.3,78448.0,1895.051309846432,920.0
CC's Coffee House,3.5,Metairie,Louisiana,Republican,31.2,73256.0,1645.3324786324786,
Knee Deep Coffee Shop,4.5,Clearwater,Florida,Republican,38.5,64440.0,1956.247155052128,1727.0
Teavana,3.5,Saint Louis,Missouri,Democrat,,55279.0,,
Croissant D'Or Patisserie,4.0,New Orleans,Louisiana,Democrat,43.3,55339.0,1635.4273395346563,892.0
Main Squeeze Juice Co.,5.0,New Orleans,Louisiana,Democrat,43.3,55339.0,1635.4273395346563,892.0
Orange Crate Cafe,4.5,Dunedin,Florida,Republican,38.5,68068.0,2087.5775446775447,
McDonald's,2.5,Spring Hill,Florida,Republican,22.1,66557.0,1896.568681988972,
Scooped Ice Cream,5.0,Chester Springs,Pennsylvania,Democrat,,60698.0,,
McDonald's,2.0,Nashville,Tennessee,Democrat,51.2,75197.0,1803.1395088912257,537.0
Up to Eleven,3.5,Ardmore,Pennsylvania,Democrat,55.4,115273.0,2250.083333333333,
Avenue Cup Cafe,4.0,Philadelphia,Pennsylvania,Democrat,36.4,60698.0,1715.4754572988052,4517.0
Moxie Java,3.0,Meridian,Idaho,Republican,46.3,98686.0,2015.2290262803235,
Viitals Specialty Bakery & Lifestyle Cafe,3.5,Tampa,Florida,Republican,39.6,71302.0,2011.9116084311615,1284.0
Starbucks,2.5,Pottstown,Pennsylvania,Democrat,55.4,56174.0,1755.439393939394,
Beauty Shop Cafe,4.0,Philadelphia,Pennsylvania,Democrat,36.4,60698.0,1715.4754572988052,4517.0
Wawa,2.0,Philadelphia,Pennsylvania,Democrat,36.4,60698.0,1715.4754572988052,4517.0
Dunkin',1.5,Willow Grove,Pennsylvania,Democrat,55.4,98402.0,2074.1666666666665,
Wawa,3.5,Bensalem,Pennsylvania,Republican,,60698.0,1804.6603174603176,
Sun Cafe,4.0,Saint Louis,Missouri,Democrat,,55279.0,,
7-Eleven,3.0,Riverview,Florida,Republican,39.6,95442.0,2171.145685305324,
Sips Coffee and Tea,3.0,Reno,Nevada,Democrat,37.3,78448.0,1895.051309846432,920.0
McDonald's,2.5,Dunedin,Florida,Republican,38.5,68068.0,2087.5775446775447,
7-Eleven,3.5,Levittown,Pennsylvania,Republican,45.2,101619.0,1847.9166666666667,
Pangolin Café,5.0,Reno,Nevada,Democrat,37.3,78448.0,1895.051309846432,920.0
Brewed Awakening,4.5,Royersford,Pennsylvania,Democrat,55.4,67083.0,1867.1333333333328,
Dunkin',1.5,Philadelphia,Pennsylvania,Democrat,36.4,60698.0,1715.4754572988052,4517.0
Skatium Cafe,4.0,Havertown,Pennsylvania,Democrat,,60698.0,,
Krenolies Donuts,3.0,Noblesville,Indiana,Republican,62.7,102319.0,1734.3738095238095,
McDonald's,1.5,Warrington,Pennsylvania,Republican,,60698.0,,
Wawa,3.5,Kennett Square,Pennsylvania,Democrat,58.0,74259.0,2455.2000000000003,
Speedway,2.5,Indianapolis,Indiana,Democrat,35.3,62995.0,1376.034945102525,913.0
Cowabunga Coffee Roasters,4.0,Warrington,Pennsylvania,Republican,,60698.0,,
Deli-Licious Cafe,3.5,Ewing,New Jersey,Democrat,,91000.0,2199.345238095238,
Starbucks,3.5,Tampa,Florida,Republican,39.6,71302.0,2011.9116084311615,1284.0
Maria Banana Cafe,4.5,St. Petersburg,Florida,Republican,38.5,73118.0,,1632.0
Wawa,2.5,North Wales,Pennsylvania,Democrat,55.4,115833.0,1930.419047619048,
McDonald's,1.5,Indianapolis,Indiana,Democrat,35.3,62995.0,1376.034945102525,913.0
The Tea Store,4.0,Haddonfield,New Jersey,Democrat,38.8,190882.0,1900.8333333333333,
Dunkin',2.5,Clearwater,Florida,Republican,38.5,64440.0,1956.247155052128,1727.0
Suprema Coffee Roastery,4.0,Philadelphia,Pennsylvania,Democrat,36.4,60698.0,1715.4754572988052,4517.0
Rose & Lois,5.0,Carmel,Indiana,Republican,62.7,134602.0,1827.6327732974908,
French Press Coffee House,2.5,Metairie,Louisiana,Republican,31.2,73256.0,1645.3324786324786,
Cafe Beignet on Decatur Street,3.5,New Orleans,Louisiana,Democrat,43.3,55339.0,1635.4273395346563,892.0
Yummy Pho,4.5,Philadelphia,Pennsylvania,Democrat,36.4,60698.0,1715.4754572988052,4517.0
Saxbys,3.5,Philadelphia,Pennsylvania,Democrat,36.4,60698.0,1715.4754572988052,4517.0
Just Love Coffee Cafe - Music Row,4.0,Nashville,Tennessee,Democrat,51.2,75197.0,1803.1395088912257,537.0
House Cup Cafe,5.0,Havertown,Pennsylvania,Democrat,,60698.0,,
McDonald's,2.0,Conshohocken,Pennsylvania,Democrat,55.4,117330.0,2378.5670794633643,
Dunkin',2.5,Valrico,Florida,Republican,39.6,98451.0,2396.349170437405,
Feast: The Cafe at Field + Fort,4.0,Summerland,California,Democrat,38.6,133083.0,,
South Philly Barbacoa,4.5,Philadelphia,Pennsylvania,Democrat,36.4,60698.0,1715.4754572988052,4517.0
Rocket 88 Doughnuts,4.0,Indianapolis,Indiana,Democrat,35.3,62995.0,1376.034945102525,913.0
Landlocked Baking Co.,4.5,Indianapolis,Indiana,Democrat,35.3,62995.0,1376.034945102525,913.0
Einstein Bros Bagels,3.0,Indianapolis,Indiana,Democrat,35.3,62995.0,1376.034945102525,913.0
Wawa,3.5,Langhorne,Pennsylvania,Republican,45.2,95568.0,2732.1,
Tower Taco,4.0,Saint Louis,Missouri,Democrat,,55279.0,,
Dunkin',3.0,Philadelphia,Pennsylvania,Democrat,36.4,60698.0,1715.4754572988052,4517.0
The Korean Rose,4.5,Tucson,Arizona,Democrat,37.9,54546.0,1468.4007810603507,904.0
Green Line Cafe,4.0,Philadelphia,Pennsylvania,Democrat,36.4,60698.0,1715.4754572988052,4517.0
Crêpe n'Dip,4.5,Tucson,Arizona,Democrat,37.9,54546.0,1468.4007810603507,904.0
McDonald's,3.5,New Port Richey,Florida,Republican,31.3,46160.0,1753.8333333333333,
Einstein Bros. Bagels,3.0,Clearwater,Florida,Republican,38.5,64440.0,1956.247155052128,1727.0
McDonald's,2.0,Wesley Chapel,Florida,Republican,31.3,107004.0,2225.93855222764,
Lighthouse Doughnuts,3.5,Indian Rocks Beach,Florida,Republican,38.5,98279.0,3046.3888888888887,
Trust,5.0,St. Louis,Missouri,Democrat,46.7,55279.0,,1943.0
Godiva Chocolatier,4.5,Tampa,Florida,Republican,39.6,71302.0,2011.9116084311615,1284.0
Coffee &,4.0,Harvey,Louisiana,Republican,31.2,43524.0,1309.2763532763531,
Starbucks,3.5,Reno,Nevada,Democrat,37.3,78448.0,1895.051309846432,920.0
Teavana,4.5,Fairview Heights,Illinois,Democrat,34.2,77960.0,892.5,
Starbucks,3.5,Santa Barbara,California,Democrat,38.6,101672.0,3646.9091098603294,
McDonald's,2.0,Indianapolis,Indiana,Democrat,35.3,62995.0,1376.034945102525,913.0
Circle K,1.5,Tucson,Arizona,Democrat,37.9,54546.0,1468.4007810603507,904.0
McDonald's,1.5,Lutz,Florida,Republican,39.6,114516.0,2055.789287749288,
McDonald's,2.5,Seminole,Florida,Republican,38.5,77335.0,2247.2611111111114,
E&B Coffee Roasters,4.5,Nolensville,Tennessee,Republican,65.8,170068.0,2958.472222222222,
Twisted Kitchen,3.0,Hatfield,Pennsylvania,Democrat,,72070.0,1615.111111111111,
McDonald's,1.0,Nashville,Tennessee,Democrat,51.2,75197.0,1803.1395088912257,537.0
Juanita's Mexican Cuisine,4.0,Riverton,New Jersey,Democrat,42.1,126818.0,,
Zhong Gang Bakery,3.5,Philadelphia,Pennsylvania,Democrat,36.4,60698.0,1715.4754572988052,4517.0
Mad Chiller World,4.5,Tampa,Florida,Republican,39.6,71302.0,2011.9116084311615,1284.0
Kolache Factory,4.0,Brentwood,Missouri,Democrat,46.7,86641.0,1751.7460317460318,
Dunkin',4.0,Huntingdon Valley,Pennsylvania,Democrat,,60698.0,1954.0,
Circle K,2.5,Marana,Arizona,Democrat,37.9,108256.0,2097.519841269841,
Bovaconti Coffee,4.5,Indianapolis,Indiana,Democrat,35.3,62995.0,1376.034945102525,913.0
Dunkin',2.0,Spring Hill,Florida,Republican,22.1,66557.0,1896.568681988972,
Pure Fare,3.5,Philadelphia,Pennsylvania,Democrat,36.4,60698.0,1715.4754572988052,4517.0
Abbey Coffee House,3.5,Indianapolis,Indiana,Democrat,35.3,62995.0,1376.034945102525,913.0
The Bowery Vault,5.0,Nashville,Tennessee,Democrat,51.2,75197.0,1803.1395088912257,537.0
Berix Coffee & Deli,4.5,Saint Louis,Missouri,Democrat,,55279.0,,
Dunkin' Donuts,2.0,Burlington,New Jersey,Democrat,,78009.0,,
Wellington Square Bookshop,4.5,Exton,Pennsylvania,Democrat,58.0,121189.0,2224.408187134503,
Euphorbia Kava Bar,4.5,New Orleans,Louisiana,Democrat,43.3,55339.0,1635.4273395346563,892.0
Speedway,2.5,Zionsville,Indiana,Republican,53.1,159126.0,1692.1625,
Tim Hortons Cafe & Bake Shop,3.0,Frontenac,Missouri,Democrat,46.7,225813.0,,
Nadoz Bakery Cafe,3.5,Saint Louis,Missouri,Democrat,,55279.0,,
Mary's Gourmet Donut Shoppe,4.5,Bristol,Pennsylvania,Republican,,70595.0,1622.25,
McDonald's,1.5,Woodbury,New Jersey,Republican,37.6,74769.0,2549.5,
Palmera  Coffee,4.5,Philadelphia,Pennsylvania,Democrat,36.4,60698.0,1715.4754572988052,4517.0
Nonno's Italian Coffee Parlor,4.0,Doylestown,Pennsylvania,Republican,,93672.0,2597.1666666666665,
Starbucks,5.0,St Louis,Missouri,Democrat,,55279.0,1297.475912635836,
Kurant Brew & Brew,4.0,Philadelphia,Pennsylvania,Democrat,36.4,60698.0,1715.4754572988052,4517.0
Mina's World,4.5,Philadelphia,Pennsylvania,Democrat,36.4,60698.0,1715.4754572988052,4517.0
The Hall on Franklin,4.0,Tampa,Florida,Republican,39.6,71302.0,2011.9116084311615,1284.0
Blush Tea and Coffee,5.0,St. Petersburg,Florida,Republican,38.5,73118.0,,1632.0
Roots of the Sun,5.0,Saint Petersburg,Florida,Republican,,71302.0,,
Tea Lounge,4.5,Clearwater,Florida,Republican,38.5,64440.0,1956.247155052128,1727.0
Gypsy Souls Coffeehouse,4.5,Saint Petersburg,Florida,Republican,,71302.0,,
Cosi,3.0,Philadelphia,Pennsylvania,Democrat,36.4,60698.0,1715.4754572988052,4517.0
Dunkin',2.0,St Louis,Missouri,Democrat,,55279.0,1297.475912635836,
Foundation Grounds Coffeehouse & Cafe,4.0,Maplewood,Missouri,Democrat,46.7,65510.0,1205.2407407407406,
Wawa,3.0,Philadelphia,Pennsylvania,Democrat,36.4,60698.0,1715.4754572988052,4517.0
Jupiter Donuts Of Largo,4.5,Largo,Florida,Republican,38.5,60465.0,1787.582052090859,
Frothy Monkey,4.0,Franklin,Tennessee,Republican,65.8,115000.0,2052.104521404521,
Pax Treme,4.5,New Orleans,Louisiana,Democrat,43.3,55339.0,1635.4273395346563,892.0
Dunkin Donuts,2.5,Berlin,New Jersey,Democrat,38.8,101008.0,,
Wawa,3.0,Drexel Hill,Pennsylvania,Democrat,44.4,87993.0,1913.0555555555557,
Richboro Coffee,4.0,Richboro,Pennsylvania,Republican,45.2,153691.0,,
McDonald's,2.5,West Chester,Pennsylvania,Democrat,58.0,81492.0,2121.137626262627,
McDonald's,2.0,Tucson,Arizona,Democrat,37.9,54546.0,1468.4007810603507,904.0
Hi Point Coffee & Cafe,4.0,Reno,Nevada,Democrat,37.3,78448.0,1895.051309846432,920.0
The Monkey & The Elephant,4.5,Philadelphia,Pennsylvania,Democrat,36.4,60698.0,1715.4754572988052,4517.0
Blue Ice Creamery,4.0,East Alton,Illinois,Republican,32.0,46926.0,,
WFM Coffee Bar,3.0,Philadelphia,Pennsylvania,Democrat,36.4,60698.0,1715.4754572988052,4517.0
The Daily Bagel,4.5,Reno,Nevada,Democrat,37.3,78448.0,1895.051309846432,920.0
Dunkin',2.0,Collegeville,Pennsylvania,Democrat,55.4,88992.0,2583.753703703704,
The Reservoir Cafe,4.0,New Orleans,Louisiana,Democrat,43.3,55339.0,1635.4273395346563,892.0
McDonald's,3.5,Indianapolis,Indiana,Democrat,35.3,62995.0,1376.034945102525,913.0
French Press Coffee House,3.0,Metairie,Louisiana,Republican,31.2,73256.0,1645.3324786324786,
Starbucks,2.5,Philadelphia,Pennsylvania,Democrat,36.4,60698.0,1715.4754572988052,4517.0
Washington Crossing Coffee Inc,4.0,Pennington,New Jersey,Democrat,47.3,171282.0,2738.6666666666665,
Dunkin',1.5,Tampa,Florida,Republican,39.6,71302.0,2011.9116084311615,1284.0
McDonald's,1.5,Tampa,Florida,Republican,39.6,71302.0,2011.9116084311615,1284.0
Cafe Latte,4.0,Franklin,Tennessee,Republican,65.8,115000.0,2052.104521404521,
Cafe Artemisa,4.0,Tampa,Florida,Republican,39.6,71302.0,2011.9116084311615,1284.0
Rivster's on High,5.0,Pottstown,Pennsylvania,Democrat,55.4,56174.0,1755.439393939394,
Silver Whistle Café,4.0,New Orleans,Louisiana,Democrat,43.3,55339.0,1635.4273395346563,892.0
Union Teller Coffee Counter,4.5,Nashville,Tennessee,Democrat,51.2,75197.0,1803.1395088912257,537.0
Wawa,3.5,Langhorne,Pennsylvania,Republican,45.2,95568.0,2732.1,
Starbucks,4.0,Philadelphia,Pennsylvania,Democrat,36.4,60698.0,1715.4754572988052,4517.0
Starbucks,3.0,Philadelphia,Pennsylvania,Democrat,36.4,60698.0,1715.4754572988052,4517.0
Starbucks,2.0,St. Louis,Missouri,Democrat,46.7,55279.0,,1943.0
Crave,3.0,St. Louis,Missouri,Democrat,46.7,55279.0,,1943.0
Starbucks,1.5,Smyrna,Tennessee,Republican,36.6,78409.0,1682.256728778468,
Fluffy's Rolled Ice,4.5,Pinellas Park,Florida,Republican,38.5,62043.0,2039.4087024087028,
Bad Ass Coffee,4.0,Redington Shores,Florida,Republican,38.5,101518.0,2925.0,
McDonald's,2.0,Woodlyn,Pennsylvania,Democrat,44.4,71978.0,,
Art Monkey,3.5,Lithia,Florida,Republican,,71302.0,2419.722222222222,
Starbucks,1.5,Indianapolis,Indiana,Democrat,35.3,62995.0,1376.034945102525,913.0
MisterLino,3.5,Speedway,Indiana,Democrat,35.3,57158.0,1667.75,
Starbucks,3.0,Philadelphia,Pennsylvania,Democrat,36.4,60698.0,1715.4754572988052,4517.0
Killebrew Coffee,4.0,Nashville,Tennessee,Democrat,51.2,75197.0,1803.1395088912257,537.0
Krispy Kreme,3.0,Fenton,Missouri,Democrat,46.7,97991.0,1656.9047619047622,
Dunkin',1.5,Wilmington,Delaware,Democrat,38.7,55269.0,1756.0830026455026,
Mr Joe's Cafe,4.5,Philadelphia,Pennsylvania,Democrat,36.4,60698.0,1715.4754572988052,4517.0
McDonald's,2.0,Brandon,Florida,Republican,39.6,77068.0,1944.9896640826876,
Crushcakes & Cafe,3.5,Carpinteria,California,Democrat,38.6,104233.0,4234.166666666667,
Benedict's Family Restaurant,4.5,Dunedin,Florida,Republican,38.5,68068.0,2087.5775446775447,
Starbucks,4.5,Meridian,Idaho,Republican,46.3,98686.0,2015.2290262803235,
Freddie G's Chicken And Waffle,3.5,St Louis,Missouri,Democrat,,55279.0,1297.475912635836,
McDonald's,3.5,Meridian,Idaho,Republican,46.3,98686.0,2015.2290262803235,
HoiTea ToiTea,3.5,Indianapolis,Indiana,Democrat,35.3,62995.0,1376.034945102525,913.0
Transit Tea,5.0,Tucson,Arizona,Democrat,37.9,54546.0,1468.4007810603507,904.0
Luna Cafe,4.5,Tampa,Florida,Republican,39.6,71302.0,2011.9116084311615,1284.0
Southie Coffee,4.5,Clearwater,Florida,Republican,38.5,64440.0,1956.247155052128,1727.0
Starbucks,3.0,Sahuarita,Arizona,Democrat,37.9,100719.0,1911.47095959596,
Starbucks,3.5,Land O' Lakes,Florida,Republican,31.3,98648.0,,
Duck Donuts King Of Prussia,4.5,King of Prussia,Pennsylvania,Democrat,55.4,86149.0,2166.7329901329904,
Wawa,3.5,Philadelphia,Pennsylvania,Democrat,36.4,60698.0,1715.4754572988052,4517.0
Cuban Mexican Restaurant,3.5,Clearwater,Florida,Republican,38.5,64440.0,1956.247155052128,1727.0
Bright Eyes Meridian,4.5,Meridian,Idaho,Republican,46.3,98686.0,2015.2290262803235,
Starbucks,3.5,Nashville,Tennessee,Democrat,51.2,75197.0,1803.1395088912257,537.0
Wawa,3.5,St. Petersburg,Florida,Republican,38.5,73118.0,,1632.0
7-Eleven,3.0,Saint Louis,Missouri,Democrat,,55279.0,,
Rival Bros Coffee,4.5,Philadelphia,Pennsylvania,Democrat,36.4,60698.0,1715.4754572988052,4517.0
Starbucks,3.5,Indianapolis,Indiana,Democrat,35.3,62995.0,1376.034945102525,913.0
Dunkin',2.5,Clearwater,Florida,Republican,38.5,64440.0,1956.247155052128,1727.0
Dunkin',2.0,Tampa,Florida,Republican,39.6,71302.0,2011.9116084311615,1284.0
Starbucks,3.5,Hendersonville,Tennessee,Republican,35.1,91503.0,1604.2083028083027,
Antigua Coffee,4.5,Meridian,Idaho,Republican,46.3,98686.0,2015.2290262803235,
Cake & Joe,4.5,Philadelphia,Pennsylvania,Democrat,36.4,60698.0,1715.4754572988052,4517.0
The Eagle Cafe,2.5,St. Petersburg,Florida,Republican,38.5,73118.0,,1632.0
Cafe Apamate,3.5,Philadelphia,Pennsylvania,Democrat,36.4,60698.0,1715.4754572988052,4517.0
Oakberry Açaí Bowls and Smoothies,4.5,Santa Barbara,California,Democrat,38.6,101672.0,3646.9091098603294,
The Left Bank Bistro,4.0,Saint Petersburg,Florida,Republican,,71302.0,,
Starbucks,3.0,Media,Pennsylvania,Democrat,44.4,86219.0,1922.0873015873012,
Dunkin',1.5,Philadelphia,Pennsylvania,Democrat,36.4,60698.0,1715.4754572988052,4517.0
BOX - Bongo & Bakery on 10th,4.0,Nashville,Tennessee,Democrat,51.2,75197.0,1803.1395088912257,537.0
Buenavida - tucson,3.5,Tucson,Arizona,Democrat,37.9,54546.0,1468.4007810603507,904.0
Cafe Beignet - St. Peter,3.5,New Orleans,Louisiana,Democrat,43.3,55339.0,1635.4273395346563,892.0
UDairy Creamery Market,4.5,Wilmington,Delaware,Democrat,38.7,55269.0,1756.0830026455026,
McDonald's,2.0,Plainfield,Indiana,Republican,37.1,85074.0,1703.8148148148148,
Puccino's,2.0,Metairie,Louisiana,Republican,31.2,73256.0,1645.3324786324786,
Old Town Coffee,4.0,Goleta,California,Democrat,38.6,118039.0,3642.484920634921,
The Great Catch - Zephyrhills,3.5,Zephyrhills,Florida,Republican,31.3,49295.0,1854.3201058201057,
Abandoned Luncheonette,4.5,Moorestown,New Jersey,Democrat,,91000.0,,
Plenty Café,3.5,Philadelphia,Pennsylvania,Democrat,36.4,60698.0,1715.4754572988052,4517.0
Wawa,4.0,Bensalem,Pennsylvania,Republican,,60698.0,1804.6603174603176,
Pike Creek Coffee Roasterie,5.0,Newark,Delaware,Democrat,38.7,71373.0,2153.965643274854,
Dunkin' Donuts,2.0,New Orleans,Louisiana,Democrat,43.3,55339.0,1635.4273395346563,892.0
McDonald's,1.5,Cherry Hill,New Jersey,Democrat,38.8,91000.0,2419.9864433811804,
Dunkin',4.0,Somerdale,New Jersey,Democrat,38.8,79101.0,1754.0,
Cake and the Beanstalk,4.5,Philadelphia,Pennsylvania,Democrat,36.4,60698.0,1715.4754572988052,4517.0
Tampa Bay Cafe & Bar,2.0,Clearwater,Florida,Republican,38.5,64440.0,1956.247155052128,1727.0
Teavana,3.0,Tampa,Florida,Republican,39.6,71302.0,2011.9116084311615,1284.0
Highpointe Performance Cafe,4.0,Philadelphia,Pennsylvania,Democrat,36.4,60698.0,1715.4754572988052,4517.0
Tres Bonne Cuisine,4.0,Boise,Idaho,Republican,46.3,76402.0,1769.288449703903,
Frothy Monkey,4.0,Nashville,Tennessee,Democrat,51.2,75197.0,1803.1395088912257,537.0
CR Coffee Shop,4.5,New Orleans,Louisiana,Democrat,43.3,55339.0,1635.4273395346563,892.0
McDonald's,1.5,Philadelphia,Pennsylvania,Democrat,36.4,60698.0,1715.4754572988052,4517.0
sucrose,4.5,Saint Charles,Missouri,Republican,,55279.0,,
Ava's Ice Cream and Water Ice,5.0,Collegeville,Pennsylvania,Democrat,55.4,88992.0,2583.753703703704,
Queen's Cuisine,5.0,Edwardsville,Illinois,Republican,32.0,92671.0,1571.0952380952378,
Starbucks,3.5,Clearwater,Florida,Republican,38.5,64440.0,1956.247155052128,1727.0
Dunkin',1.5,Edgewater Park,New Jersey,Democrat,,91000.0,,
The West Chester Coffee & Ice Cream Bar,4.0,West Chester,Pennsylvania,Democrat,58.0,81492.0,2121.137626262627,
Dunkin',4.5,Washington Crossing,Pennsylvania,Republican,,60698.0,,
Dunkin',2.0,Holland,Pennsylvania,Republican,,60698.0,,
Bongo Java Cafe,4.5,Nashville,Tennessee,Democrat,51.2,75197.0,1803.1395088912257,537.0
Circle K,2.0,Tucson,Arizona,Democrat,37.9,54546.0,1468.4007810603507,904.0
Ming Ming Tea Cafe,4.5,St. Petersburg,Florida,Republican,38.5,73118.0,,1632.0
Dunkin',2.5,Saint Petersburg,Florida,Republican,,71302.0,,
McDonald's,1.5,Gilbertsville,Pennsylvania,Democrat,55.4,117426.0,,
McDonald's,2.0,Goodlettsville,Tennessee,Republican,35.1,65898.0,1786.8333333333333,
Dunkin',1.5,Trevose,Pennsylvania,Republican,45.2,83108.0,,
Reading Room Restaurant,4.5,Saint Petersburg,Florida,Republican,,71302.0,,
Silver Spoon Eatery,5.0,Virginia City,Nevada,Republican,,108214.0,,
Mountain Timber Coffee,4.5,Meridian,Idaho,Republican,46.3,98686.0,2015.2290262803235,
Wawa,3.5,Malvern,Pennsylvania,Democrat,58.0,106638.0,2467.1635327635327,
La Mademoiselle Macaron,4.5,Mullica Hill,New Jersey,Republican,37.6,133750.0,,
Wawa,3.0,Havertown,Pennsylvania,Democrat,,60698.0,,
SWEET CECE'S MT JULIET,4.5,Mount Juliet,Tennessee,Republican,40.2,107847.0,2179.7969498910675,
Foundation Coffee Co.,4.5,Tampa Bay,Florida,Republican,,71302.0,,
St. Pete Bagel Co.,4.0,Kenneth City,Florida,Republican,38.5,49375.0,,
Starbucks,2.5,St. Charles,Missouri,Republican,43.4,85522.0,,
Wet Hen Cafe,4.5,Reno,Nevada,Democrat,37.3,78448.0,1895.051309846432,920.0
Montecito Coffee Shop,3.5,Santa Barbara,California,Democrat,38.6,101672.0,3646.9091098603294,
Zen Tea House,4.0,Philadelphia,Pennsylvania,Democrat,36.4,60698.0,1715.4754572988052,4517.0
Pétrus Ky Café,4.0,Philadelphia,Pennsylvania,Democrat,36.4,60698.0,1715.4754572988052,4517.0
Coco's West Italian Restaurant,3.0,Nashville,Tennessee,Democrat,51.2,75197.0,1803.1395088912257,537.0
Yogurt In Love,3.5,Plainfield,Indiana,Republican,37.1,85074.0,1703.8148148148148,
Wawa,3.0,Lafayette Hill,Pennsylvania,Democrat,,60698.0,,
Darrin's Coffee Company,4.5,Indianapolis,Indiana,Democrat,35.3,62995.0,1376.034945102525,913.0
Strange Brew,4.5,Greenwood,Indiana,Republican,38.0,78765.0,1632.2466230936818,
The Sand Stand,4.0,Medford Lakes,New Jersey,Democrat,42.1,151190.0,,
Wawa,3.0,Clearwater,Florida,Republican,38.5,64440.0,1956.247155052128,1727.0
Copper Moon Coffee,2.0,Indianapolis,Indiana,Democrat,35.3,62995.0,1376.034945102525,913.0
The Rook Cafe,4.5,New Orleans,Louisiana,Democrat,43.3,55339.0,1635.4273395346563,892.0
McDonald's,2.0,Meridian,Idaho,Republican,46.3,98686.0,2015.2290262803235,
Wilko,3.5,Tucson,Arizona,Democrat,37.9,54546.0,1468.4007810603507,904.0
Caribou Coffee,4.5,Indianapolis,Indiana,Democrat,35.3,62995.0,1376.034945102525,913.0
Gourmet Grind,3.5,Reno,Nevada,Democrat,37.3,78448.0,1895.051309846432,920.0
Dunkin',2.5,Philadelphia,Pennsylvania,Democrat,36.4,60698.0,1715.4754572988052,4517.0
The Perks of Life,4.5,Eagle,Idaho,Republican,46.3,118037.0,1985.2402777777777,
Stompin' Grounds Coffee House,4.5,Hendersonville,Tennessee,Republican,35.1,91503.0,1604.2083028083027,
The Edge,3.0,Boise,Idaho,Republican,46.3,76402.0,1769.288449703903,
Figuero's Coffee & Gourmet Specialties,4.0,Saint Charles,Missouri,Republican,,55279.0,,
McDonald's,1.5,Riverview,Florida,Republican,39.6,95442.0,2171.145685305324,
Kitchen House Coffee,4.5,St. Louis,Missouri,Democrat,46.7,55279.0,,1943.0
Southside Coffee,5.0,Saint Petersburg,Florida,Republican,,71302.0,,
Dunkin',2.0,West Chester,Pennsylvania,Democrat,58.0,81492.0,2121.137626262627,
Quick Chek,2.0,Trenton,New Jersey,Democrat,47.3,47102.0,2197.5047619047623,
McDonald's,2.0,Mount Ephraim,New Jersey,Democrat,38.8,95137.0,,
PJ's Coffee,4.0,River Ridge,Louisiana,Republican,31.2,84464.0,,
Dunkin',3.0,Saint Pete Beach,Florida,Republican,,71302.0,,
Cafe Zope,4.0,Tucson,Arizona,Democrat,37.9,54546.0,1468.4007810603507,904.0
Betty's Speakeasy,4.0,Philadelphia,Pennsylvania,Democrat,36.4,60698.0,1715.4754572988052,4517.0
Main Street Bistro,4.5,Hendersonville,Tennessee,Republican,35.1,91503.0,1604.2083028083027,
Arizona Pizza Company,3.5,Tucson,Arizona,Democrat,37.9,54546.0,1468.4007810603507,904.0
Nespresso Boutique at Bloomingdales,4.5,King of Prussia,Pennsylvania,Democrat,55.4,86149.0,2166.7329901329904,
La Deja Vu Bistro,4.5,Saint Petersburg,Florida,Republican,,71302.0,,
Wawa,4.0,Largo,Florida,Republican,38.5,60465.0,1787.582052090859,
Urban Fort Play ,4.5,St. Louis,Missouri,Democrat,46.7,55279.0,,1943.0
Duck Donuts,4.5,Meridian,Idaho,Republican,46.3,98686.0,2015.2290262803235,
Normal Coffee,5.0,Indianapolis,Indiana,Democrat,35.3,62995.0,1376.034945102525,913.0
Dunkin',2.0,Philadelphia,Pennsylvania,Democrat,36.4,60698.0,1715.4754572988052,4517.0
Satsuma Café,4.0,New Orleans,Louisiana,Democrat,43.3,55339.0,1635.4273395346563,892.0
Bagelissimo,4.0,Bordentown,New Jersey,Democrat,,91208.0,,
Starbucks,2.5,Wilmington,Delaware,Democrat,38.7,55269.0,1756.0830026455026,
Muddy Water Kava & Tea,4.5,Saint Petersburg,Florida,Republican,,71302.0,,
Dunkin' Donuts,2.0,Harvey,Louisiana,Republican,31.2,43524.0,1309.2763532763531,
Starbucks,2.5,Burlington,New Jersey,Democrat,,78009.0,,
Starbucks,3.0,Philadelphia,Pennsylvania,Democrat,36.4,60698.0,1715.4754572988052,4517.0
Java Downtown Boise,4.0,Boise,Idaho,Republican,46.3,76402.0,1769.288449703903,
Alia's Coffee House,4.0,Boise,Idaho,Republican,46.3,76402.0,1769.288449703903,
My Favorite Muffin & Bagel Cafe,3.5,Reno,Nevada,Democrat,37.3,78448.0,1895.051309846432,920.0
Dunkin',1.5,Pottstown,Pennsylvania,Democrat,55.4,56174.0,1755.439393939394,
Metropolitan Bakery,3.5,Philadelphia,Pennsylvania,Democrat,36.4,60698.0,1715.4754572988052,4517.0
Simply Sweet Shoppe,4.5,Carmel,Indiana,Republican,62.7,134602.0,1827.6327732974908,
Starbucks,3.5,Philadelphia,Pennsylvania,Democrat,36.4,60698.0,1715.4754572988052,4517.0
Starbucks,3.0,Sparks,Nevada,Democrat,37.3,86979.0,1964.762212770985,
Zing Cafe,4.0,Carmel,Indiana,Republican,62.7,134602.0,1827.6327732974908,
Luna Grill & Coffee,5.0,Pinellas,Florida,Republican,,71302.0,,
Perks Coffee & Cafe,4.5,Metairie,Louisiana,Republican,31.2,73256.0,1645.3324786324786,
Starbucks,3.5,Trinity,Florida,Republican,31.3,113125.0,,
Wawa,4.0,Moorestown,New Jersey,Democrat,,91000.0,,
Cube Tea Studio,5.0,Saint Louis,Missouri,Democrat,,55279.0,,
McDonald's,2.0,Trenton,New Jersey,Democrat,47.3,47102.0,2197.5047619047623,
Mastry's Brewing,4.5,Saint Pete Beach,Florida,Republican,,71302.0,,
Twist Smokeshop & Kava Bar,3.5,Brandon,Florida,Republican,39.6,77068.0,1944.9896640826876,
Fonda La Hermanita,5.0,Tucson,Arizona,Democrat,37.9,54546.0,1468.4007810603507,904.0
Cakepop Heaven,4.5,Nashville,Tennessee,Democrat,51.2,75197.0,1803.1395088912257,537.0
McDonald's,1.5,Des Peres,Missouri,Democrat,46.7,214167.0,,
French Truck Coffee,4.0,Metairie,Louisiana,Republican,31.2,73256.0,1645.3324786324786,
Urban Bungalow,5.0,Tampa,Florida,Republican,39.6,71302.0,2011.9116084311615,1284.0
Starbucks,2.0,Clearwater,Florida,Republican,38.5,64440.0,1956.247155052128,1727.0
Cafe L'Aube,4.0,Philadelphia,Pennsylvania,Democrat,36.4,60698.0,1715.4754572988052,4517.0
The Corner Store,4.5,Plant City,Florida,Republican,39.6,64536.0,2014.522077922078,
Five Points Coffee,4.5,Upper Darby,Pennsylvania,Democrat,,60698.0,1262.75,
Starbucks,3.5,Tampa,Florida,Republican,39.6,71302.0,2011.9116084311615,1284.0
Starbucks,3.0,Smyrna,Tennessee,Republican,36.6,78409.0,1682.256728778468,
Milk & Honey Tea Room,3.0,Tampa,Florida,Republican,39.6,71302.0,2011.9116084311615,1284.0
Tea Leaf,4.5,Philadelphia,Pennsylvania,Democrat,36.4,60698.0,1715.4754572988052,4517.0
Dunkin',2.5,Moorestown,New Jersey,Democrat,,91000.0,,
Dunkin',2.0,Riverview,Florida,Republican,39.6,95442.0,2171.145685305324,
Café Loftus Downtown,3.5,Philadelphia,Pennsylvania,Democrat,36.4,60698.0,1715.4754572988052,4517.0
Fermented Tea Company,5.0,Tucson,Arizona,Democrat,37.9,54546.0,1468.4007810603507,904.0
Chai Mixology,4.5,St Petersburg,Florida,Republican,,71302.0,2063.6960586694618,
Sweet Dreams Bakery And Bubble Tea,4.5,Franklin,Tennessee,Republican,65.8,115000.0,2052.104521404521,
Cafe 615 Home of Da Wabbit,4.0,Gretna,Louisiana,Republican,31.2,46045.0,1570.4761904761906,
Wink's World Famous Buttermilk Drop Bakery & Bistro,4.0,New Orleans,Louisiana,Democrat,43.3,55339.0,1635.4273395346563,892.0
Ruby Slipper Cafe,4.0,New Orleans,Louisiana,Democrat,43.3,55339.0,1635.4273395346563,892.0
Starbucks,3.0,Philadelphia,Pennsylvania,Democrat,36.4,60698.0,1715.4754572988052,4517.0
Alma Cafe,4.5,New Orleans,Louisiana,Democrat,43.3,55339.0,1635.4273395346563,892.0
Quick Chek,3.0,Trenton,New Jersey,Democrat,47.3,47102.0,2197.5047619047623,
Fuzzy's Taco Shop,3.0,Webster Groves,Missouri,Democrat,46.7,110716.0,1882.222222222222,
Global Coffee,4.5,Reno,Nevada,Democrat,37.3,78448.0,1895.051309846432,920.0
McDonald's,2.0,Clifton Heights,Pennsylvania,Democrat,44.4,69940.0,1491.829365079365,
Java House Coffee Bar,4.5,Carmel,Indiana,Republican,62.7,134602.0,1827.6327732974908,
Gloria Jean's Coffee,3.5,Tucson,Arizona,Democrat,37.9,54546.0,1468.4007810603507,904.0
Kahwa Coffee,3.5,Dunedin,Florida,Republican,38.5,68068.0,2087.5775446775447,
Crossroads Coffee House,4.0,Philadelphia,Pennsylvania,Democrat,36.4,60698.0,1715.4754572988052,4517.0
Cafe Nova,4.5,Saint Louis,Missouri,Democrat,,55279.0,,
HubBub Coffee,3.5,Philadelphia,Pennsylvania,Democrat,36.4,60698.0,1715.4754572988052,4517.0
The Coffee Bean & Tea Leaf,3.0,Santa Barbara,California,Democrat,38.6,101672.0,3646.9091098603294,
Fat Boy Pantry,4.5,New Orleans,Louisiana,Democrat,43.3,55339.0,1635.4273395346563,892.0
Parliament,4.0,Philadelphia,Pennsylvania,Democrat,36.4,60698.0,1715.4754572988052,4517.0
Cartel Roasting,4.0,Tucson,Arizona,Democrat,37.9,54546.0,1468.4007810603507,904.0
McDonald's,1.5,South Tucson,Arizona,Democrat,37.9,33734.0,1040.8333333333333,
Tree House Vegetarian Restaurant,4.5,Saint Louis,Missouri,Democrat,,55279.0,,
Village Treats,4.0,Narberth,Pennsylvania,Democrat,55.4,119863.0,,
Starbucks,4.5,Greenwood,Indiana,Republican,38.0,78765.0,1632.2466230936818,
Corona's Coffee Shop,4.0,Tampa,Florida,Republican,39.6,71302.0,2011.9116084311615,1284.0
BT In a Box,3.5,Tampa,Florida,Republican,39.6,71302.0,2011.9116084311615,1284.0
Turning Point of Christiana,4.0,Newark,Delaware,Democrat,38.7,71373.0,2153.965643274854,
Kaldi's Coffee at Mid Campus Center,3.0,St. Louis,Missouri,Democrat,46.7,55279.0,,1943.0
Starbucks,4.0,Tucson,Arizona,Democrat,37.9,54546.0,1468.4007810603507,904.0
Ruby Slipper Cafe,4.0,New Orleans,Louisiana,Democrat,43.3,55339.0,1635.4273395346563,892.0
Mong Kok Station,3.5,Philadelphia,Pennsylvania,Democrat,36.4,60698.0,1715.4754572988052,4517.0
Wawa,3.5,Hatboro,Pennsylvania,Democrat,55.4,108927.0,2555.833333333333,
Starbucks,2.5,Tampa,Florida,Republican,39.6,71302.0,2011.9116084311615,1284.0
McDonald's,1.0,Jennings,Missouri,Democrat,46.7,37356.0,1150.0,
Starbucks,3.0,Tucson,Arizona,Democrat,37.9,54546.0,1468.4007810603507,904.0
Seven Cups,4.5,Tucson,Arizona,Democrat,37.9,54546.0,1468.4007810603507,904.0
McDonald's,2.5,Voorhees,New Jersey,Democrat,,66927.0,,
Coffee Cream & Dreams,5.0,Philadelphia,Pennsylvania,Democrat,36.4,60698.0,1715.4754572988052,4517.0
Dunkin',2.5,Richboro,Pennsylvania,Republican,45.2,153691.0,,
Starbucks,3.0,Lutz,Florida,Republican,39.6,114516.0,2055.789287749288,
First Cup Cafe,3.5,New Orleans,Louisiana,Democrat,43.3,55339.0,1635.4273395346563,892.0
Starbucks,3.5,St. Louis,Missouri,Democrat,46.7,55279.0,,1943.0
Starbucks,3.5,Tampa,Florida,Republican,39.6,71302.0,2011.9116084311615,1284.0
Starbucks,4.0,Tucson,Arizona,Democrat,37.9,54546.0,1468.4007810603507,904.0
Coffee Grounds,4.5,Treasure Island,Florida,Republican,38.5,82340.0,2646.6666666666665,
Starbucks,3.5,Nashville,Tennessee,Democrat,51.2,75197.0,1803.1395088912257,537.0
Delran Coffee Shop,4.0,Delran,New Jersey,Democrat,,91000.0,,
Fabio and Danny's Cafe,4.0,Wayne,Pennsylvania,Democrat,44.4,143981.0,2133.833333333333,
McDonald's,2.0,Feasterville,Pennsylvania,Republican,45.2,80208.0,,
Joe's Place,4.0,Wayne,Pennsylvania,Democrat,44.4,143981.0,2133.833333333333,
Stompin' Grounds Restaurant,3.5,Nashville,Tennessee,Democrat,51.2,75197.0,1803.1395088912257,537.0
Wawa,3.5,Doylestown,Pennsylvania,Republican,,93672.0,2597.1666666666665,
New Orleans Cajun Cookery,3.5,New Orleans,Louisiana,Democrat,43.3,55339.0,1635.4273395346563,892.0
Starbucks,3.0,Reno,Nevada,Democrat,37.3,78448.0,1895.051309846432,920.0
PDQ Waters,4.0,Tampa,Florida,Republican,39.6,71302.0,2011.9116084311615,1284.0
Starbucks,2.0,Fairview Heights,Illinois,Democrat,34.2,77960.0,892.5,
Tasseology,5.0,New Orleans,Louisiana,Democrat,43.3,55339.0,1635.4273395346563,892.0
McDonald's,1.5,La Vergne,Tennessee,Republican,36.6,80418.0,2092.735897435897,
Fitzwater Cafe,4.0,Philadelphia,Pennsylvania,Democrat,36.4,60698.0,1715.4754572988052,4517.0
Le Pain Quotidien,3.5,Wayne,Pennsylvania,Democrat,44.4,143981.0,2133.833333333333,
Manhattan Bagel,2.0,Havertown,Pennsylvania,Democrat,,60698.0,,
Cookie Confidential,4.0,Philadelphia,Pennsylvania,Democrat,36.4,60698.0,1715.4754572988052,4517.0
Mamma Lane's Coffee House,5.0,Tarpon Springs,Florida,Republican,38.5,68877.0,2048.196581196581,
Fractured Prune Doughnuts,4.0,Audubon,Pennsylvania,Democrat,55.4,107785.0,,
Cogito Coffee,4.5,Philadelphia,Pennsylvania,Democrat,36.4,60698.0,1715.4754572988052,4517.0
The Vine Baking,4.5,Tampa,Florida,Republican,39.6,71302.0,2011.9116084311615,1284.0
Krispy Kreme,3.0,Tucson,Arizona,Democrat,37.9,54546.0,1468.4007810603507,904.0
Sade Turkish Coffee & Delights,4.5,Carpinteria,California,Democrat,38.6,104233.0,4234.166666666667,
Dunkin',2.5,Lansdale,Pennsylvania,Democrat,55.4,86460.0,1966.2497212931996,
Starbucks,2.0,Newark,Delaware,Democrat,38.7,71373.0,2153.965643274854,
Confluence Kombucha,4.5,St. Louis,Missouri,Democrat,46.7,55279.0,,1943.0
Wawa,4.5,Voorhees Township,New Jersey,Democrat,,91000.0,1815.4166666666667,
WAWA,3.0,Wesley Chapel,Florida,Republican,31.3,107004.0,2225.93855222764,
Barrister's Bagels,5.0,Pottstown,Pennsylvania,Democrat,55.4,56174.0,1755.439393939394,
McDonald's,3.0,Hatfield,Pennsylvania,Democrat,,72070.0,1615.111111111111,
Starbucks,3.5,Greenville,Delaware,Democrat,38.7,139541.0,,
222 Artisan Bakery,4.5,Edwardsville,Illinois,Republican,32.0,92671.0,1571.0952380952378,
Orange Belt Cafe,4.5,St. Petersburg,Florida,Republican,38.5,73118.0,,1632.0
High Point Cafe,4.0,Philadelphia,Pennsylvania,Democrat,36.4,60698.0,1715.4754572988052,4517.0
Dunkin',2.0,Ambler,Pennsylvania,Democrat,55.4,80795.0,2596.6666666666665,
Puddin's Cake Corner,4.0,Philadelphia,Pennsylvania,Democrat,36.4,60698.0,1715.4754572988052,4517.0
The Daily Grind Cafe,4.5,Jenkintown,Pennsylvania,Democrat,55.4,114306.0,1958.388888888889,
Cafe Patachou,3.5,Indianapolis,Indiana,Democrat,35.3,62995.0,1376.034945102525,913.0
Dunkin',3.0,Metairie,Louisiana,Republican,31.2,73256.0,1645.3324786324786,
Dunkin',2.0,Columbus,New Jersey,Democrat,,91000.0,,
Cafe Paraiso,3.5,Tucson,Arizona,Democrat,37.9,54546.0,1468.4007810603507,904.0
Nordstrom Ebar Artisan Coffee,4.0,Nashville,Tennessee,Democrat,51.2,75197.0,1803.1395088912257,537.0
Dunkin',3.0,Croydon,Pennsylvania,Republican,45.2,59883.0,,
Wawa,2.5,Philadelphia,Pennsylvania,Democrat,36.4,60698.0,1715.4754572988052,4517.0
United By Blue,4.5,Philadelphia,Pennsylvania,Democrat,36.4,60698.0,1715.4754572988052,4517.0
McDonald's,2.0,Godfrey,Illinois,Republican,32.0,92746.0,,
Global Village Coffee,4.5,Indianapolis,Indiana,Democrat,35.3,62995.0,1376.034945102525,913.0
Au Bon Pain,2.0,Philadelphia,Pennsylvania,Democrat,36.4,60698.0,1715.4754572988052,4517.0
Wawa,3.0,Philadelphia,Pennsylvania,Democrat,36.4,60698.0,1715.4754572988052,4517.0
Bubbletea Station,3.0,Reno,Nevada,Democrat,37.3,78448.0,1895.051309846432,920.0
Elixr Coffee,4.5,Philadelphia,Pennsylvania,Democrat,36.4,60698.0,1715.4754572988052,4517.0
Starbucks,5.0,Sahuarita,Arizona,Democrat,37.9,100719.0,1911.47095959596,
Farm City Coffee,4.5,Nashville,Tennessee,Democrat,51.2,75197.0,1803.1395088912257,537.0
Starbucks,3.5,Greenwood,Indiana,Republican,38.0,78765.0,1632.2466230936818,
Goat House Creamery,4.0,Elkins Park,Pennsylvania,Democrat,55.4,129773.0,1571.5555555555557,
Ignatius' Rue de La Course Coffeehouse,3.5,New Orleans,Louisiana,Democrat,43.3,55339.0,1635.4273395346563,892.0
Teavana,4.5,Indianapolis,Indiana,Democrat,35.3,62995.0,1376.034945102525,913.0
Southern Bay Bakery - Dunedin,4.5,Dunedin,Florida,Republican,38.5,68068.0,2087.5775446775447,
Who Dat Coffee Cafe,4.5,New Orleans,Louisiana,Democrat,43.3,55339.0,1635.4273395346563,892.0
McDonald's,1.5,Plant City,Florida,Republican,39.6,64536.0,2014.522077922078,
Dutch Bros Coffee,4.5,Meridian,Idaho,Republican,46.3,98686.0,2015.2290262803235,
Dunkin' Donuts,3.5,Berlin Township,New Jersey,Democrat,,91000.0,,
The Human Bean,4.0,Tucson,Arizona,Democrat,37.9,54546.0,1468.4007810603507,904.0
Dunkin',2.5,Tarpon Springs,Florida,Republican,38.5,68877.0,2048.196581196581,
Dutch Bros Coffee,4.0,Boise,Idaho,Republican,46.3,76402.0,1769.288449703903,
Lucky Cup Coffee,4.0,Safety Harbor,Florida,Republican,38.5,105813.0,2389.1,
Temple University Law School Bookstore,3.0,Philadelphia,Pennsylvania,Democrat,36.4,60698.0,1715.4754572988052,4517.0
Coffee Beanery,2.5,Tampa,Florida,Republican,39.6,71302.0,2011.9116084311615,1284.0
The Bakeshop on 20th,4.5,Philadelphia,Pennsylvania,Democrat,36.4,60698.0,1715.4754572988052,4517.0
Dunkin',2.0,Philadelphia,Pennsylvania,Democrat,36.4,60698.0,1715.4754572988052,4517.0
Nana Petrillo's,3.5,Philadelphia,Pennsylvania,Democrat,36.4,60698.0,1715.4754572988052,4517.0
Dutch Bros Coffee,4.5,Boise,Idaho,Republican,46.3,76402.0,1769.288449703903,
Sip & Chew Express,4.5,Belleville,Illinois,Democrat,34.2,60529.0,1072.5014005602245,
Uncommon Grounds,4.5,Old Hickory,Tennessee,Democrat,,75197.0,,
Bruegger's Bagels,2.5,Nashville,Tennessee,Democrat,51.2,75197.0,1803.1395088912257,537.0
Fat Tuesday,2.5,Philadelphia,Pennsylvania,Democrat,36.4,60698.0,1715.4754572988052,4517.0
Good Karma Cafe,4.5,Philadelphia,Pennsylvania,Democrat,36.4,60698.0,1715.4754572988052,4517.0
Arcane Coffee,5.0,Danville,Indiana,Republican,37.1,93080.0,,
Payaathai Cuisine,4.5,Riverview,Florida,Republican,39.6,95442.0,2171.145685305324,
Keswick Coffee House,4.5,Glenside,Pennsylvania,Democrat,55.4,101050.0,,
Dunkin',3.5,Collegeville,Pennsylvania,Democrat,55.4,88992.0,2583.753703703704,
Starbucks,3.0,Tampa,Florida,Republican,39.6,71302.0,2011.9116084311615,1284.0
Starbucks,2.5,New Orleans,Louisiana,Democrat,43.3,55339.0,1635.4273395346563,892.0
Wheatfields Cafe Bakery,4.5,Tampa,Florida,Republican,39.6,71302.0,2011.9116084311615,1284.0
California Shakes & Juice Bar,5.0,Glassboro,New Jersey,Republican,37.6,80388.0,2963.31746031746,
Cafe at The Mill,4.0,Sellersville,Pennsylvania,Republican,45.2,88516.0,,
Starbucks,5.0,Reno,Nevada,Democrat,37.3,78448.0,1895.051309846432,920.0
7-Eleven,2.0,Philadelphia,Pennsylvania,Democrat,36.4,60698.0,1715.4754572988052,4517.0
Dunkin',3.0,Wilmington,Delaware,Democrat,38.7,55269.0,1756.0830026455026,
Dunkin',1.0,Clearwater,Florida,Republican,38.5,64440.0,1956.247155052128,1727.0
Gulfport Comfort Cafe,4.5,Gulfport,Florida,Republican,38.5,68617.0,2081.904761904762,
Dunkin',2.0,Blackwood,New Jersey,Democrat,38.8,81154.0,2023.6111111111115,
McDonald's,2.5,Sparks,Nevada,Democrat,37.3,86979.0,1964.762212770985,
I Am Coffee,4.5,Philadelphia,Pennsylvania,Democrat,36.4,60698.0,1715.4754572988052,4517.0
Freezy Street,4.0,New Orleans,Louisiana,Democrat,43.3,55339.0,1635.4273395346563,892.0
The Drive In,4.5,Reno,Nevada,Democrat,37.3,78448.0,1895.051309846432,920.0
PJ's Coffee & Tea,2.5,New Orleans,Louisiana,Democrat,43.3,55339.0,1635.4273395346563,892.0
Dunkin',2.0,Fairview Heights,Illinois,Democrat,34.2,77960.0,892.5,
Peregrine Coffee,4.5,Philadelphia,Pennsylvania,Democrat,36.4,60698.0,1715.4754572988052,4517.0
Brown Street Coffee & Bánhery,4.0,Philadelphia,Pennsylvania,Democrat,36.4,60698.0,1715.4754572988052,4517.0
Rival Bros Coffee,4.5,Philadelphia,Pennsylvania,Democrat,36.4,60698.0,1715.4754572988052,4517.0
Dunkin',2.0,Trenton,New Jersey,Democrat,47.3,47102.0,2197.5047619047623,
Nature's Table,4.5,Carmel,Indiana,Republican,62.7,134602.0,1827.6327732974908,
Mckenzie Brew House,3.0,Glen Mills,Pennsylvania,Democrat,,60698.0,2600.2222222222226,
Beets & Bones,4.5,Clayton,Missouri,Democrat,46.7,128898.0,1712.9682539682535,
Dunkin',2.5,Nashville,Tennessee,Democrat,51.2,75197.0,1803.1395088912257,537.0
Dunkin',2.5,Nashville,Tennessee,Democrat,51.2,75197.0,1803.1395088912257,537.0
Bam Bam Kitchen,4.5,Ardmore,Pennsylvania,Democrat,55.4,115273.0,2250.083333333333,
Taylor Street Coffee & Tea,5.0,Nashville,Tennessee,Democrat,51.2,75197.0,1803.1395088912257,537.0
Starbucks,3.5,Clearwater,Florida,Republican,38.5,64440.0,1956.247155052128,1727.0
Cosmic Coffee,4.0,Reno,Nevada,Democrat,37.3,78448.0,1895.051309846432,920.0
McDonald's,1.5,Indianapolis,Indiana,Democrat,35.3,62995.0,1376.034945102525,913.0
"Danielle's Espresso Cafe, LLC",4.0,Maple Glen,Pennsylvania,Democrat,55.4,173110.0,,
McDonald's,2.0,Port Richey,Florida,Republican,31.3,45435.0,1721.7101449275362,
Belly Busters,3.0,Bensalem,Pennsylvania,Republican,,60698.0,1804.6603174603176,
Babushka's,4.5,Quakertown,Pennsylvania,Republican,45.2,70978.0,1718.75,
Madeira Coffee & Creamery,5.0,Madeira Beach,Florida,Republican,38.5,79798.0,2394.3888888888887,
Dunkin',2.5,Pennsville,New Jersey,Republican,,75162.0,,
Starbucks,3.0,Palm Harbor,Florida,Republican,38.5,75354.0,1901.0656790123455,
Sono Cafe,4.0,Tampa,Florida,Republican,39.6,71302.0,2011.9116084311615,1284.0
Evermore Cafe,5.0,Largo,Florida,Republican,38.5,60465.0,1787.582052090859,
Dunkin',3.0,Glenolden,Pennsylvania,Democrat,44.4,71145.0,,
Pineapple Espresso,5.0,Saint Petersburg,Florida,Republican,,71302.0,,
Trouble Brewing Coffee House,4.5,Haddon Heights,New Jersey,Democrat,38.8,126055.0,,
Legal Grounds Cafe,5.0,Wilmington,Delaware,Democrat,38.7,55269.0,1756.0830026455026,
Fatz-Oh's Sandwich Shop,4.5,Schwenksville,Pennsylvania,Democrat,55.4,70833.0,,
Grandad's General Store,3.5,New Orleans,Louisiana,Democrat,43.3,55339.0,1635.4273395346563,892.0
Starbucks,4.5,Carmel,Indiana,Republican,62.7,134602.0,1827.6327732974908,
Starbucks,2.5,West Chester,Pennsylvania,Democrat,58.0,81492.0,2121.137626262627,
Starbucks,3.5,Wilmington,Delaware,Democrat,38.7,55269.0,1756.0830026455026,
Starbucks,4.0,New Orleans,Louisiana,Democrat,43.3,55339.0,1635.4273395346563,892.0
Empanadas & Arepas Factory,4.0,Tampa,Florida,Republican,39.6,71302.0,2011.9116084311615,1284.0
Wawa,4.0,Maple Shade,New Jersey,Democrat,,91000.0,,
Networking Leads Coffee House,5.0,Tampa,Florida,Republican,39.6,71302.0,2011.9116084311615,1284.0
Driftwood Kava and Roastery,4.0,Seminole,Florida,Republican,38.5,77335.0,2247.2611111111114,
McDonald's,1.5,La Vergne,Tennessee,Republican,36.6,80418.0,2092.735897435897,
La Boucherie Coffee House,3.5,New Orleans,Louisiana,Democrat,43.3,55339.0,1635.4273395346563,892.0
Razzle Dazzle Donuts,3.5,Dunedin,Florida,Republican,38.5,68068.0,2087.5775446775447,
The Drifter Hotel Coffee Bar,4.5,New Orleans,Louisiana,Democrat,43.3,55339.0,1635.4273395346563,892.0
Pure Water Systems,4.5,Reno,Nevada,Democrat,37.3,78448.0,1895.051309846432,920.0
Stacks On Magazine,3.5,New Orleans,Louisiana,Democrat,43.3,55339.0,1635.4273395346563,892.0
McDonald's,2.5,Overland,Missouri,Democrat,46.7,57755.0,1344.4444444444443,
Eggcellent Cafe,4.0,Philadelphia,Pennsylvania,Democrat,36.4,60698.0,1715.4754572988052,4517.0
Dunkin',3.0,Philadelphia,Pennsylvania,Democrat,36.4,60698.0,1715.4754572988052,4517.0
St. Louis Bread,2.5,Shiloh,Illinois,Democrat,34.2,100058.0,1370.138888888889,
McDonald's,1.5,Tampa,Florida,Republican,39.6,71302.0,2011.9116084311615,1284.0
Dirty Laundry,4.0,St. Petersburg,Florida,Republican,38.5,73118.0,,1632.0
The Blind Tiger Cafe - SOHO,4.5,Tampa,Florida,Republican,39.6,71302.0,2011.9116084311615,1284.0
Bonte,3.5,Philadelphia,Pennsylvania,Democrat,36.4,60698.0,1715.4754572988052,4517.0
Dunkin',1.0,Bristol,Pennsylvania,Republican,,70595.0,1622.25,
WonderWaffel - Tampa,5.0,Tampa,Florida,Republican,39.6,71302.0,2011.9116084311615,1284.0
Chestnut Hill Coffee,4.5,Philadelphia,Pennsylvania,Democrat,36.4,60698.0,1715.4754572988052,4517.0
Smiles Coffeehouse,4.0,Saint Louis,Missouri,Democrat,,55279.0,,
Little Susie's Coffee & Pie,4.5,Philadelphia,Pennsylvania,Democrat,36.4,60698.0,1715.4754572988052,4517.0
Lucky Perk Coffee,3.5,Meridian,Idaho,Republican,46.3,98686.0,2015.2290262803235,
Starbucks,3.0,Springfield,Pennsylvania,Democrat,,60698.0,,
Dunkin',1.5,Tampa,Florida,Republican,39.6,71302.0,2011.9116084311615,1284.0
Starbucks,3.0,Fishers,Indiana,Republican,62.7,128141.0,1951.650886475448,
Sweet Rainforest Cafe,5.0,Philadelphia,Pennsylvania,Democrat,36.4,60698.0,1715.4754572988052,4517.0
7-Eleven,3.0,Rock Hill,Missouri,Democrat,46.7,91477.0,1298.0,
Speedway,2.5,Indianapolis,Indiana,Democrat,35.3,62995.0,1376.034945102525,913.0
La Cabaña Bakeshop & Restaurant,4.5,Trenton,New Jersey,Democrat,47.3,47102.0,2197.5047619047623,
Auction House Market,4.5,New Orleans,Louisiana,Democrat,43.3,55339.0,1635.4273395346563,892.0
Dunkin',2.5,Philadelphia,Pennsylvania,Democrat,36.4,60698.0,1715.4754572988052,4517.0
Three Canyon Beer and Wine Garden,3.5,Tucson,Arizona,Democrat,37.9,54546.0,1468.4007810603507,904.0
McDonald's,2.5,Indianapolis,Indiana,Democrat,35.3,62995.0,1376.034945102525,913.0
Dunkin',2.0,Hendersonville,Tennessee,Republican,35.1,91503.0,1604.2083028083027,
St Louis Bread,3.0,Maryland Heights,Missouri,Democrat,46.7,86485.0,1322.1503759398497,
Franklin Tea,4.5,Franklin,Tennessee,Republican,65.8,115000.0,2052.104521404521,
Avril 50,4.5,Philadelphia,Pennsylvania,Democrat,36.4,60698.0,1715.4754572988052,4517.0
Italian Bakery Cafè,4.5,St. Petersburg,Florida,Republican,38.5,73118.0,,1632.0
McDonald's,2.0,Pinellas Park,Florida,Republican,38.5,62043.0,2039.4087024087028,
Freight Train Coffee,5.0,Tucson,Arizona,Democrat,37.9,54546.0,1468.4007810603507,904.0
Nostalgie,3.0,Philadelphia,Pennsylvania,Democrat,36.4,60698.0,1715.4754572988052,4517.0
McDonald's,2.0,Havertown,Pennsylvania,Democrat,,60698.0,,
Carpe Cafe,4.0,Smyrna,Tennessee,Republican,36.6,78409.0,1682.256728778468,
Starbucks,3.0,Medford,New Jersey,Democrat,,91000.0,,
Dunkin',1.0,Philadelphia,Pennsylvania,Democrat,36.4,60698.0,1715.4754572988052,4517.0
Starbucks,2.5,Tarpon Springs,Florida,Republican,38.5,68877.0,2048.196581196581,
MilkBoy Coffee,4.0,Ardmore,Pennsylvania,Democrat,55.4,115273.0,2250.083333333333,
Handcrafted by Bissinger's,4.0,St. Louis,Missouri,Democrat,46.7,55279.0,,1943.0
Milk & Honey,3.5,Philadelphia,Pennsylvania,Democrat,36.4,60698.0,1715.4754572988052,4517.0
Starbucks,4.0,Tucson,Arizona,Democrat,37.9,54546.0,1468.4007810603507,904.0
Taste Safety Harbor,3.5,Safety Harbor,Florida,Republican,38.5,105813.0,2389.1,
Sorrento Sweets,4.5,St Petersburg,Florida,Republican,,71302.0,2063.6960586694618,
Stay Golden,4.0,Nashville,Tennessee,Democrat,51.2,75197.0,1803.1395088912257,537.0
Starbucks,2.5,Boise,Idaho,Republican,46.3,76402.0,1769.288449703903,
Starbucks,2.0,Philadelphia,Pennsylvania,Democrat,36.4,60698.0,1715.4754572988052,4517.0
Street Coffee Coffee Bar,5.0,Pleasant View,Tennessee,Republican,,101591.0,,
Fuel Up Nutrition,4.5,Boise,Idaho,Republican,46.3,76402.0,1769.288449703903,
Dunkin',2.5,Nashville,Tennessee,Democrat,51.2,75197.0,1803.1395088912257,537.0
Milk & Honey,3.5,Philadelphia,Pennsylvania,Democrat,36.4,60698.0,1715.4754572988052,4517.0
Green Engine Coffee,4.0,Haverford,Pennsylvania,Democrat,,60698.0,1747.8333333333333,
McDonald's,1.5,New Port Richey,Florida,Republican,31.3,46160.0,1753.8333333333333,
Caffé Lucé,4.0,Tucson,Arizona,Democrat,37.9,54546.0,1468.4007810603507,904.0
Jack's Donuts,3.5,Indianapolis,Indiana,Democrat,35.3,62995.0,1376.034945102525,913.0
Pathways Cafe,3.0,Reno,Nevada,Democrat,37.3,78448.0,1895.051309846432,920.0
Blimpie Americas Sub Shop,4.0,Meridian,Idaho,Republican,46.3,98686.0,2015.2290262803235,
Starbucks,2.5,Oro Valley,Arizona,Democrat,37.9,105342.0,1923.6564327485376,
Wawa,3.5,New Port Richey,Florida,Republican,31.3,46160.0,1753.8333333333333,
Arianna's Gourmet Cafe & Catering,4.5,West Chester,Pennsylvania,Democrat,58.0,81492.0,2121.137626262627,
Joffrey's Coffee & Tea,4.0,Tampa,Florida,Republican,39.6,71302.0,2011.9116084311615,1284.0
Tuscany Cafe,3.0,Philadelphia,Pennsylvania,Democrat,36.4,60698.0,1715.4754572988052,4517.0
Oasis Hookah Lounge,2.5,Philadelphia,Pennsylvania,Democrat,36.4,60698.0,1715.4754572988052,4517.0
Wawa,4.0,Essington,Pennsylvania,Democrat,,60698.0,,
Starbucks,3.0,Santa Barbara,California,Democrat,38.6,101672.0,3646.9091098603294,
Homage,4.0,Reno,Nevada,Democrat,37.3,78448.0,1895.051309846432,920.0
Dunkin',2.5,Turnersville,New Jersey,Republican,37.6,156176.0,,
Mocha Moose Coffee,4.0,Boise,Idaho,Republican,46.3,76402.0,1769.288449703903,
Kávé at House of Haggai,4.5,Gallatin,Tennessee,Republican,35.1,73589.0,1688.3159523809525,
Starbucks,3.0,Avon,Indiana,Republican,37.1,80292.0,1762.1857142857143,
World of Coffees and Tea,2.0,Tampa,Florida,Republican,39.6,71302.0,2011.9116084311615,1284.0
Cafe Kili,4.5,Tampa,Florida,Republican,39.6,71302.0,2011.9116084311615,1284.0
Escape Root Juicery,5.0,Dunedin,Florida,Republican,38.5,68068.0,2087.5775446775447,
Dunkin',1.5,Tampa,Florida,Republican,39.6,71302.0,2011.9116084311615,1284.0
Factory Donuts,3.5,Doylestown,Pennsylvania,Republican,,93672.0,2597.1666666666665,
The Tasty,4.0,Philadelphia,Pennsylvania,Democrat,36.4,60698.0,1715.4754572988052,4517.0
Wawa,4.0,Blackwood,New Jersey,Democrat,38.8,81154.0,2023.6111111111115,
Cafe Lucky Bones,5.0,Evesham Township,New Jersey,Democrat,,91000.0,2297.309523809524,
McDonald's,2.0,Tucson,Arizona,Democrat,37.9,54546.0,1468.4007810603507,904.0
Starbucks,3.5,Cherry Hill,New Jersey,Democrat,38.8,91000.0,2419.9864433811804,
Starbucks,2.5,New Orleans,Louisiana,Democrat,43.3,55339.0,1635.4273395346563,892.0
The Bean Gallery,4.0,New Orleans,Louisiana,Democrat,43.3,55339.0,1635.4273395346563,892.0
McDonald's,2.0,Sicklerville,New Jersey,Democrat,38.8,102881.0,2218.611111111112,
Corner Bakery Cafe,3.5,Ardmore,Pennsylvania,Democrat,55.4,115273.0,2250.083333333333,
Modernesian Kava Social,4.5,Tampa,Florida,Republican,39.6,71302.0,2011.9116084311615,1284.0
Hobbs,4.0,Swarthmore,Pennsylvania,Democrat,44.4,146992.0,,
The Perch Westhaven,4.0,Franklin,Tennessee,Republican,65.8,115000.0,2052.104521404521,
La Petite Dauphine,3.5,Philadelphia,Pennsylvania,Democrat,36.4,60698.0,1715.4754572988052,4517.0
Dunkin',2.5,Downingtown,Pennsylvania,Democrat,58.0,82292.0,2333.066666666667,
Starbucks,3.0,Palm Harbor,Florida,Republican,38.5,75354.0,1901.0656790123455,
Bellefonte Cafe,4.0,Wilmington,Delaware,Democrat,38.7,55269.0,1756.0830026455026,
7-Eleven,3.0,Havertown,Pennsylvania,Democrat,,60698.0,,
Bay Area Bistro,4.5,Fishers,Indiana,Republican,62.7,128141.0,1951.650886475448,
McDonald's,1.5,Florissant,Missouri,Democrat,46.7,66344.0,1490.5542857142857,
Roast City Riot,4.5,Hermitage,Tennessee,Democrat,,75197.0,,
Wawa,3.5,Palmyra,New Jersey,Democrat,42.1,85014.0,2137.5,
7-Eleven,3.5,Yeadon,Pennsylvania,Democrat,44.4,57336.0,,
Starbucks,2.5,Collegeville,Pennsylvania,Democrat,55.4,88992.0,2583.753703703704,
Dutch Bros Coffee,4.0,Meridian,Idaho,Republican,46.3,98686.0,2015.2290262803235,
Starbucks,3.0,Brentwood,Tennessee,Republican,65.8,184720.0,2257.203703703704,
Cups Coffee Bar,4.5,Indianapolis,Indiana,Democrat,35.3,62995.0,1376.034945102525,913.0
Starbucks,3.0,Saint Petersburg,Florida,Republican,,71302.0,,
McDonald's,2.0,Reno,Nevada,Democrat,37.3,78448.0,1895.051309846432,920.0
Starbucks,3.0,Indianapolis,Indiana,Democrat,35.3,62995.0,1376.034945102525,913.0
La Divina Gelateria,4.0,New Orleans,Louisiana,Democrat,43.3,55339.0,1635.4273395346563,892.0
The Grind,3.5,Saint Louis,Missouri,Democrat,,55279.0,,
Dunkin',2.5,Horsham,Pennsylvania,Republican,25.9,99121.0,1631.6666666666667,
Dunkin' Donuts,3.0,North Redington Beach,Florida,Republican,38.5,94044.0,,
His Place,4.0,Greenwood,Indiana,Republican,38.0,78765.0,1632.2466230936818,
Granny C’s Bakery,5.0,Boise,Idaho,Republican,46.3,76402.0,1769.288449703903,
Jefferson Street Cafe,4.5,Nashville,Tennessee,Democrat,51.2,75197.0,1803.1395088912257,537.0
Starbucks,2.5,Pinellas Park,Florida,Republican,38.5,62043.0,2039.4087024087028,
Sol,5.0,Reno,Nevada,Democrat,37.3,78448.0,1895.051309846432,920.0
Starbucks,2.5,Eagle,Idaho,Republican,46.3,118037.0,1985.2402777777777,
Starbucks,2.0,Nashville,Tennessee,Democrat,51.2,75197.0,1803.1395088912257,537.0
Starbucks,2.0,Philadelphia,Pennsylvania,Democrat,36.4,60698.0,1715.4754572988052,4517.0
Mitch's New York Bagels & Deli,4.0,Media,Pennsylvania,Democrat,44.4,86219.0,1922.0873015873012,
La Mancha Coffeehouse,4.5,Saint Louis,Missouri,Democrat,,55279.0,,
Green Star Coffee,4.5,Santa Barbara,California,Democrat,38.6,101672.0,3646.9091098603294,
Magpie Coffee Roasters,4.5,Reno,Nevada,Democrat,37.3,78448.0,1895.051309846432,920.0
The Vintage,4.5,New Orleans,Louisiana,Democrat,43.3,55339.0,1635.4273395346563,892.0
Starbucks,2.5,Tampa,Florida,Republican,39.6,71302.0,2011.9116084311615,1284.0
La Colombe Coffee,4.0,Philadelphia,Pennsylvania,Democrat,36.4,60698.0,1715.4754572988052,4517.0
Michaelangelo's Pizza,3.0,Nashville,Tennessee,Democrat,51.2,75197.0,1803.1395088912257,537.0
Nespresso,4.5,Indianapolis,Indiana,Democrat,35.3,62995.0,1376.034945102525,913.0
Thomas Hammer Coffee Roasters,4.0,Boise,Idaho,Republican,46.3,76402.0,1769.288449703903,
The coffee shop,4.5,Nashville,Tennessee,Democrat,51.2,75197.0,1803.1395088912257,537.0
Starbucks,4.0,Indianapolis,Indiana,Democrat,35.3,62995.0,1376.034945102525,913.0
Starbucks,4.5,Indianapolis,Indiana,Democrat,35.3,62995.0,1376.034945102525,913.0
"Just Love Coffee Cafe - Nolensville, TN",4.5,Nolensville,Tennessee,Republican,65.8,170068.0,2958.472222222222,
Tenth Street Pourhouse,3.5,Philadelphia,Pennsylvania,Democrat,36.4,60698.0,1715.4754572988052,4517.0
McDonald's,2.0,West Conshohocken,Pennsylvania,Democrat,55.4,142917.0,,
Ben and Betsy's Coffee and Gifts,4.0,Philadelphia,Pennsylvania,Democrat,36.4,60698.0,1715.4754572988052,4517.0
McDonald's,3.5,Fishers,Indiana,Republican,62.7,128141.0,1951.650886475448,
Skillets Pancake House,4.0,Indianapolis,Indiana,Democrat,35.3,62995.0,1376.034945102525,913.0
McDonald's,1.5,New Orleans,Louisiana,Democrat,43.3,55339.0,1635.4273395346563,892.0
Wild West Home of Mamma Italia,3.5,Eagle,Idaho,Republican,46.3,118037.0,1985.2402777777777,
Reno tea bar,3.5,Sparks,Nevada,Democrat,37.3,86979.0,1964.762212770985,
Tea Rose Cottage,2.5,Tampa,Florida,Republican,39.6,71302.0,2011.9116084311615,1284.0
Magazine Perks,3.0,New Orleans,Louisiana,Democrat,43.3,55339.0,1635.4273395346563,892.0
The Post East,4.0,Nashville,Tennessee,Democrat,51.2,75197.0,1803.1395088912257,537.0
Cosmic Donuts,4.5,St. Petersburg,Florida,Republican,38.5,73118.0,,1632.0
McDonald's,3.0,Jamison,Pennsylvania,Republican,,60698.0,,
Billy Goat Coffee Café,4.0,Mt. Juliet,Tennessee,Republican,,75197.0,,
McDonald's,1.5,Indianapolis,Indiana,Democrat,35.3,62995.0,1376.034945102525,913.0
Wawa,3.5,Wilmington,Delaware,Democrat,38.7,55269.0,1756.0830026455026,
Dilworth Park Café,3.0,Philadelphia,Pennsylvania,Democrat,36.4,60698.0,1715.4754572988052,4517.0
Petite Madelyn's Bakery,4.5,Valrico,Florida,Republican,39.6,98451.0,2396.349170437405,
Wyliepalooza Ice Cream Emporium,4.5,Brownsburg,Indiana,Republican,37.1,105435.0,1939.3527777777776,
Dunkin',3.0,Clayton,New Jersey,Republican,37.6,89375.0,,
The Bubble House,2.5,Philadelphia,Pennsylvania,Democrat,36.4,60698.0,1715.4754572988052,4517.0
Lasaters Coffee and Tea - Nashville,4.0,Nashville,Tennessee,Democrat,51.2,75197.0,1803.1395088912257,537.0
Starbucks,3.0,New Orleans,Louisiana,Democrat,43.3,55339.0,1635.4273395346563,892.0
Waffle Me Up,4.5,Boise,Idaho,Republican,46.3,76402.0,1769.288449703903,
Wawa,3.5,Glenside,Pennsylvania,Democrat,55.4,101050.0,,
The Little Donut,3.5,Sparks,Nevada,Democrat,37.3,86979.0,1964.762212770985,
7-Eleven,4.0,Reno,Nevada,Democrat,37.3,78448.0,1895.051309846432,920.0
McDonald's,3.0,Meridian,Idaho,Republican,46.3,98686.0,2015.2290262803235,
Starbucks,3.0,Brentwood,Tennessee,Republican,65.8,184720.0,2257.203703703704,
Dunkin',2.0,Westampton,New Jersey,Democrat,,91000.0,,
Starbucks,2.5,Brentwood,Tennessee,Republican,65.8,184720.0,2257.203703703704,
McDonald's,2.0,Tucson,Arizona,Democrat,37.9,54546.0,1468.4007810603507,904.0
Drink Beauty,4.5,New Orleans,Louisiana,Democrat,43.3,55339.0,1635.4273395346563,892.0
Cafe Hey,4.0,Tampa,Florida,Republican,39.6,71302.0,2011.9116084311615,1284.0
Dunkin',2.5,Indianapolis,Indiana,Democrat,35.3,62995.0,1376.034945102525,913.0
Maui Wowi Hawaiian Coffees & Smoothies,4.0,Meridian,Idaho,Republican,46.3,98686.0,2015.2290262803235,
Made by Lia,4.5,Florissant,Missouri,Democrat,46.7,66344.0,1490.5542857142857,
Miel Patisserie,3.5,Philadelphia,Pennsylvania,Democrat,36.4,60698.0,1715.4754572988052,4517.0
Dunkin',1.5,Lutz,Florida,Republican,39.6,114516.0,2055.789287749288,
T-Swirl Crêpe,4.0,Philadelphia,Pennsylvania,Democrat,36.4,60698.0,1715.4754572988052,4517.0
7-Eleven,3.0,Tucson,Arizona,Democrat,37.9,54546.0,1468.4007810603507,904.0
3 Days in Paris,4.5,Indianapolis,Indiana,Democrat,35.3,62995.0,1376.034945102525,913.0
McDonald's,3.5,Marlton,New Jersey,Democrat,42.1,94160.0,,
Wawa,2.5,Richboro,Pennsylvania,Republican,45.2,153691.0,,
Shake Sugary,4.5,New Orleans,Louisiana,Democrat,43.3,55339.0,1635.4273395346563,892.0
McDonald's,1.5,Philadelphia,Pennsylvania,Democrat,36.4,60698.0,1715.4754572988052,4517.0
LaMar's Donuts,4.5,Brentwood,Missouri,Democrat,46.7,86641.0,1751.7460317460318,
Pilgrim Roasters,4.5,Philadelphia,Pennsylvania,Democrat,36.4,60698.0,1715.4754572988052,4517.0
Starbucks,3.0,Nashville,Tennessee,Democrat,51.2,75197.0,1803.1395088912257,537.0
City Barbeque,4.0,Whitestown,Indiana,Republican,53.1,118884.0,2005.7857142857144,
Starbucks,3.0,Ballwin,Missouri,Democrat,46.7,121170.0,1887.119047619048,
Citrus Park Cyclery,4.0,Tampa,Florida,Republican,39.6,71302.0,2011.9116084311615,1284.0
ReAnimator Coffee,4.5,Philadelphia,Pennsylvania,Democrat,36.4,60698.0,1715.4754572988052,4517.0
Honey's Homebrewed Cafe,5.0,Pottstown,Pennsylvania,Democrat,55.4,56174.0,1755.439393939394,
Starbucks,4.5,Brentwood,Tennessee,Republican,65.8,184720.0,2257.203703703704,
Sabrina's Café,4.0,Philadelphia,Pennsylvania,Democrat,36.4,60698.0,1715.4754572988052,4517.0
Dunkin',2.0,Dunedin,Florida,Republican,38.5,68068.0,2087.5775446775447,
Brightside Bakeshop,5.0,Nashville,Tennessee,Democrat,51.2,75197.0,1803.1395088912257,537.0
Cafe Desta,4.5,Tucson,Arizona,Democrat,37.9,54546.0,1468.4007810603507,904.0
SumitrA Espresso Lounge +,4.5,Gulfport,Florida,Republican,38.5,68617.0,2081.904761904762,
Hubbard & Cravens Coffee,4.5,Indianapolis,Indiana,Democrat,35.3,62995.0,1376.034945102525,913.0
Dunkin',2.0,Sharon Hill,Pennsylvania,Democrat,44.4,68529.0,1600.0,
The Scoop,4.0,Zionsville,Indiana,Republican,53.1,159126.0,1692.1625,
Deters Frozen Custard,4.5,Saint Charles,Missouri,Republican,,55279.0,,
McDonald's,2.0,Holiday,Florida,Republican,31.3,43996.0,1689.6786324786324,
Starbucks,3.5,Pottstown,Pennsylvania,Democrat,55.4,56174.0,1755.439393939394,
Starbucks,3.5,Glen Mills,Pennsylvania,Democrat,,60698.0,2600.2222222222226,
Waterfront Gourmet Cafe & Deli,4.0,Philadelphia,Pennsylvania,Democrat,36.4,60698.0,1715.4754572988052,4517.0
Old Town Coffee Downtown,4.5,Santa Barbara,California,Democrat,38.6,101672.0,3646.9091098603294,
McDonald's,2.0,Oldsmar,Florida,Republican,38.5,76100.0,1936.440476190476,
Sedara Sweets & Ice Cream,4.5,Affton,Missouri,Democrat,46.7,77337.0,1687.5,
Dunkin',3.0,Maple Shade,New Jersey,Democrat,,91000.0,,
la Madeleine French Bakery & Cafe,3.0,New Orleans,Louisiana,Democrat,43.3,55339.0,1635.4273395346563,892.0
La Brea Bakery,2.0,Reno,Nevada,Democrat,37.3,78448.0,1895.051309846432,920.0
Juice Bar - Germantown,4.0,Nashville,Tennessee,Democrat,51.2,75197.0,1803.1395088912257,537.0
McDonald's,1.5,Reno,Nevada,Democrat,37.3,78448.0,1895.051309846432,920.0
McDonald's,1.5,Exton,Pennsylvania,Democrat,58.0,121189.0,2224.408187134503,
Krispy Kreme,3.0,Metairie,Louisiana,Republican,31.2,73256.0,1645.3324786324786,
Perky Joe's Café,4.5,Harleysville,Pennsylvania,Democrat,55.4,111530.0,,
Circle K,3.0,Tucson,Arizona,Democrat,37.9,54546.0,1468.4007810603507,904.0
Turning Point - Media,4.0,Media,Pennsylvania,Democrat,44.4,86219.0,1922.0873015873012,
Olive Green International Cuisine,4.0,Saint Louis,Missouri,Democrat,,55279.0,,
Orleans Coffee,5.0,Kenner,Louisiana,Republican,31.2,64099.0,1663.6666666666667,
Dunkin',2.5,Oro Valley,Arizona,Democrat,37.9,105342.0,1923.6564327485376,
Bibo Coffee & Gelato - Midtown,4.0,Reno,Nevada,Democrat,37.3,78448.0,1895.051309846432,920.0
Starbucks,2.0,Indianapolis,Indiana,Democrat,35.3,62995.0,1376.034945102525,913.0
Mikie's Pub,3.5,Indianapolis,Indiana,Democrat,35.3,62995.0,1376.034945102525,913.0
Tableau at PAFA,3.5,Philadelphia,Pennsylvania,Democrat,36.4,60698.0,1715.4754572988052,4517.0
Batch Cafe & Bar,3.5,Tucson,Arizona,Democrat,37.9,54546.0,1468.4007810603507,904.0
Dunkin',2.0,Morrisville,Pennsylvania,Republican,45.2,94126.0,2138.333333333333,
Wawa,4.5,Turnersville,New Jersey,Republican,37.6,156176.0,,
Kung Fu Tea,4.0,Fishers,Indiana,Republican,62.7,128141.0,1951.650886475448,
Steel Penny Cafe,5.0,Hatboro,Pennsylvania,Democrat,55.4,108927.0,2555.833333333333,
Starbucks,3.0,King of Prussia,Pennsylvania,Democrat,55.4,86149.0,2166.7329901329904,
Tahitian Inn Coffee Shop & Restaurant,3.5,Tampa,Florida,Republican,39.6,71302.0,2011.9116084311615,1284.0
Starbucks,2.5,Harvey,Louisiana,Republican,31.2,43524.0,1309.2763532763531,
Taba Brew,5.0,Tampa,Florida,Republican,39.6,71302.0,2011.9116084311615,1284.0
McDonald's,1.5,Delran,New Jersey,Democrat,,91000.0,,
AliBaba Hookah Lounge,4.5,Tampa,Florida,Republican,39.6,71302.0,2011.9116084311615,1284.0
Tony's Donuts,4.0,Hazelwood,Missouri,Democrat,46.7,55930.0,1394.4166666666667,
NI HAO TEA,4.5,Tucson,Arizona,Democrat,37.9,54546.0,1468.4007810603507,904.0
Dunkin',1.5,Palmyra,New Jersey,Democrat,42.1,85014.0,2137.5,
Pulp & Grind,4.5,New Orleans,Louisiana,Democrat,43.3,55339.0,1635.4273395346563,892.0
Dutch Bros Coffee,4.0,Boise,Idaho,Republican,46.3,76402.0,1769.288449703903,
7-Eleven,2.0,Philadelphia,Pennsylvania,Democrat,36.4,60698.0,1715.4754572988052,4517.0
Buck's Ice Cream & Espresso Bar,3.5,Lambertville,New Jersey,Republican,57.7,106236.0,2700.0,
Dunkin',2.0,Hockessin,Delaware,Democrat,38.7,172695.0,3090.0,
Melange Tea Cart,5.0,Philadelphia,Pennsylvania,Democrat,36.4,60698.0,1715.4754572988052,4517.0
Starbucks,3.0,Moorestown,New Jersey,Democrat,,91000.0,,
Teavana,3.5,Indianapolis,Indiana,Democrat,35.3,62995.0,1376.034945102525,913.0
tiny little donuts,4.5,Franklin,Tennessee,Republican,65.8,115000.0,2052.104521404521,
Cup o' Jo,5.0,Boise,Idaho,Republican,46.3,76402.0,1769.288449703903,
Pink Door Bakery,4.5,Riverview,Florida,Republican,39.6,95442.0,2171.145685305324,
Starbucks,3.0,Arnold,Missouri,Republican,25.5,75194.0,1574.3055555555557,
7-Eleven,1.5,Ambler,Pennsylvania,Democrat,55.4,80795.0,2596.6666666666665,
Kahwa Coffee,4.5,Saint Petersburg,Florida,Republican,,71302.0,,
Ultimo Coffee,4.0,Philadelphia,Pennsylvania,Democrat,36.4,60698.0,1715.4754572988052,4517.0
Still Perkin',3.5,New Orleans,Louisiana,Democrat,43.3,55339.0,1635.4273395346563,892.0
Webster Groves Garden Cafe,4.5,Webster Groves,Missouri,Democrat,46.7,110716.0,1882.222222222222,
Truckee Bagel Co,4.0,Reno,Nevada,Democrat,37.3,78448.0,1895.051309846432,920.0
McDonald's,2.0,Pinellas Park,Florida,Republican,38.5,62043.0,2039.4087024087028,
Tifa Chocolate & Gelato,4.5,Meridian,Idaho,Republican,46.3,98686.0,2015.2290262803235,
Lahpet,4.5,New Orleans,Louisiana,Democrat,43.3,55339.0,1635.4273395346563,892.0
Starbucks,3.0,Zionsville,Indiana,Republican,53.1,159126.0,1692.1625,
Kaldi's Coffee,4.0,Richmond Heights,Missouri,Democrat,46.7,90670.0,1542.0238095238094,
Cafe Crema,4.0,Philadelphia,Pennsylvania,Democrat,36.4,60698.0,1715.4754572988052,4517.0
7-Eleven,4.0,Tampa,Florida,Republican,39.6,71302.0,2011.9116084311615,1284.0
Dunkin',2.0,Saint Petersburg,Florida,Republican,,71302.0,,
Black Rock Coffee Bar,3.5,Meridian,Idaho,Republican,46.3,98686.0,2015.2290262803235,
7-Eleven,3.5,Tampa,Florida,Republican,39.6,71302.0,2011.9116084311615,1284.0
Bon Bon Artisan Gelato,4.0,Philadelphia,Pennsylvania,Democrat,36.4,60698.0,1715.4754572988052,4517.0
Bond Coffee Co,3.5,Nashville,Tennessee,Democrat,51.2,75197.0,1803.1395088912257,537.0
Shot Tower Coffee,4.5,Philadelphia,Pennsylvania,Democrat,36.4,60698.0,1715.4754572988052,4517.0
Starbucks,2.0,Tampa,Florida,Republican,39.6,71302.0,2011.9116084311615,1284.0
Denny's,3.0,Collinsville,Illinois,Republican,32.0,65170.0,1033.2380952380952,
Wawa,3.5,New Castle,Delaware,Democrat,38.7,92565.0,1786.4166666666667,
Wawa,4.0,Lindenwold,New Jersey,Democrat,38.8,55099.0,,
Moxie Java,3.5,Boise,Idaho,Republican,46.3,76402.0,1769.288449703903,
Bella Vino Wine & Cheese Market,4.5,Belleair Bluffs,Florida,Republican,38.5,55688.0,,
Dunkin',2.5,Philadelphia,Pennsylvania,Democrat,36.4,60698.0,1715.4754572988052,4517.0
McDonald's,2.5,Tucson,Arizona,Democrat,37.9,54546.0,1468.4007810603507,904.0
McDonald's,3.0,Olivette,Missouri,Democrat,46.7,105898.0,1807.555555555556,
Puccino's Coffee,3.0,Metairie,Louisiana,Republican,31.2,73256.0,1645.3324786324786,
The Spice & Tea Shoppe,5.0,Reno,Nevada,Democrat,37.3,78448.0,1895.051309846432,920.0
Dunkin',2.0,Philadelphia,Pennsylvania,Democrat,36.4,60698.0,1715.4754572988052,4517.0
illy Caffè,2.5,Tampa,Florida,Republican,39.6,71302.0,2011.9116084311615,1284.0
Dawson Taylor - Downtown,4.5,Boise,Idaho,Republican,46.3,76402.0,1769.288449703903,
McDonald's,2.0,Blackwood,New Jersey,Democrat,38.8,81154.0,2023.6111111111115,
The LOFT at the Iron Abbey,4.5,Horsham,Pennsylvania,Republican,25.9,99121.0,1631.6666666666667,
Saqqara Cafe,3.0,Philadelphia,Pennsylvania,Democrat,36.4,60698.0,1715.4754572988052,4517.0
Dunkin',2.0,Philadelphia,Pennsylvania,Democrat,36.4,60698.0,1715.4754572988052,4517.0
Bentley's House of Coffee & Tea,4.0,Tucson,Arizona,Democrat,37.9,54546.0,1468.4007810603507,904.0
Bright Ice,5.0,St. Petersburg,Florida,Republican,38.5,73118.0,,1632.0
"The Human Bean Indianapolis, N. Keystone Ave",4.5,Indianapolis,Indiana,Democrat,35.3,62995.0,1376.034945102525,913.0
Dunkin',1.5,Indianapolis,Indiana,Democrat,35.3,62995.0,1376.034945102525,913.0
Berry Boss Acai,4.5,Saint Petersburg,Florida,Republican,,71302.0,,
Starbucks,3.0,Saint Louis,Missouri,Democrat,,55279.0,,
Brew-Haha,5.0,Wilmington,Delaware,Democrat,38.7,55269.0,1756.0830026455026,
McDonald's,2.5,New Orleans,Louisiana,Democrat,43.3,55339.0,1635.4273395346563,892.0
Main Squeeze Juice Co.,5.0,New Orleans,Louisiana,Democrat,43.3,55339.0,1635.4273395346563,892.0
Dutch Bros Coffee,4.5,Meridian,Idaho,Republican,46.3,98686.0,2015.2290262803235,
McDonald's,1.5,Indianapolis,Indiana,Democrat,35.3,62995.0,1376.034945102525,913.0
Sharetea,4.5,Metairie,Louisiana,Republican,31.2,73256.0,1645.3324786324786,
Rabbit Hole Cafe,4.5,Philadelphia,Pennsylvania,Democrat,36.4,60698.0,1715.4754572988052,4517.0
Liv-Café & Bistro,3.5,Tucson,Arizona,Democrat,37.9,54546.0,1468.4007810603507,904.0
Mountaineer Coffee,4.5,New Port Richey,Florida,Republican,31.3,46160.0,1753.8333333333333,
Einstein Bros. Bagels,3.0,Clearwater,Florida,Republican,38.5,64440.0,1956.247155052128,1727.0
Starbucks,2.5,Philadelphia,Pennsylvania,Democrat,36.4,60698.0,1715.4754572988052,4517.0
Einstein Bros Bagels,3.5,Reno,Nevada,Democrat,37.3,78448.0,1895.051309846432,920.0
QuikTrip,3.5,St Charles,Missouri,Republican,,55279.0,1491.3683067231457,
Meshuggah Café,3.5,Saint Louis,Missouri,Democrat,,55279.0,,
Hub Coffee Roasters,4.0,Reno,Nevada,Democrat,37.3,78448.0,1895.051309846432,920.0
Cafe St. Tropez,3.0,Carmel,Indiana,Republican,62.7,134602.0,1827.6327732974908,
Commodore Coffee & Bagels,3.0,Swedesboro,New Jersey,Republican,37.6,91000.0,2950.0,
Park Avenue Coffee - Downtown,4.0,Saint Louis,Missouri,Democrat,,55279.0,,
Jacob's Well,4.5,Nashville,Tennessee,Democrat,51.2,75197.0,1803.1395088912257,537.0
Starbucks,2.5,Elverson,Pennsylvania,Democrat,58.0,76823.0,,
The Talking Teacup,3.5,Doylestown,Pennsylvania,Republican,,93672.0,2597.1666666666665,
Lulu's Coffee & Bakehouse,4.5,Indianapolis,Indiana,Democrat,35.3,62995.0,1376.034945102525,913.0
Starbucks,3.5,Norristown,Pennsylvania,Democrat,55.4,65058.0,1698.5733057280884,
Starbucks,3.0,Philadelphia,Pennsylvania,Democrat,36.4,60698.0,1715.4754572988052,4517.0
Dunkin',1.0,Riverview,Florida,Republican,39.6,95442.0,2171.145685305324,
Beans & Brews Coffeehouse,4.0,Boise,Idaho,Republican,46.3,76402.0,1769.288449703903,
Dunkin',1.5,Tampa,Florida,Republican,39.6,71302.0,2011.9116084311615,1284.0
Starbucks,3.5,St. Louis,Missouri,Democrat,46.7,55279.0,,1943.0
Bibo Coffee & Gelato - Southcreek,3.5,Reno,Nevada,Democrat,37.3,78448.0,1895.051309846432,920.0
Viv's Cafe,4.0,Tucson,Arizona,Democrat,37.9,54546.0,1468.4007810603507,904.0
McDonald's,2.0,Clearwater,Florida,Republican,38.5,64440.0,1956.247155052128,1727.0
Winslow's Home,4.0,Saint Louis,Missouri,Democrat,,55279.0,,
Canal Street Bistro,4.0,New Orleans,Louisiana,Democrat,43.3,55339.0,1635.4273395346563,892.0
Turning Point - Moorestown,4.0,Moorestown,New Jersey,Democrat,,91000.0,,
Artisans Gallery & Cafe,4.5,Phoenixville,Pennsylvania,Democrat,58.0,94411.0,2006.513888888889,
Red Rock Spring Water,4.5,Sparks,Nevada,Democrat,37.3,86979.0,1964.762212770985,
Ginna's Cafe,4.0,Sparks,Nevada,Democrat,37.3,86979.0,1964.762212770985,
Cafe Milano Pizzeria,3.0,Clearwater,Florida,Republican,38.5,64440.0,1956.247155052128,1727.0
Puccino's,3.0,Metairie,Louisiana,Republican,31.2,73256.0,1645.3324786324786,
Scrumptious,4.0,Wilmington,Delaware,Democrat,38.7,55269.0,1756.0830026455026,
The Orange Couch,4.0,New Orleans,Louisiana,Democrat,43.3,55339.0,1635.4273395346563,892.0
Spruce Street Espresso,4.0,Philadelphia,Pennsylvania,Democrat,36.4,60698.0,1715.4754572988052,4517.0
Dunkin' Donuts/Baskin Robbins,2.0,Tucson,Arizona,Democrat,37.9,54546.0,1468.4007810603507,904.0
Moss Coffee & Tea,4.5,Boise,Idaho,Republican,46.3,76402.0,1769.288449703903,
Tempo Nashville,4.5,Nashville,Tennessee,Democrat,51.2,75197.0,1803.1395088912257,537.0
The Shop Kitchen,4.5,Santa Barbara,California,Democrat,38.6,101672.0,3646.9091098603294,
New Orleans Coffee & Beignet,3.5,New Orleans,Louisiana,Democrat,43.3,55339.0,1635.4273395346563,892.0
Lighthouse Coffee,4.5,Sparks,Nevada,Democrat,37.3,86979.0,1964.762212770985,
Teavana,4.5,Brandon,Florida,Republican,39.6,77068.0,1944.9896640826876,
Starbucks,2.5,New Orleans,Louisiana,Democrat,43.3,55339.0,1635.4273395346563,892.0
Wawa,3.0,Broomall,Pennsylvania,Democrat,44.4,114844.0,,
Great Awakenings Cafe,4.5,Philadelphia,Pennsylvania,Democrat,36.4,60698.0,1715.4754572988052,4517.0
Anywhere Coffee & Drink,5.0,Mooresville,Indiana,Republican,21.6,70228.0,,
McDonald's,3.0,Medford,New Jersey,Democrat,,91000.0,,
Starbucks,3.0,New Orleans,Louisiana,Democrat,43.3,55339.0,1635.4273395346563,892.0
Boba's Bubble Tea,4.5,Tucson,Arizona,Democrat,37.9,54546.0,1468.4007810603507,904.0
Arterial Agents,5.0,Philadelphia,Pennsylvania,Democrat,36.4,60698.0,1715.4754572988052,4517.0
Sushi Maki,4.0,Washington Township,New Jersey,Republican,,91000.0,,
Dunkin',3.5,Ardmore,Pennsylvania,Democrat,55.4,115273.0,2250.083333333333,
McDonald's,2.5,Clearwater,Florida,Republican,38.5,64440.0,1956.247155052128,1727.0
Mama G's St.Pete,4.5,Kenneth City,Florida,Republican,38.5,49375.0,,
Living Room Coffee & Kitchen,4.5,Maplewood,Missouri,Democrat,46.7,65510.0,1205.2407407407406,
Public Brewhouse,4.0,Tucson,Arizona,Democrat,37.9,54546.0,1468.4007810603507,904.0
McDonald's,2.5,Santa Barbara,California,Democrat,38.6,101672.0,3646.9091098603294,
Starbucks,3.5,Philadelphia,Pennsylvania,Democrat,36.4,60698.0,1715.4754572988052,4517.0
Brew Ha Ha,4.0,Wilmington,Delaware,Democrat,38.7,55269.0,1756.0830026455026,
Starbucks,3.0,Tucson,Arizona,Democrat,37.9,54546.0,1468.4007810603507,904.0
Stumptown Coffee Roasters,4.5,New Orleans,Louisiana,Democrat,43.3,55339.0,1635.4273395346563,892.0
Sucré,4.0,Metairie,Louisiana,Republican,31.2,73256.0,1645.3324786324786,
Le Macaron French Pastries,4.0,Clearwater,Florida,Republican,38.5,64440.0,1956.247155052128,1727.0
Brew HaHa!,3.5,Wilmington,Delaware,Democrat,38.7,55269.0,1756.0830026455026,
McDonald's,1.5,Tampa,Florida,Republican,39.6,71302.0,2011.9116084311615,1284.0
Café Osage,4.0,Saint Louis,Missouri,Democrat,,55279.0,,
Fenn's Coffee,4.0,West Chester,Pennsylvania,Democrat,58.0,81492.0,2121.137626262627,
Ike's Coffee & Tea,3.5,Tucson,Arizona,Democrat,37.9,54546.0,1468.4007810603507,904.0
Big City Coffee,3.5,Boise,Idaho,Republican,46.3,76402.0,1769.288449703903,
Starbucks,3.5,Kirkwood,Missouri,Democrat,46.7,117439.0,2012.5779645191408,
Dunkin',2.0,Zionsville,Indiana,Republican,53.1,159126.0,1692.1625,
Coffee Mill Diner,4.5,Smithton,Illinois,Democrat,34.2,114453.0,,
McDonald's,1.5,Treasure Island,Florida,Republican,38.5,82340.0,2646.6666666666665,
Starbucks,2.0,Willow Grove,Pennsylvania,Democrat,55.4,98402.0,2074.1666666666665,
Wawa,4.0,Saint Petersburg,Florida,Republican,,71302.0,,
You Do The Dishes,5.0,Tampa,Florida,Republican,39.6,71302.0,2011.9116084311615,1284.0
The Treehouse,4.0,Audubon,New Jersey,Democrat,38.8,116900.0,,
Starbucks,3.5,Santa Barbara,California,Democrat,38.6,101672.0,3646.9091098603294,
Euphoria Cafe,4.0,Philadelphia,Pennsylvania,Democrat,36.4,60698.0,1715.4754572988052,4517.0
The Barn,4.0,St. Louis,Missouri,Democrat,46.7,55279.0,,1943.0
Dunkin',2.5,Tucson,Arizona,Democrat,37.9,54546.0,1468.4007810603507,904.0
Pret A Manger,3.0,Philadelphia,Pennsylvania,Democrat,36.4,60698.0,1715.4754572988052,4517.0
Olde Creamery Cafe,3.0,Philadelphia,Pennsylvania,Democrat,36.4,60698.0,1715.4754572988052,4517.0
The Horn,5.0,Nashville,Tennessee,Democrat,51.2,75197.0,1803.1395088912257,537.0
Frog's Fix Coffee Parlor,4.5,Boise,Idaho,Republican,46.3,76402.0,1769.288449703903,
McDonald's,1.5,Kenner,Louisiana,Republican,31.2,64099.0,1663.6666666666667,
Dunkin',1.0,Zieglerville,Pennsylvania,Democrat,,60698.0,,
Weather Vane Ice Cream,4.0,Granite City,Illinois,Republican,32.0,60490.0,,
The Kettle Black,4.5,Philadelphia,Pennsylvania,Democrat,36.4,60698.0,1715.4754572988052,4517.0
CC's Coffee House,4.0,New Orleans,Louisiana,Democrat,43.3,55339.0,1635.4273395346563,892.0
The Sweet Divine,3.5,St. Louis,Missouri,Democrat,46.7,55279.0,,1943.0
Chardoney's Brew Lane,4.0,Meridian,Idaho,Republican,46.3,98686.0,2015.2290262803235,
Tiger Sugar,4.5,Philadelphia,Pennsylvania,Democrat,36.4,60698.0,1715.4754572988052,4517.0
Magpie,4.5,Philadelphia,Pennsylvania,Democrat,36.4,60698.0,1715.4754572988052,4517.0
McDonald's,2.0,Tampa,Florida,Republican,39.6,71302.0,2011.9116084311615,1284.0
NOLA Kidsground,5.0,New Orleans,Louisiana,Democrat,43.3,55339.0,1635.4273395346563,892.0
McDonald's,2.5,Boise,Idaho,Republican,46.3,76402.0,1769.288449703903,
Perche’ No Italian Bistro,4.0,Tucson,Arizona,Democrat,37.9,54546.0,1468.4007810603507,904.0
Nadoz Bakery Cafe,3.0,St. Louis,Missouri,Democrat,46.7,55279.0,,1943.0
Hinge Cafe,4.5,Philadelphia,Pennsylvania,Democrat,36.4,60698.0,1715.4754572988052,4517.0
Starbucks,4.0,Tucson,Arizona,Democrat,37.9,54546.0,1468.4007810603507,904.0
The Crepe and Ribbon,4.0,Haddonfield,New Jersey,Democrat,38.8,190882.0,1900.8333333333333,
Starbucks,2.0,Tucson,Arizona,Democrat,37.9,54546.0,1468.4007810603507,904.0
Chez Ben,3.5,Philadelphia,Pennsylvania,Democrat,36.4,60698.0,1715.4754572988052,4517.0
Starbucks,3.5,Reno,Nevada,Democrat,37.3,78448.0,1895.051309846432,920.0
McDonald's,2.0,New Orleans,Louisiana,Democrat,43.3,55339.0,1635.4273395346563,892.0
PJ's Coffee & Tea,3.5,New Orleans,Louisiana,Democrat,43.3,55339.0,1635.4273395346563,892.0
Milkweed Table + Market,3.0,Pitman,New Jersey,Republican,37.6,96199.0,,
Mystic Valley,4.5,Saint Louis,Missouri,Democrat,,55279.0,,
Krewe Du Brew,4.5,New Orleans,Louisiana,Democrat,43.3,55339.0,1635.4273395346563,892.0
Too Soul Tea Co.,4.5,Reno,Nevada,Democrat,37.3,78448.0,1895.051309846432,920.0
Cafe Patachou,4.5,Indianapolis,Indiana,Democrat,35.3,62995.0,1376.034945102525,913.0
Jagerhaus,4.0,New Orleans,Louisiana,Democrat,43.3,55339.0,1635.4273395346563,892.0
Starbucks,4.0,Tampa,Florida,Republican,39.6,71302.0,2011.9116084311615,1284.0
TeBella Tea,4.5,Saint Petersburg,Florida,Republican,,71302.0,,
Dunkin',2.5,Mount Laurel,New Jersey,Democrat,,91000.0,,
Dunkin',2.0,Port Richey,Florida,Republican,31.3,45435.0,1721.7101449275362,
Timshel Coffee,5.0,Norristown,Pennsylvania,Democrat,55.4,65058.0,1698.5733057280884,
McDonald's,2.0,Tampa,Florida,Republican,39.6,71302.0,2011.9116084311615,1284.0
Starbucks,2.5,Tucson,Arizona,Democrat,37.9,54546.0,1468.4007810603507,904.0
Zeal Coffee Roasters,4.0,Tampa,Florida,Republican,39.6,71302.0,2011.9116084311615,1284.0
Coffee Works Roastery & Cafe,3.5,Voorhees,New Jersey,Democrat,,66927.0,,
Dunkin',2.5,Richmond Heights,Missouri,Democrat,46.7,90670.0,1542.0238095238094,
Ding Tea Pinellas,4.0,Pinellas Park,Florida,Republican,38.5,62043.0,2039.4087024087028,
Nuvo Donuts,3.5,Hendersonville,Tennessee,Republican,35.1,91503.0,1604.2083028083027,
Mi Patria Bakery,4.5,Tampa,Florida,Republican,39.6,71302.0,2011.9116084311615,1284.0
JahVa Coffee Lounge +,4.5,South Pasadena,Florida,Republican,38.5,51369.0,2246.111111111112,
Dunkin',2.0,Feasterville-Trevose,Pennsylvania,Republican,,60698.0,,
Cali's Coffee & Creamery,3.5,Smyrna,Tennessee,Republican,36.6,78409.0,1682.256728778468,
SoHo Cafe & Gallery,4.0,Carmel,Indiana,Republican,62.7,134602.0,1827.6327732974908,
Batter & Crumbs Vegan Bakery and Cafe,4.5,Philadelphia,Pennsylvania,Democrat,36.4,60698.0,1715.4754572988052,4517.0
Starbucks,4.5,St. Petersburg,Florida,Republican,38.5,73118.0,,1632.0
Common Grounds Coffeehouse,4.5,Oaklyn,New Jersey,Democrat,38.8,81514.0,,
Starbucks,3.0,Sparks,Nevada,Democrat,37.3,86979.0,1964.762212770985,
Toasted Coffee House,5.0,High Ridge,Missouri,Republican,25.5,75040.0,,
7-Eleven,3.0,Philadelphia,Pennsylvania,Democrat,36.4,60698.0,1715.4754572988052,4517.0
Hey! Café & Coffee Roastery,4.0,New Orleans,Louisiana,Democrat,43.3,55339.0,1635.4273395346563,892.0
22nd Street Diner,3.5,Indianapolis,Indiana,Democrat,35.3,62995.0,1376.034945102525,913.0
Strange Brew Coffee,4.5,Philadelphia,Pennsylvania,Democrat,36.4,60698.0,1715.4754572988052,4517.0
Wakin' Bakin',4.0,New Orleans,Louisiana,Democrat,43.3,55339.0,1635.4273395346563,892.0
Starbucks,5.0,Boise,Idaho,Republican,46.3,76402.0,1769.288449703903,
Tangonadas,4.5,Santa Barbara,California,Democrat,38.6,101672.0,3646.9091098603294,
Tina's Traditional Old English Tea Room & Tavern,4.5,Carmel,Indiana,Republican,62.7,134602.0,1827.6327732974908,
St. Louis Bread,2.5,Webster Groves,Missouri,Democrat,46.7,110716.0,1882.222222222222,
Coffeebar Roastery,5.0,Reno,Nevada,Democrat,37.3,78448.0,1895.051309846432,920.0
Starbucks,4.0,Burlington,New Jersey,Democrat,,78009.0,,
Push and Pour,4.5,Garden City,Idaho,Republican,46.3,66859.0,1762.2539682539682,
Slow Hand Coffee  Bakeshop,4.0,Nashville,Tennessee,Democrat,51.2,75197.0,1803.1395088912257,537.0
Just Love Coffee Cafe - Mt. Juliet,4.5,Mt. Juliet,Tennessee,Republican,,75197.0,,
Dunkin',3.0,Fishers,Indiana,Republican,62.7,128141.0,1951.650886475448,
McDonald's,1.5,Bristol,Pennsylvania,Republican,,70595.0,1622.25,
Donut Distillery,4.5,Nashville,Tennessee,Democrat,51.2,75197.0,1803.1395088912257,537.0
The Haverstick,4.5,Indianapolis,Indiana,Democrat,35.3,62995.0,1376.034945102525,913.0
McDonald's,1.5,Nashville,Tennessee,Democrat,51.2,75197.0,1803.1395088912257,537.0
Square Donuts,3.5,Carmel,Indiana,Republican,62.7,134602.0,1827.6327732974908,
Nordstrom Ebar Artisan Coffee,3.5,Indianapolis,Indiana,Democrat,35.3,62995.0,1376.034945102525,913.0
Founding Farmers First Bake Cafe & Creamery,3.0,King of Prussia,Pennsylvania,Democrat,55.4,86149.0,2166.7329901329904,
The Station Coffee Shop & Bakery,4.5,New Orleans,Louisiana,Democrat,43.3,55339.0,1635.4273395346563,892.0
Greenstreet Coffee Roastery,4.5,Philadelphia,Pennsylvania,Democrat,36.4,60698.0,1715.4754572988052,4517.0
Starbucks,3.0,Seminole,Florida,Republican,38.5,77335.0,2247.2611111111114,
Hungry Pigeon,4.0,Philadelphia,Pennsylvania,Democrat,36.4,60698.0,1715.4754572988052,4517.0
McDonald's,1.5,Indianapolis,Indiana,Democrat,35.3,62995.0,1376.034945102525,913.0
Dunkin',3.0,Sewell,New Jersey,Republican,37.6,135141.0,2450.833333333333,
Royal Coffee,4.0,Meridian,Idaho,Republican,46.3,98686.0,2015.2290262803235,
Road Crew Coffee & Cycles,5.0,St. Louis,Missouri,Democrat,46.7,55279.0,,1943.0
Bower Cafe,4.5,Philadelphia,Pennsylvania,Democrat,36.4,60698.0,1715.4754572988052,4517.0
Joffrey's Coffee & Tea,4.5,Tampa,Florida,Republican,39.6,71302.0,2011.9116084311615,1284.0
Funky Sweets,4.5,Saint Petersburg,Florida,Republican,,71302.0,,
d4 Tabletop Gaming Cafe,5.0,New Orleans,Louisiana,Democrat,43.3,55339.0,1635.4273395346563,892.0
Starbucks,3.0,Brentwood,Missouri,Democrat,46.7,86641.0,1751.7460317460318,
Dunkin',2.0,Tampa,Florida,Republican,39.6,71302.0,2011.9116084311615,1284.0
Full Steam Bistro,4.0,Boise,Idaho,Republican,46.3,76402.0,1769.288449703903,
Wawa,3.5,Tampa,Florida,Republican,39.6,71302.0,2011.9116084311615,1284.0
7-Eleven,3.5,Reno,Nevada,Democrat,37.3,78448.0,1895.051309846432,920.0
Frona Mae Dessert Cafe,4.5,Indianapolis,Indiana,Democrat,35.3,62995.0,1376.034945102525,913.0
Buttermilk Sky Pie Shop,4.5,Franklin,Tennessee,Republican,65.8,115000.0,2052.104521404521,
PJ's Coffee,4.0,Metairie,Louisiana,Republican,31.2,73256.0,1645.3324786324786,
Cups Coffee Shop,4.0,Indianapolis,Indiana,Democrat,35.3,62995.0,1376.034945102525,913.0
Starbucks,3.0,Philadelphia,Pennsylvania,Democrat,36.4,60698.0,1715.4754572988052,4517.0
Palm Tree Market,4.5,Philadelphia,Pennsylvania,Democrat,36.4,60698.0,1715.4754572988052,4517.0
Chestnut Hill Coffee Company,4.5,Philadelphia,Pennsylvania,Democrat,36.4,60698.0,1715.4754572988052,4517.0
Cool Beans,4.5,Lithia,Florida,Republican,,71302.0,2419.722222222222,
Starbucks,3.5,Horsham,Pennsylvania,Republican,25.9,99121.0,1631.6666666666667,
Read and Eat,3.0,Philadelphia,Pennsylvania,Democrat,36.4,60698.0,1715.4754572988052,4517.0
McDonald's,2.5,Mt Juliet,Tennessee,Republican,,75197.0,,
Beach Brewz,4.0,Redington Shores,Florida,Republican,38.5,101518.0,2925.0,
Starbucks,3.5,Seminole,Florida,Republican,38.5,77335.0,2247.2611111111114,
McDonald's,1.5,Gulfport,Florida,Republican,38.5,68617.0,2081.904761904762,
Bimini Juice Bar & Salad Bar,4.0,Philadelphia,Pennsylvania,Democrat,36.4,60698.0,1715.4754572988052,4517.0
Kleo's Baklava Cafe,5.0,Hatboro,Pennsylvania,Democrat,55.4,108927.0,2555.833333333333,
Fairly Grounded Coffee and Tea,4.0,Reno,Nevada,Democrat,37.3,78448.0,1895.051309846432,920.0
OCF Coffee House,3.5,Philadelphia,Pennsylvania,Democrat,36.4,60698.0,1715.4754572988052,4517.0
Organic Life Coffeehouse & Bakery,4.0,Lutz,Florida,Republican,39.6,114516.0,2055.789287749288,
McDonald's,2.0,Nashville,Tennessee,Democrat,51.2,75197.0,1803.1395088912257,537.0
Bakery 502,4.0,Bensalem,Pennsylvania,Republican,,60698.0,1804.6603174603176,
Federal Donuts,4.0,Philadelphia,Pennsylvania,Democrat,36.4,60698.0,1715.4754572988052,4517.0
Dunkin',1.5,Bensalem,Pennsylvania,Republican,,60698.0,1804.6603174603176,
Coffee Works Cafe,3.0,Voorhees,New Jersey,Democrat,,66927.0,,
Dunkin',2.0,Saint Petersburg,Florida,Republican,,71302.0,,
Truckee Bagel Company - Midtown,3.5,Reno,Nevada,Democrat,37.3,78448.0,1895.051309846432,920.0
The Head Nut,4.0,Ardmore,Pennsylvania,Democrat,55.4,115273.0,2250.083333333333,
Taster's Paradise Mobile Cafe' & Bakery,3.5,Reno,Nevada,Democrat,37.3,78448.0,1895.051309846432,920.0
Dutch Bros Coffee,4.0,Tucson,Arizona,Democrat,37.9,54546.0,1468.4007810603507,904.0
The Scented Leaf,4.5,Tucson,Arizona,Democrat,37.9,54546.0,1468.4007810603507,904.0
Comet Croissanterie and Creamery,4.5,Kirkwood,Missouri,Democrat,46.7,117439.0,2012.5779645191408,
McDonald's,2.0,Swedesboro,New Jersey,Republican,37.6,91000.0,2950.0,
Ms. Chrissy's Sweet Cafe,4.5,Glassboro,New Jersey,Republican,37.6,80388.0,2963.31746031746,
Danny's Cafe,4.0,Philadelphia,Pennsylvania,Democrat,36.4,60698.0,1715.4754572988052,4517.0
Vail Coffee Stop,5.0,Vail,Arizona,Democrat,37.9,121385.0,2101.555555555556,
Boba Tea Company,2.0,Tucson,Arizona,Democrat,37.9,54546.0,1468.4007810603507,904.0
Wired Beans,4.0,Philadelphia,Pennsylvania,Democrat,36.4,60698.0,1715.4754572988052,4517.0
Starbucks,3.5,Yardley,Pennsylvania,Republican,45.2,118750.0,2695.7000000000003,
Frisson Soft Serve,4.0,Nashville,Tennessee,Democrat,51.2,75197.0,1803.1395088912257,537.0
Wawa,4.0,Malvern,Pennsylvania,Democrat,58.0,106638.0,2467.1635327635327,
Mile Square Coffee Roastery,5.0,Indianapolis,Indiana,Democrat,35.3,62995.0,1376.034945102525,913.0
Cafe V and Kitchen,3.0,Philadelphia,Pennsylvania,Democrat,36.4,60698.0,1715.4754572988052,4517.0
Starbucks,4.0,Sparks,Nevada,Democrat,37.3,86979.0,1964.762212770985,
Moxie Java Bistro,3.0,Garden City,Idaho,Republican,46.3,66859.0,1762.2539682539682,
Mister Donut,4.0,Godfrey,Illinois,Republican,32.0,92746.0,,
Abyss Coffee,3.0,Lansdale,Pennsylvania,Democrat,55.4,86460.0,1966.2497212931996,
Reno's pizza village 2,4.0,Penndel,Pennsylvania,Republican,45.2,75000.0,,
McDonald's,2.0,Westmont,New Jersey,Democrat,38.8,111589.0,,
Green Mint Asian Grill,4.0,Clearwater,Florida,Republican,38.5,64440.0,1956.247155052128,1727.0
Pianissimo Coffee and More,4.5,Reno,Nevada,Democrat,37.3,78448.0,1895.051309846432,920.0
First Watch,4.5,Sewell,New Jersey,Republican,37.6,135141.0,2450.833333333333,
Newton's Hot & Cold,4.5,New Orleans,Louisiana,Democrat,43.3,55339.0,1635.4273395346563,892.0
Dunkin',4.5,Philadelphia,Pennsylvania,Democrat,36.4,60698.0,1715.4754572988052,4517.0
Joe's Cycles,4.5,Indianapolis,Indiana,Democrat,35.3,62995.0,1376.034945102525,913.0
Teddy's Café and Sweet Shop,3.5,New Orleans,Louisiana,Democrat,43.3,55339.0,1635.4273395346563,892.0
Starbucks,3.5,Reno,Nevada,Democrat,37.3,78448.0,1895.051309846432,920.0
Pj's Coffee,2.5,Kenner,Louisiana,Republican,31.2,64099.0,1663.6666666666667,
Starbucks,2.0,Tampa,Florida,Republican,39.6,71302.0,2011.9116084311615,1284.0
La Madeleine French Bakery & Cafe,3.0,Harahan,Louisiana,Republican,31.2,78222.0,1320.2777777777776,
Starbucks,3.5,Clearwater,Florida,Republican,38.5,64440.0,1956.247155052128,1727.0
Kaldi's Coffeehouse,4.0,O'Fallon,Illinois,Democrat,34.2,102793.0,,
Red Oak,4.5,St Louis,Missouri,Democrat,,55279.0,1297.475912635836,
Wawa,3.5,Barrington,New Jersey,Democrat,38.8,84334.0,,
The District Coffee House,4.5,Boise,Idaho,Republican,46.3,76402.0,1769.288449703903,
McDonald's,2.0,Tampa,Florida,Republican,39.6,71302.0,2011.9116084311615,1284.0
McDonald's,1.0,Frazer,Pennsylvania,Democrat,58.0,138212.0,,
Nature's Pharm,3.5,Indianapolis,Indiana,Democrat,35.3,62995.0,1376.034945102525,913.0
Café Soho,4.0,Philadelphia,Pennsylvania,Democrat,36.4,60698.0,1715.4754572988052,4517.0
Sertinos Coffee and Ice Cream,3.5,Sahuarita,Arizona,Democrat,37.9,100719.0,1911.47095959596,
El Cafeito,4.5,Philadelphia,Pennsylvania,Democrat,36.4,60698.0,1715.4754572988052,4517.0
The Brewhouse,2.0,Wesley Chapel,Florida,Republican,31.3,107004.0,2225.93855222764,
Wholy Crepe,4.0,Franklin,Tennessee,Republican,65.8,115000.0,2052.104521404521,
Starbucks,2.0,Springfield,Pennsylvania,Democrat,,60698.0,,
Crest Coffee House,4.5,Nashville,Tennessee,Democrat,51.2,75197.0,1803.1395088912257,537.0
Factory Donuts,4.5,Philadelphia,Pennsylvania,Democrat,36.4,60698.0,1715.4754572988052,4517.0
Piquant,4.0,Tampa,Florida,Republican,39.6,71302.0,2011.9116084311615,1284.0
Starbucks,3.0,St. Petersburg,Florida,Republican,38.5,73118.0,,1632.0
Einstein Bros. Bagels,2.5,Indianapolis,Indiana,Democrat,35.3,62995.0,1376.034945102525,913.0
"The Human Bean Meridian, E. Overland Rd",4.0,Meridian,Idaho,Republican,46.3,98686.0,2015.2290262803235,
Horn & Hardart Coffee,4.0,Philadelphia,Pennsylvania,Democrat,36.4,60698.0,1715.4754572988052,4517.0
Jolt -N-Java,2.5,Sparks,Nevada,Democrat,37.3,86979.0,1964.762212770985,
The Petra Cafe & Hookah Bar,3.5,Saint Louis,Missouri,Democrat,,55279.0,,
Starbucks,2.5,Carpinteria,California,Democrat,38.6,104233.0,4234.166666666667,
Dunkin',3.0,Ewing Twp,New Jersey,Democrat,,91000.0,,
McDonald's,2.5,Brentwood,Tennessee,Republican,65.8,184720.0,2257.203703703704,
Dunkin',2.5,Sicklerville,New Jersey,Democrat,38.8,102881.0,2218.611111111112,
9th Bar Espresso,4.5,Dunedin,Florida,Republican,38.5,68068.0,2087.5775446775447,
Bongo Java,4.0,Nashville,Tennessee,Democrat,51.2,75197.0,1803.1395088912257,537.0
Dear Diva Desserts,5.0,Columbia,Illinois,Republican,,107922.0,,
McDonald's,2.0,St. Ann,Missouri,Democrat,46.7,52059.0,,
Joe's Good Java,4.0,Reno,Nevada,Democrat,37.3,78448.0,1895.051309846432,920.0
Bibo Coffee & Gelato - Downtown,3.5,Reno,Nevada,Democrat,37.3,78448.0,1895.051309846432,920.0
Levitea,5.0,Wilmington,Delaware,Democrat,38.7,55269.0,1756.0830026455026,
Starbucks,3.0,Feasterville,Pennsylvania,Republican,45.2,80208.0,,
Dunkin',2.5,Philadelphia,Pennsylvania,Democrat,36.4,60698.0,1715.4754572988052,4517.0
McDonald's,1.5,Marrero,Louisiana,Republican,31.2,45633.0,1651.5873015873017,
Starbucks,2.5,King of Prussia,Pennsylvania,Democrat,55.4,86149.0,2166.7329901329904,
Dunkin',3.5,Tucson,Arizona,Democrat,37.9,54546.0,1468.4007810603507,904.0
Kung Fu Tea - Cherry Hill,4.5,Cherry Hill,New Jersey,Democrat,38.8,91000.0,2419.9864433811804,
Res Ipsa Cafe,4.0,Philadelphia,Pennsylvania,Democrat,36.4,60698.0,1715.4754572988052,4517.0
Sundae's Ice Cream & Coffee,5.0,Indianapolis,Indiana,Democrat,35.3,62995.0,1376.034945102525,913.0
Starbucks,4.0,Odessa,Florida,Republican,31.3,116870.0,2102.758441558442,
Dunkin',3.0,Levittown,Pennsylvania,Republican,45.2,101619.0,1847.9166666666667,
Kung Fu Tea,4.0,Ardmore,Pennsylvania,Democrat,55.4,115273.0,2250.083333333333,
Unitea,3.5,Philadelphia,Pennsylvania,Democrat,36.4,60698.0,1715.4754572988052,4517.0
Tortorice's Italian Specialty Sandwiches,4.5,Philadelphia,Pennsylvania,Democrat,36.4,60698.0,1715.4754572988052,4517.0
Metropolitan Pizza & Cafe,3.5,Philadelphia,Pennsylvania,Democrat,36.4,60698.0,1715.4754572988052,4517.0
Starbucks,2.5,Trevose,Pennsylvania,Republican,45.2,83108.0,,
Miles Table,4.5,Philadelphia,Pennsylvania,Democrat,36.4,60698.0,1715.4754572988052,4517.0
Wawa,3.0,Largo,Florida,Republican,38.5,60465.0,1787.582052090859,
Le Cat Cafe,4.0,Philadelphia,Pennsylvania,Democrat,36.4,60698.0,1715.4754572988052,4517.0
Nature's Pharm,4.0,Indianapolis,Indiana,Democrat,35.3,62995.0,1376.034945102525,913.0
River City Coffee & Cafe,3.0,Boise,Idaho,Republican,46.3,76402.0,1769.288449703903,
The Earth House,4.5,Indianapolis,Indiana,Democrat,35.3,62995.0,1376.034945102525,913.0
Intermezzo Cafe,4.0,Philadelphia,Pennsylvania,Democrat,36.4,60698.0,1715.4754572988052,4517.0
Bucks County Coffee Co,3.0,Philadelphia,Pennsylvania,Democrat,36.4,60698.0,1715.4754572988052,4517.0
Café Rue 52,4.0,Philadelphia,Pennsylvania,Democrat,36.4,60698.0,1715.4754572988052,4517.0
Biscotti's,3.5,Reno,Nevada,Democrat,37.3,78448.0,1895.051309846432,920.0
Denny's,3.0,Hazelwood,Missouri,Democrat,46.7,55930.0,1394.4166666666667,
The Flying Saucer Cafe,3.5,Philadelphia,Pennsylvania,Democrat,36.4,60698.0,1715.4754572988052,4517.0
McDonald's,1.5,Franklin,Tennessee,Republican,65.8,115000.0,2052.104521404521,
La Arcada Bistro,3.5,Santa Barbara,California,Democrat,38.6,101672.0,3646.9091098603294,
Starbucks,3.5,Meridian,Idaho,Republican,46.3,98686.0,2015.2290262803235,
Village Coffee,3.5,New Orleans,Louisiana,Democrat,43.3,55339.0,1635.4273395346563,892.0
McDonald's,1.5,Rock Hill,Missouri,Democrat,46.7,91477.0,1298.0,
Lil' Pop Shop & Cafe,4.5,Philadelphia,Pennsylvania,Democrat,36.4,60698.0,1715.4754572988052,4517.0
Le's Baguette Banh Mi Cafe,4.5,New Orleans,Louisiana,Democrat,43.3,55339.0,1635.4273395346563,892.0
McDonald's,2.5,Tucson,Arizona,Democrat,37.9,54546.0,1468.4007810603507,904.0
Starbucks,4.0,Lutz,Florida,Republican,39.6,114516.0,2055.789287749288,
Brickhouse Bakery,4.0,Reno,Nevada,Democrat,37.3,78448.0,1895.051309846432,920.0
The Rat Pack Bistro,4.0,Wilmington,Delaware,Democrat,38.7,55269.0,1756.0830026455026,
Subculture Urban Cuisine And Cafe,4.5,Nashville,Tennessee,Democrat,51.2,75197.0,1803.1395088912257,537.0
Circle K,1.5,Tucson,Arizona,Democrat,37.9,54546.0,1468.4007810603507,904.0
Upper Dublin Bagel Squad,3.5,Dresher,Pennsylvania,Democrat,,60698.0,,
Wawa,2.0,Edgewater Park,New Jersey,Democrat,,91000.0,,
Peet's Coffee,4.0,Santa Barbara,California,Democrat,38.6,101672.0,3646.9091098603294,
Dunkin',1.5,Largo,Florida,Republican,38.5,60465.0,1787.582052090859,
Starbucks,2.5,Wilmington,Delaware,Democrat,38.7,55269.0,1756.0830026455026,
McDonald's,2.5,Odessa,Florida,Republican,31.3,116870.0,2102.758441558442,
MOTW Coffee & Pastries,5.0,Indianapolis,Indiana,Democrat,35.3,62995.0,1376.034945102525,913.0
McDonald's,2.0,Carmel,Indiana,Republican,62.7,134602.0,1827.6327732974908,
7-Eleven,2.0,Reno,Nevada,Democrat,37.3,78448.0,1895.051309846432,920.0
McDonald's,1.5,St. Louis,Missouri,Democrat,46.7,55279.0,,1943.0
Dunkin',2.0,Clementon,New Jersey,Democrat,38.8,69536.0,1982.5,
District Donut & Coffee Bar,4.0,New Orleans,Louisiana,Democrat,43.3,55339.0,1635.4273395346563,892.0
Steel City Coffeehouse & Brewery,4.0,Phoenixville,Pennsylvania,Democrat,58.0,94411.0,2006.513888888889,
Cafe Breve,4.5,Clayton,Missouri,Democrat,46.7,128898.0,1712.9682539682535,
Zagol Ethiopian Restaurant,4.5,Reno,Nevada,Democrat,37.3,78448.0,1895.051309846432,920.0
McDonald's,2.5,Trevose,Pennsylvania,Republican,45.2,83108.0,,
Spices & Such,5.0,Pennsburg,Pennsylvania,Democrat,55.4,103698.0,,
Lemon’s Bakery Cafe,4.5,Indianapolis,Indiana,Democrat,35.3,62995.0,1376.034945102525,913.0
Flower Crown Kombucha,5.0,Tampa,Florida,Republican,39.6,71302.0,2011.9116084311615,1284.0
Dunkin',4.0,Wilmington,Delaware,Democrat,38.7,55269.0,1756.0830026455026,
Barista Parlor,3.5,Nashville,Tennessee,Democrat,51.2,75197.0,1803.1395088912257,537.0
McDonald's,2.0,Philadelphia,Pennsylvania,Democrat,36.4,60698.0,1715.4754572988052,4517.0
Cost Plus World Market,4.0,Oro Valley,Arizona,Democrat,37.9,105342.0,1923.6564327485376,
Starbucks,3.5,Indianapolis,Indiana,Democrat,35.3,62995.0,1376.034945102525,913.0
Yogulatte,4.5,Speedway,Indiana,Democrat,35.3,57158.0,1667.75,
Java Plus Cafe & Catering,4.5,St. Louis,Missouri,Democrat,46.7,55279.0,,1943.0
McDonald's,2.0,Philadelphia,Pennsylvania,Democrat,36.4,60698.0,1715.4754572988052,4517.0
Dunkin',3.5,East Norriton,Pennsylvania,Republican,25.9,60698.0,,
Token Ramen & Kung Fu Tea,4.0,Riverview,Florida,Republican,39.6,95442.0,2171.145685305324,
Dwntwn Social,4.5,Tampa,Florida,Republican,39.6,71302.0,2011.9116084311615,1284.0
Stay Golden,4.0,Nashville,Tennessee,Democrat,51.2,75197.0,1803.1395088912257,537.0
Best Friends Coffee & Bagels,4.5,Brownsburg,Indiana,Republican,37.1,105435.0,1939.3527777777776,
Lilac Pâtisserie,4.5,Santa Barbara,California,Democrat,38.6,101672.0,3646.9091098603294,
Hey Giant! Little Biscuits,4.5,Tampa,Florida,Republican,39.6,71302.0,2011.9116084311615,1284.0
Starbucks,4.0,Tampa,Florida,Republican,39.6,71302.0,2011.9116084311615,1284.0
7-Eleven,2.0,Reno,Nevada,Democrat,37.3,78448.0,1895.051309846432,920.0
Kaffa Crossing,4.0,Philadelphia,Pennsylvania,Democrat,36.4,60698.0,1715.4754572988052,4517.0
Cafe Adriatic,4.5,Spring Hill,Florida,Republican,22.1,66557.0,1896.568681988972,
Cafe Luna,4.5,New Orleans,Louisiana,Democrat,43.3,55339.0,1635.4273395346563,892.0
The Abbey,4.5,Belleville,Illinois,Democrat,34.2,60529.0,1072.5014005602245,
Amalgam Comics & Coffeehouse,4.5,Philadelphia,Pennsylvania,Democrat,36.4,60698.0,1715.4754572988052,4517.0
Garden Cafe,4.5,Media,Pennsylvania,Democrat,44.4,86219.0,1922.0873015873012,
McDonald's,1.5,Philadelphia,Pennsylvania,Democrat,36.4,60698.0,1715.4754572988052,4517.0
OsoSweet Bakery Cafe,4.5,Chadds Ford,Pennsylvania,Democrat,58.0,169250.0,,
Brewed Awakening,5.0,Tucson,Arizona,Democrat,37.9,54546.0,1468.4007810603507,904.0
Gourmet Joe's Hideaway Cafe,4.5,Reno,Nevada,Democrat,37.3,78448.0,1895.051309846432,920.0
Salt Tears Coffehouse and Noshery,3.0,Boise,Idaho,Republican,46.3,76402.0,1769.288449703903,
McDonald's,1.5,Philadelphia,Pennsylvania,Democrat,36.4,60698.0,1715.4754572988052,4517.0
Starbucks,3.5,Ardmore,Pennsylvania,Democrat,55.4,115273.0,2250.083333333333,
Perk Up Cafe,4.5,Indianapolis,Indiana,Democrat,35.3,62995.0,1376.034945102525,913.0
Elcy's Coffee House,4.0,Glenside,Pennsylvania,Democrat,55.4,101050.0,,
Dunkin',3.5,Springfield,Pennsylvania,Democrat,,60698.0,,
Presta,4.5,Tucson,Arizona,Democrat,37.9,54546.0,1468.4007810603507,904.0
Old City Frozen Yogurt & Crepes,3.5,Philadelphia,Pennsylvania,Democrat,36.4,60698.0,1715.4754572988052,4517.0
Parlour Ice Cream,5.0,Ardmore,Pennsylvania,Democrat,55.4,115273.0,2250.083333333333,
Atmalogy,4.0,Nashville,Tennessee,Democrat,51.2,75197.0,1803.1395088912257,537.0
Signature India,4.0,Saint Louis,Missouri,Democrat,,55279.0,,
Wawa,3.0,Gloucester,New Jersey,Democrat,,91000.0,,
The Original Sunrise Cafe,3.0,Meridian,Idaho,Republican,46.3,98686.0,2015.2290262803235,
Mrs. K's Koffee Shop,3.0,Philadelphia,Pennsylvania,Democrat,36.4,60698.0,1715.4754572988052,4517.0
Speedway,3.5,Nashville,Tennessee,Democrat,51.2,75197.0,1803.1395088912257,537.0
Barrington Coffee House,3.5,Barrington,New Jersey,Democrat,38.8,84334.0,,
Starbucks,3.0,Antioch,Tennessee,Democrat,,75197.0,,
Speedway,2.5,Indianapolis,Indiana,Democrat,35.3,62995.0,1376.034945102525,913.0
Kayuh Bicycles & Cafe,5.0,Philadelphia,Pennsylvania,Democrat,36.4,60698.0,1715.4754572988052,4517.0
Caffeine Roasters,4.0,Tampa,Florida,Republican,39.6,71302.0,2011.9116084311615,1284.0
Teaspoons Cafe,4.0,Edwardsville,Illinois,Republican,32.0,92671.0,1571.0952380952378,
McDonald's,1.5,Hudson,Florida,Republican,31.3,49063.0,2058.958333333333,
Starbucks,1.5,Philadelphia,Pennsylvania,Democrat,36.4,60698.0,1715.4754572988052,4517.0
Circle K,1.5,Tucson,Arizona,Democrat,37.9,54546.0,1468.4007810603507,904.0
The Gulfport Grind,4.0,Gulfport,Florida,Republican,38.5,68617.0,2081.904761904762,
Archie's Giant Hamburgers & Breakfast,4.0,Reno,Nevada,Democrat,37.3,78448.0,1895.051309846432,920.0
the Collector's Outpost,5.0,Meridian,Idaho,Republican,46.3,98686.0,2015.2290262803235,
Green Line Cafe - Powelton Village,4.0,Philadelphia,Pennsylvania,Democrat,36.4,60698.0,1715.4754572988052,4517.0
Bakery 519,3.5,Glendora,New Jersey,Democrat,38.8,94792.0,,
Bakery by frothy monkey,4.5,Nashville,Tennessee,Democrat,51.2,75197.0,1803.1395088912257,537.0
Function Coffee Labs,4.5,Philadelphia,Pennsylvania,Democrat,36.4,60698.0,1715.4754572988052,4517.0
Cafe Equilibrium,4.0,Goleta,California,Democrat,38.6,118039.0,3642.484920634921,
Mama’s Diner,4.0,Cheltenham Township,Pennsylvania,Democrat,,60698.0,,
Cafe Capello,4.5,Reno,Nevada,Democrat,37.3,78448.0,1895.051309846432,920.0
McDonald's,2.5,Spring Hill,Florida,Republican,22.1,66557.0,1896.568681988972,
Starbucks,4.0,Philadelphia,Pennsylvania,Democrat,36.4,60698.0,1715.4754572988052,4517.0
Starbucks,3.5,Deptford,New Jersey,Republican,,91000.0,,
Dunkin',3.0,Philadelphia,Pennsylvania,Democrat,36.4,60698.0,1715.4754572988052,4517.0
Papa's Cup of Joe,4.5,Boise,Idaho,Republican,46.3,76402.0,1769.288449703903,
La Dolce Via Bakery & Cafe,4.0,Saint Louis,Missouri,Democrat,,55279.0,,
Starbucks,3.5,Indianapolis,Indiana,Democrat,35.3,62995.0,1376.034945102525,913.0
See See Motor Coffee,4.5,Reno,Nevada,Democrat,37.3,78448.0,1895.051309846432,920.0
Saxbys,3.0,Philadelphia,Pennsylvania,Democrat,36.4,60698.0,1715.4754572988052,4517.0
Middle Child,4.5,Philadelphia,Pennsylvania,Democrat,36.4,60698.0,1715.4754572988052,4517.0
Caffe Ida,5.0,Philadelphia,Pennsylvania,Democrat,36.4,60698.0,1715.4754572988052,4517.0
Federal Donuts,4.0,Philadelphia,Pennsylvania,Democrat,36.4,60698.0,1715.4754572988052,4517.0
Starbucks,4.0,Edgmont,Pennsylvania,Democrat,,60698.0,,
Denny's,2.5,Santa Barbara,California,Democrat,38.6,101672.0,3646.9091098603294,
French Truck Coffee,4.5,New Orleans,Louisiana,Democrat,43.3,55339.0,1635.4273395346563,892.0
Speedway,3.0,Tucson,Arizona,Democrat,37.9,54546.0,1468.4007810603507,904.0
McDonald's,1.0,Philadelphia,Pennsylvania,Democrat,36.4,60698.0,1715.4754572988052,4517.0
Barnie's,2.0,Wesley Chapel,Florida,Republican,31.3,107004.0,2225.93855222764,
Dunkin',1.5,Philadelphia,Pennsylvania,Democrat,36.4,60698.0,1715.4754572988052,4517.0
Fun Cafe,4.5,St. Louis,Missouri,Democrat,46.7,55279.0,,1943.0
Dunedin Coffee Company & Bakery,4.5,Dunedin,Florida,Republican,38.5,68068.0,2087.5775446775447,
Dunkin',2.0,Tampa,Florida,Republican,39.6,71302.0,2011.9116084311615,1284.0
Dunkin',1.5,Tampa,Florida,Republican,39.6,71302.0,2011.9116084311615,1284.0
McDonald's,1.5,Harvey,Louisiana,Republican,31.2,43524.0,1309.2763532763531,
McDonald's,1.5,Arnold,Missouri,Republican,25.5,75194.0,1574.3055555555557,
Dunkin',3.0,Philadelphia,Pennsylvania,Democrat,36.4,60698.0,1715.4754572988052,4517.0
Neckar Coffee,4.5,Boise,Idaho,Republican,46.3,76402.0,1769.288449703903,
Speedway,2.5,Nashville,Tennessee,Democrat,51.2,75197.0,1803.1395088912257,537.0
McDonald's,2.0,Chalfont,Pennsylvania,Republican,45.2,131944.0,2450.0,
Wawa,3.5,Morrisville,Pennsylvania,Republican,45.2,94126.0,2138.333333333333,
Saxbys Coffee,4.0,Manayunk,Pennsylvania,Democrat,,60698.0,,
Namaste Market,4.5,Boise,Idaho,Republican,46.3,76402.0,1769.288449703903,
Dunkin',2.0,Burlington,New Jersey,Democrat,,78009.0,,
McDonald's,1.5,Kirkwood,Missouri,Democrat,46.7,117439.0,2012.5779645191408,
Sky Blue Cafe,4.0,Nashville,Tennessee,Democrat,51.2,75197.0,1803.1395088912257,537.0
Streetcar Cafe,4.5,New Orleans,Louisiana,Democrat,43.3,55339.0,1635.4273395346563,892.0
McDonald's,1.5,Indianapolis,Indiana,Democrat,35.3,62995.0,1376.034945102525,913.0
DGX,3.5,Nashville,Tennessee,Democrat,51.2,75197.0,1803.1395088912257,537.0
Teaholic,4.0,Tucson,Arizona,Democrat,37.9,54546.0,1468.4007810603507,904.0
Wawa,3.5,Tampa,Florida,Republican,39.6,71302.0,2011.9116084311615,1284.0
Rock n' Java,4.5,Marana,Arizona,Democrat,37.9,108256.0,2097.519841269841,
Cornucopia,4.5,Kirkwood,Missouri,Democrat,46.7,117439.0,2012.5779645191408,
Revel Kitchen,5.0,Kirkwood,Missouri,Democrat,46.7,117439.0,2012.5779645191408,
Nordstrom Ebar Artisan Coffee,4.0,Tampa,Florida,Republican,39.6,71302.0,2011.9116084311615,1284.0
Sweetie's Ice Cream Parlor,4.5,Tarpon Springs,Florida,Republican,38.5,68877.0,2048.196581196581,
VietNam Style,4.5,St. Louis,Missouri,Democrat,46.7,55279.0,,1943.0
ONYX + ALABASTER,5.0,Franklin,Tennessee,Republican,65.8,115000.0,2052.104521404521,
Dunkin',1.5,Dover,Florida,Republican,39.6,42222.0,,
Dunkin',2.0,Philadelphia,Pennsylvania,Democrat,36.4,60698.0,1715.4754572988052,4517.0
Starbucks,3.0,Langhorne,Pennsylvania,Republican,45.2,95568.0,2732.1,
Wawa,3.0,Tampa,Florida,Republican,39.6,71302.0,2011.9116084311615,1284.0
Caffeina Roasting Company,4.5,Boise,Idaho,Republican,46.3,76402.0,1769.288449703903,
Velvet,4.5,New Orleans,Louisiana,Democrat,43.3,55339.0,1635.4273395346563,892.0
Saxbys,3.5,Philadelphia,Pennsylvania,Democrat,36.4,60698.0,1715.4754572988052,4517.0
Barefoot Beach House,3.5,Clearwater,Florida,Republican,38.5,64440.0,1956.247155052128,1727.0
Soda Stop,3.5,Meridian,Idaho,Republican,46.3,98686.0,2015.2290262803235,
Espresso To Go,4.5,Reno,Nevada,Democrat,37.3,78448.0,1895.051309846432,920.0
Taste of Chicago,3.5,Reno,Nevada,Democrat,37.3,78448.0,1895.051309846432,920.0
Lighthouse Coffee,4.0,Sparks,Nevada,Democrat,37.3,86979.0,1964.762212770985,
McDonald's,1.5,Philadelphia,Pennsylvania,Democrat,36.4,60698.0,1715.4754572988052,4517.0
Saxbys - Haddonfield,4.0,Haddonfield,New Jersey,Democrat,38.8,190882.0,1900.8333333333333,
Panera Bread,2.5,Tucson,Arizona,Democrat,37.9,54546.0,1468.4007810603507,904.0
The Brim Coffee House,4.0,Eagle,Idaho,Republican,46.3,118037.0,1985.2402777777777,
Frozen Yogurt Factory,4.0,Palm Harbor,Florida,Republican,38.5,75354.0,1901.0656790123455,
Starbucks,3.0,Whitestown,Indiana,Republican,53.1,118884.0,2005.7857142857144,
Starbucks,2.0,Reno,Nevada,Democrat,37.3,78448.0,1895.051309846432,920.0
Juice N Things,4.0,Carpinteria,California,Democrat,38.6,104233.0,4234.166666666667,
McDonald's,2.0,Tampa,Florida,Republican,39.6,71302.0,2011.9116084311615,1284.0
Fuel,3.0,Philadelphia,Pennsylvania,Democrat,36.4,60698.0,1715.4754572988052,4517.0
Deer Creek Coffee,4.0,St Louis,Missouri,Democrat,,55279.0,1297.475912635836,
Boba King,3.5,Philadelphia,Pennsylvania,Democrat,36.4,60698.0,1715.4754572988052,4517.0
Swann Ave Market,4.5,Tampa,Florida,Republican,39.6,71302.0,2011.9116084311615,1284.0
U'Panzerott,4.5,Horsham,Pennsylvania,Republican,25.9,99121.0,1631.6666666666667,
Dunkin',2.5,Warminster,Pennsylvania,Republican,,60698.0,,
PJ's Coffee,4.0,Nashville,Tennessee,Democrat,51.2,75197.0,1803.1395088912257,537.0
Kahwa Coffee,4.0,Tampa,Florida,Republican,39.6,71302.0,2011.9116084311615,1284.0
Dunkin',2.5,Philadelphia,Pennsylvania,Democrat,36.4,60698.0,1715.4754572988052,4517.0
Donut Time,5.0,Mount Juliet,Tennessee,Republican,40.2,107847.0,2179.7969498910675,
Meadowlark Restaurant,4.5,New Hope,Pennsylvania,Republican,45.2,158929.0,,
Brioche Doree Concourse A,2.0,Saint Louis,Missouri,Democrat,,55279.0,,
Dunkin',2.5,Philadelphia,Pennsylvania,Democrat,36.4,60698.0,1715.4754572988052,4517.0
McDonald's,1.0,Nashville,Tennessee,Democrat,51.2,75197.0,1803.1395088912257,537.0
Wawa,4.0,Souderton,Pennsylvania,Democrat,55.4,85625.0,,
Zigi Cafe,4.0,Tampa,Florida,Republican,39.6,71302.0,2011.9116084311615,1284.0
The Creole Creamery,4.5,Metairie,Louisiana,Republican,31.2,73256.0,1645.3324786324786,
Crave Coffee House,4.0,Saint Louis,Missouri,Democrat,,55279.0,,
Wawa,3.5,Philadelphia,Pennsylvania,Democrat,36.4,60698.0,1715.4754572988052,4517.0
Tunisian Sweet,5.0,Temple Terrace,Florida,Republican,39.6,65756.0,1778.454415954416,
Dunkin',1.5,Newark,Delaware,Democrat,38.7,71373.0,2153.965643274854,
Dunkin',2.0,Indianapolis,Indiana,Democrat,35.3,62995.0,1376.034945102525,913.0
Coffee Culture,3.5,Clearwater,Florida,Republican,38.5,64440.0,1956.247155052128,1727.0
Wawa,3.0,Plant City,Florida,Republican,39.6,64536.0,2014.522077922078,
Safeway,3.5,Tucson,Arizona,Democrat,37.9,54546.0,1468.4007810603507,904.0
Brew-Haha,4.0,Wilmington,Delaware,Democrat,38.7,55269.0,1756.0830026455026,
The Random Tea Room & Curiosity Shop,4.5,Philadelphia,Pennsylvania,Democrat,36.4,60698.0,1715.4754572988052,4517.0
McDonald's,1.0,St. Louis,Missouri,Democrat,46.7,55279.0,,1943.0
Pieces of Treats,4.5,Clearwater,Florida,Republican,38.5,64440.0,1956.247155052128,1727.0
Naked Farmer,5.0,St.Petersburg,Florida,Republican,,71302.0,,
Armetta's Gelato & Caffè,4.5,Apollo Beach,Florida,Republican,39.6,113130.0,2339.319035947712,
McDonald's,2.0,Philadelphia,Pennsylvania,Democrat,36.4,60698.0,1715.4754572988052,4517.0
Sabu's Coffee,4.0,Saint Louis,Missouri,Democrat,,55279.0,,
Starbucks,2.0,Nashville,Tennessee,Democrat,51.2,75197.0,1803.1395088912257,537.0
Common Grounds Coffeehouse & Cafe,3.5,Gretna,Louisiana,Republican,31.2,46045.0,1570.4761904761906,
Funkyard,4.0,Indianapolis,Indiana,Democrat,35.3,62995.0,1376.034945102525,913.0
PJ's Coffee,3.5,Metairie,Louisiana,Republican,31.2,73256.0,1645.3324786324786,
Grubhouse,4.0,Philadelphia,Pennsylvania,Democrat,36.4,60698.0,1715.4754572988052,4517.0
Duck Donuts,4.5,Collegeville,Pennsylvania,Democrat,55.4,88992.0,2583.753703703704,
Sacred Grounds,4.0,Edwardsville,Illinois,Republican,32.0,92671.0,1571.0952380952378,
Dunkin',2.5,Pasadena,Florida,Republican,,71302.0,,
Dunkin',2.5,Kenneth City,Florida,Republican,38.5,49375.0,,
7-Eleven,3.5,Saint Louis,Missouri,Democrat,,55279.0,,
One Shot Coffee,4.0,Philadelphia,Pennsylvania,Democrat,36.4,60698.0,1715.4754572988052,4517.0
Starbucks,3.5,Hazelwood,Missouri,Democrat,46.7,55930.0,1394.4166666666667,
Joe Coffee Company,4.0,Philadelphia,Pennsylvania,Democrat,36.4,60698.0,1715.4754572988052,4517.0
Café Con Leche,4.5,Tucson,Arizona,Democrat,37.9,54546.0,1468.4007810603507,904.0
McDonald's,2.0,Boise,Idaho,Republican,46.3,76402.0,1769.288449703903,
Tempered Fine Chocolates,4.5,Nashville,Tennessee,Democrat,51.2,75197.0,1803.1395088912257,537.0
King State,4.5,Tampa,Florida,Republican,39.6,71302.0,2011.9116084311615,1284.0
7-Eleven,2.5,Carpinteria,California,Democrat,38.6,104233.0,4234.166666666667,
Teavana,3.5,Newark,Delaware,Democrat,38.7,71373.0,2153.965643274854,
Krispy Kreme,3.0,Fairview Heights,Illinois,Democrat,34.2,77960.0,892.5,
Tribe Cafe,3.0,Philadelphia,Pennsylvania,Democrat,36.4,60698.0,1715.4754572988052,4517.0
Panera Bread,3.0,Wynnewood,Pennsylvania,Democrat,55.4,214857.0,2129.761111111111,
Cafe Couleur,5.0,Philadelphia,Pennsylvania,Democrat,36.4,60698.0,1715.4754572988052,4517.0
McDonald's,1.5,Philadelphia,Pennsylvania,Democrat,36.4,60698.0,1715.4754572988052,4517.0
The Daily Grind,3.5,Santa Barbara,California,Democrat,38.6,101672.0,3646.9091098603294,
Two Ladies Bakery,4.0,Southampton,Pennsylvania,Republican,,60698.0,2500.0,
Dunkin',4.0,Wilmington,Delaware,Democrat,38.7,55269.0,1756.0830026455026,
Jack's Bistro & Famous Bagels,3.5,Carpinteria,California,Democrat,38.6,104233.0,4234.166666666667,
HubBub Coffee,4.0,Radnor,Pennsylvania,Democrat,,60698.0,,
Fresh Sushi Pho,4.0,Tucson,Arizona,Democrat,37.9,54546.0,1468.4007810603507,904.0
Velocity Café & Cyclery,3.5,Saint Louis,Missouri,Democrat,,55279.0,,
Starbucks,2.0,Sparks,Nevada,Democrat,37.3,86979.0,1964.762212770985,
Barnes & Noble @ Temple University Law School,2.0,Philadelphia,Pennsylvania,Democrat,36.4,60698.0,1715.4754572988052,4517.0
Dunkin',3.5,Philadelphia,Pennsylvania,Democrat,36.4,60698.0,1715.4754572988052,4517.0
McDonald's,1.5,Nashville,Tennessee,Democrat,51.2,75197.0,1803.1395088912257,537.0
Wawa,3.5,Downingtown,Pennsylvania,Democrat,58.0,82292.0,2333.066666666667,
Starbucks,3.0,Clementon,New Jersey,Democrat,38.8,69536.0,1982.5,
The Tricycle Cafe & Bikes,4.5,Conshohocken,Pennsylvania,Democrat,55.4,117330.0,2378.5670794633643,
Kolache Factory,4.5,Carmel,Indiana,Republican,62.7,134602.0,1827.6327732974908,
Bongo Java,3.5,Nashville,Tennessee,Democrat,51.2,75197.0,1803.1395088912257,537.0
Northwest Coffee Roasting Company,4.0,Saint Louis,Missouri,Democrat,,55279.0,,
Dunkin',2.5,Newark,Delaware,Democrat,38.7,71373.0,2153.965643274854,
7-Eleven,1.0,Tucson,Arizona,Democrat,37.9,54546.0,1468.4007810603507,904.0
Los Arroyos Mexican Restaurant & Take Out,3.5,Montecito,California,Democrat,38.6,222966.0,,
Dunkin',2.0,Berlin,New Jersey,Democrat,38.8,101008.0,,
Proving Ground,4.5,Columbia,Illinois,Republican,,107922.0,,
The Hot Tomato Riverview,3.0,Riverview,Florida,Republican,39.6,95442.0,2171.145685305324,
McDonald's,1.5,Doylestown,Pennsylvania,Republican,,93672.0,2597.1666666666665,
McDonald's,2.5,Magnolia,New Jersey,Democrat,38.8,89489.0,,
Cosmic Coffee,4.5,Sparks,Nevada,Democrat,37.3,86979.0,1964.762212770985,
Ohana Fresh,4.5,Palm Harbor,Florida,Republican,38.5,75354.0,1901.0656790123455,
LOKUM Turkish Delight & Baklava,4.5,Santa Barbara,California,Democrat,38.6,101672.0,3646.9091098603294,
Classic Rock Coffee - Reno,4.5,Reno,Nevada,Democrat,37.3,78448.0,1895.051309846432,920.0
The Rooster Diner,4.5,Media,Pennsylvania,Democrat,44.4,86219.0,1922.0873015873012,
De Lucia Italian Bakery Cafe,4.0,St Petersburg,Florida,Republican,,71302.0,2063.6960586694618,
Dose Café & Dram Bar,4.5,Nashville,Tennessee,Democrat,51.2,75197.0,1803.1395088912257,537.0
Luxor Cafe & Hookah Lounge,4.5,Philadelphia,Pennsylvania,Democrat,36.4,60698.0,1715.4754572988052,4517.0
Crepes in the City,5.0,Saint Louis,Missouri,Democrat,,55279.0,,
7-Eleven,2.0,Bryn Mawr,Pennsylvania,Democrat,55.4,87218.0,2184.9999999999995,
Wawa,3.0,Riverview,Florida,Republican,39.6,95442.0,2171.145685305324,
Wawa,3.0,Philadelphia,Pennsylvania,Democrat,36.4,60698.0,1715.4754572988052,4517.0
The Farmhouse Coffee & Espresso Bar,4.0,Downingtown,Pennsylvania,Democrat,58.0,82292.0,2333.066666666667,
Dunkin',2.0,Philadelphia,Pennsylvania,Democrat,36.4,60698.0,1715.4754572988052,4517.0
Dunkin',3.0,Langhorne,Pennsylvania,Republican,45.2,95568.0,2732.1,
La Colombe Coffee,3.5,Bryn Mawr,Pennsylvania,Democrat,55.4,87218.0,2184.9999999999995,
7-Eleven,2.5,Santa Barbara,California,Democrat,38.6,101672.0,3646.9091098603294,
Honor Market,4.5,Santa Barbara,California,Democrat,38.6,101672.0,3646.9091098603294,
Starbucks,4.0,St. Louis,Missouri,Democrat,46.7,55279.0,,1943.0
Take Three Cafe,4.5,Tampa,Florida,Republican,39.6,71302.0,2011.9116084311615,1284.0
Starbucks,2.5,Tampa,Florida,Republican,39.6,71302.0,2011.9116084311615,1284.0
Oxford Exchange,4.5,Tampa,Florida,Republican,39.6,71302.0,2011.9116084311615,1284.0
Dunkin',2.5,Philadelphia,Pennsylvania,Democrat,36.4,60698.0,1715.4754572988052,4517.0
Park Island Brew,5.0,New Orleans,Louisiana,Democrat,43.3,55339.0,1635.4273395346563,892.0
Dunkin',3.0,Clearwater,Florida,Republican,38.5,64440.0,1956.247155052128,1727.0
Java Kava Cafe,5.0,Largo,Florida,Republican,38.5,60465.0,1787.582052090859,
MamaLus Bagel Shop,3.0,Trappe,Pennsylvania,Democrat,55.4,123355.0,,
Starbucks,3.5,Hermitage,Tennessee,Democrat,,75197.0,,
Dunkin',2.0,Nashville,Tennessee,Democrat,51.2,75197.0,1803.1395088912257,537.0
Einstein Bros. Bagels,3.0,Saint Petersburg,Florida,Republican,,71302.0,,
Wawa,3.0,North Wales,Pennsylvania,Democrat,55.4,115833.0,1930.419047619048,
Starbucks,4.0,Tampa,Florida,Republican,39.6,71302.0,2011.9116084311615,1284.0
Bree'osh,4.5,Santa Barbara,California,Democrat,38.6,101672.0,3646.9091098603294,
Lucky Penny,4.0,Santa Barbara,California,Democrat,38.6,101672.0,3646.9091098603294,
Starbucks,2.0,New Orleans,Louisiana,Democrat,43.3,55339.0,1635.4273395346563,892.0
7-Eleven,2.5,Santa Barbara,California,Democrat,38.6,101672.0,3646.9091098603294,
Victoria's Bagel Bistro,4.0,Mount Laurel,New Jersey,Democrat,,91000.0,,
Dunkin',3.0,Brookhaven,Pennsylvania,Democrat,44.4,96393.0,,
Humphreys Street Coffee Shop,4.5,Nashville,Tennessee,Democrat,51.2,75197.0,1803.1395088912257,537.0
Starbucks,3.5,New Hope,Pennsylvania,Republican,45.2,158929.0,,
Philadelphia Provision,3.5,Stratford,New Jersey,Democrat,38.8,100735.0,,
Island Joe's Beach Cafe,4.5,Madeira Beach,Florida,Republican,38.5,79798.0,2394.3888888888887,
Rift Valley Grocery Store,4.5,Philadelphia,Pennsylvania,Democrat,36.4,60698.0,1715.4754572988052,4517.0
Starbucks,2.5,Harahan,Louisiana,Republican,31.2,78222.0,1320.2777777777776,
DAVIDsTEA,4.0,King of Prussia,Pennsylvania,Democrat,55.4,86149.0,2166.7329901329904,
McDonald's,1.5,St. Louis,Missouri,Democrat,46.7,55279.0,,1943.0
Egg,4.5,Saint Louis,Missouri,Democrat,,55279.0,,
Remedy Tea Bar,4.0,Philadelphia,Pennsylvania,Democrat,36.4,60698.0,1715.4754572988052,4517.0
Peet's Coffee & Tea,3.0,Sparks,Nevada,Democrat,37.3,86979.0,1964.762212770985,
Starbucks,3.0,St. Louis,Missouri,Democrat,46.7,55279.0,,1943.0
We Blend Cafe,5.0,Belle Chasse,Louisiana,Republican,,96381.0,1900.0,
McDonald's,1.0,Tucson,Arizona,Democrat,37.9,54546.0,1468.4007810603507,904.0
Wawa,4.0,Clearwater,Florida,Republican,38.5,64440.0,1956.247155052128,1727.0
Dunkin',2.5,Media,Pennsylvania,Democrat,44.4,86219.0,1922.0873015873012,
Le Viet Cafe,2.5,New Orleans,Louisiana,Democrat,43.3,55339.0,1635.4273395346563,892.0
McDonald's,2.0,Indianapolis,Indiana,Democrat,35.3,62995.0,1376.034945102525,913.0
Wawa,3.0,West Berlin,New Jersey,Democrat,38.8,75000.0,,
Panera Bread,2.5,Broomall,Pennsylvania,Democrat,44.4,114844.0,,
Brew Ha Ha!,3.5,Philadelphia,Pennsylvania,Democrat,36.4,60698.0,1715.4754572988052,4517.0
Fresh Donuts,5.0,Philadelphia,Pennsylvania,Democrat,36.4,60698.0,1715.4754572988052,4517.0
Lizzie Bob's Bakery,3.5,Fairview Heights,Illinois,Democrat,34.2,77960.0,892.5,
Dunkin',3.5,Linwood,Pennsylvania,Democrat,44.4,76077.0,,
Hot Donut,4.5,Tampa,Florida,Republican,39.6,71302.0,2011.9116084311615,1284.0
Puccino's Coffee,2.5,Metairie,Louisiana,Republican,31.2,73256.0,1645.3324786324786,
Starbucks,4.0,Kenner,Louisiana,Republican,31.2,64099.0,1663.6666666666667,
Starbucks,3.0,Santa Barbara,California,Democrat,38.6,101672.0,3646.9091098603294,
Country Squire Diner,2.0,Broomall,Pennsylvania,Democrat,44.4,114844.0,,
McDonald's,1.5,Camby,Indiana,Democrat,,62995.0,,
Volo Coffeehouse,4.5,Philadelphia,Pennsylvania,Democrat,36.4,60698.0,1715.4754572988052,4517.0
McDonald's,1.5,Saint Petersburg,Florida,Republican,,71302.0,,
Sunny Street Cafe,3.5,Des Peres,Missouri,Democrat,46.7,214167.0,,
Dunkin',2.5,Wilmington,Delaware,Democrat,38.7,55269.0,1756.0830026455026,
H&L Deli,4.5,Norristown,Pennsylvania,Democrat,55.4,65058.0,1698.5733057280884,
Corvid's Cafe,4.5,Saint Louis,Missouri,Democrat,,55279.0,,
McDonald's,2.0,Tucson,Arizona,Democrat,37.9,54546.0,1468.4007810603507,904.0
McDonald's,1.5,Joelton,Tennessee,Democrat,,75197.0,,
Old Hickory Bistro,4.5,Old Hickory,Tennessee,Democrat,,75197.0,,
Rise'n Roll Bakery,4.5,Fishers,Indiana,Republican,62.7,128141.0,1951.650886475448,
McDonald's,2.0,Wilmington,Delaware,Democrat,38.7,55269.0,1756.0830026455026,
Lost Bread Co.,4.5,Philadelphia,Pennsylvania,Democrat,36.4,60698.0,1715.4754572988052,4517.0
OCF Coffee House,4.0,Philadelphia,Pennsylvania,Democrat,36.4,60698.0,1715.4754572988052,4517.0
Kaleisia Tea Lounge,4.5,Tampa,Florida,Republican,39.6,71302.0,2011.9116084311615,1284.0
Sweet Katie Bee's Organic Bakery Café,4.5,O'Fallon,Illinois,Democrat,34.2,102793.0,,
Royal Boba,4.5,Nashville,Tennessee,Democrat,51.2,75197.0,1803.1395088912257,537.0
Wawa,2.5,Gibbsboro,New Jersey,Democrat,38.8,99881.0,,
Kat & Me,3.5,St Charles,Missouri,Republican,,55279.0,1491.3683067231457,
Hubbard & Cravens Coffee And Tea,4.5,Indianapolis,Indiana,Democrat,35.3,62995.0,1376.034945102525,913.0
Spudnuts Donuts,3.5,Goleta,California,Democrat,38.6,118039.0,3642.484920634921,
PJ's Coffee,3.5,New Orleans,Louisiana,Democrat,43.3,55339.0,1635.4273395346563,892.0
City Market,3.5,Lambertville,New Jersey,Republican,57.7,106236.0,2700.0,
Dose Coffee & Tea,4.0,Nashville,Tennessee,Democrat,51.2,75197.0,1803.1395088912257,537.0
De La Coeur Café et Pâtisserie,4.5,Wilmington,Delaware,Democrat,38.7,55269.0,1756.0830026455026,
Wawa,4.5,Wesley Chapel,Florida,Republican,31.3,107004.0,2225.93855222764,
McDonald's,1.0,St Louis,Missouri,Democrat,,55279.0,1297.475912635836,
Caluda's Cottage Catering,4.5,New Orleans,Louisiana,Democrat,43.3,55339.0,1635.4273395346563,892.0
McDonald's,1.5,Stanton,Delaware,Democrat,,55269.0,,
Einstein Bros Bagels,3.0,Tampa,Florida,Republican,39.6,71302.0,2011.9116084311615,1284.0
Cafe Audrey at the Fort,4.0,Indianapolis,Indiana,Democrat,35.3,62995.0,1376.034945102525,913.0
Icing Cafe,4.5,Saint Louis,Missouri,Democrat,,55279.0,,
McDonald's,1.5,Meridian,Idaho,Republican,46.3,98686.0,2015.2290262803235,
Starbucks,3.0,St. Louis,Missouri,Democrat,46.7,55279.0,,1943.0
House of Coffee,3.5,Buckingham,Pennsylvania,Republican,,60698.0,,
Starbucks,2.5,Philadelphia,Pennsylvania,Democrat,36.4,60698.0,1715.4754572988052,4517.0
Moxie Java and More,4.0,Boise,Idaho,Republican,46.3,76402.0,1769.288449703903,
Wawa,3.0,Glenolden,Pennsylvania,Democrat,44.4,71145.0,,
Holey Schmidt Donuts,4.0,Reno,Nevada,Democrat,37.3,78448.0,1895.051309846432,920.0
Dunkin',2.5,Fort Washington,Pennsylvania,Democrat,55.4,159302.0,,
Starbucks,3.0,New Orleans,Louisiana,Democrat,43.3,55339.0,1635.4273395346563,892.0
Metairie PJ's,3.0,Metairie,Louisiana,Republican,31.2,73256.0,1645.3324786324786,
Courthouse Cafe,3.0,Reno,Nevada,Democrat,37.3,78448.0,1895.051309846432,920.0
Wawa,3.5,Wayne,Pennsylvania,Democrat,44.4,143981.0,2133.833333333333,
Starbucks,3.0,Sparks,Nevada,Democrat,37.3,86979.0,1964.762212770985,
Substance Diner,4.5,Tucson,Arizona,Democrat,37.9,54546.0,1468.4007810603507,904.0
Mr. Wish USA,4.5,Philadelphia,Pennsylvania,Democrat,36.4,60698.0,1715.4754572988052,4517.0
Caffeinated Bakery,4.5,Clearwater,Florida,Republican,38.5,64440.0,1956.247155052128,1727.0
OR Smoothie and Cafe,4.0,Richmond Heights,Missouri,Democrat,46.7,90670.0,1542.0238095238094,
Dunkin',2.0,Odessa,Florida,Republican,31.3,116870.0,2102.758441558442,
Park Avenue Coffee - The Hill,4.5,Saint Louis,Missouri,Democrat,,55279.0,,
McDonald's,1.5,Goodlettsville,Tennessee,Republican,35.1,65898.0,1786.8333333333333,
McDonald's,1.5,Hendersonville,Tennessee,Republican,35.1,91503.0,1604.2083028083027,
Wawa,2.5,Upper Darby,Pennsylvania,Democrat,,60698.0,1262.75,
Mosto,4.0,Santa Barbara,California,Democrat,38.6,101672.0,3646.9091098603294,
New Orleans Daquiries,5.0,Gretna,Louisiana,Republican,31.2,46045.0,1570.4761904761906,
Walnut Bridge Coffee House,4.0,Philadelphia,Pennsylvania,Democrat,36.4,60698.0,1715.4754572988052,4517.0
35 Below,4.0,Tampa,Florida,Republican,39.6,71302.0,2011.9116084311615,1284.0
McDonald's,1.5,White House,Tennessee,Republican,24.5,87315.0,1801.2055555555555,
McDonald's,1.5,Clearwater,Florida,Republican,38.5,64440.0,1956.247155052128,1727.0
PJ's Coffee,3.0,New Orleans,Louisiana,Democrat,43.3,55339.0,1635.4273395346563,892.0
Waffle House,4.0,Granite City,Illinois,Republican,32.0,60490.0,,
Alice's Restaurant,3.0,Tucson,Arizona,Democrat,37.9,54546.0,1468.4007810603507,904.0
Form & Function,4.0,Boise,Idaho,Republican,46.3,76402.0,1769.288449703903,
Le Pain Quotidien,3.5,Philadelphia,Pennsylvania,Democrat,36.4,60698.0,1715.4754572988052,4517.0
The Bayou Cafe,4.0,Tarpon Springs,Florida,Republican,38.5,68877.0,2048.196581196581,
Dunkin',3.5,Philadelphia,Pennsylvania,Democrat,36.4,60698.0,1715.4754572988052,4517.0
Starbucks,3.5,Kennett Square,Pennsylvania,Democrat,58.0,74259.0,2455.2000000000003,
Rosie’s Coffee at Villanova Station,4.5,Villanova,Pennsylvania,Democrat,55.4,250001.0,,
Wawa,2.5,Bala Cynwyd,Pennsylvania,Democrat,55.4,144453.0,,
Sweet EM's Coffee And Ice Cream,4.5,St. Louis,Missouri,Democrat,46.7,55279.0,,1943.0
The Tohono Chul Park Tea Room,3.5,Tucson,Arizona,Democrat,37.9,54546.0,1468.4007810603507,904.0
Bella’s Gelato Shoppe,4.5,Tucson,Arizona,Democrat,37.9,54546.0,1468.4007810603507,904.0
Sonata Cafe Bar & Art,3.5,Carmel,Indiana,Republican,62.7,134602.0,1827.6327732974908,
Jeannine's Bakery & Restaurant,4.5,Montecito,California,Democrat,38.6,222966.0,,
Starbucks,2.5,Santa Barbara,California,Democrat,38.6,101672.0,3646.9091098603294,
Addicted To The Bean,4.5,St Petersburg,Florida,Republican,,71302.0,2063.6960586694618,
Simply Delicious by Tina,5.0,Jamison,Pennsylvania,Republican,,60698.0,,
Grassroots Kava House - Seminole Heights,4.5,Tampa,Florida,Republican,39.6,71302.0,2011.9116084311615,1284.0
TalkHouse Trinity,5.0,Trinity,Florida,Republican,31.3,113125.0,,
Dunkin' Donuts,3.0,Lansdale,Pennsylvania,Democrat,55.4,86460.0,1966.2497212931996,
Bagel Train,4.5,Yardley,Pennsylvania,Republican,45.2,118750.0,2695.7000000000003,
Wired Coffee Company,4.0,Hendersonville,Tennessee,Republican,35.1,91503.0,1604.2083028083027,
Starbucks,2.5,Sparks,Nevada,Democrat,37.3,86979.0,1964.762212770985,
El Bochinche Restaurante,2.5,Philadelphia,Pennsylvania,Democrat,36.4,60698.0,1715.4754572988052,4517.0
Starbucks,3.0,Gallatin,Tennessee,Republican,35.1,73589.0,1688.3159523809525,
Starbucks,3.5,St. Petersburg,Florida,Republican,38.5,73118.0,,1632.0
Starbucks,2.0,Cherry Hill,New Jersey,Democrat,38.8,91000.0,2419.9864433811804,
McDonald's,1.5,Florissant,Missouri,Democrat,46.7,66344.0,1490.5542857142857,
Raindrop Cafe,4.0,Philadelphia,Pennsylvania,Democrat,36.4,60698.0,1715.4754572988052,4517.0
Java etc.,3.0,Reno,Nevada,Democrat,37.3,78448.0,1895.051309846432,920.0
COSI,2.5,Philadelphia,Pennsylvania,Democrat,36.4,60698.0,1715.4754572988052,4517.0
Einstein Bros Bagels,2.0,Boise,Idaho,Republican,46.3,76402.0,1769.288449703903,
Starbucks,5.0,Odessa,Florida,Republican,31.3,116870.0,2102.758441558442,
Wow Wow  Hawaiian Lemonade,5.0,Oro Valley,Arizona,Democrat,37.9,105342.0,1923.6564327485376,
Starbucks,2.0,Metairie,Louisiana,Republican,31.2,73256.0,1645.3324786324786,
McDonald's,1.5,Tucson,Arizona,Democrat,37.9,54546.0,1468.4007810603507,904.0
Broad Street Cider,5.0,New Orleans,Louisiana,Democrat,43.3,55339.0,1635.4273395346563,892.0
Peddler Coffee,4.5,Philadelphia,Pennsylvania,Democrat,36.4,60698.0,1715.4754572988052,4517.0
Fatoush,3.5,New Orleans,Louisiana,Democrat,43.3,55339.0,1635.4273395346563,892.0
Starbucks,3.0,Chesterfield,Missouri,Democrat,46.7,133380.0,1689.8092691622105,
Revelator at American Can,4.5,New Orleans,Louisiana,Democrat,43.3,55339.0,1635.4273395346563,892.0
McDonald's,2.5,Reno,Nevada,Democrat,37.3,78448.0,1895.051309846432,920.0
Philly Fair Trade Roasters,3.5,Philadelphia,Pennsylvania,Democrat,36.4,60698.0,1715.4754572988052,4517.0
McDonald's,1.5,St. Petersburg,Florida,Republican,38.5,73118.0,,1632.0
Bagel Bistro,3.0,West Chester,Pennsylvania,Democrat,58.0,81492.0,2121.137626262627,
McDonald's,1.5,Dover,Florida,Republican,39.6,42222.0,,
Cummel's Cafe & Coffee,4.0,Saint Louis,Missouri,Democrat,,55279.0,,
McDonald's,1.5,Nashville,Tennessee,Democrat,51.2,75197.0,1803.1395088912257,537.0
Wawa,3.0,Pipersville,Pennsylvania,Republican,,60698.0,,
French Truck Coffee,4.5,New Orleans,Louisiana,Democrat,43.3,55339.0,1635.4273395346563,892.0
Little Gourmand,4.5,Berry Hill,Tennessee,Democrat,51.2,76709.0,,
St. Louis Bubble Tea,3.5,Saint Louis,Missouri,Democrat,,55279.0,,
La Brea Bakery,2.5,Reno,Nevada,Democrat,37.3,78448.0,1895.051309846432,920.0
The Blind Tiger Cafe - Brandon Mall,4.5,Brandon,Florida,Republican,39.6,77068.0,1944.9896640826876,
The Basement,4.0,Reno,Nevada,Democrat,37.3,78448.0,1895.051309846432,920.0
Foundation Coffee,5.0,Indianapolis,Indiana,Democrat,35.3,62995.0,1376.034945102525,913.0
McDonald's,1.5,Tucson,Arizona,Democrat,37.9,54546.0,1468.4007810603507,904.0
Starbucks,3.5,Broomall,Pennsylvania,Democrat,44.4,114844.0,,
Dunkin',2.0,Philadelphia,Pennsylvania,Democrat,36.4,60698.0,1715.4754572988052,4517.0
McDonald's,2.0,Sparks,Nevada,Democrat,37.3,86979.0,1964.762212770985,
Caffe Caffe - Metairie,4.0,Metairie,Louisiana,Republican,31.2,73256.0,1645.3324786324786,
Dunkin',2.0,Willingboro,New Jersey,Democrat,,91000.0,,
Panera Bread,2.0,Nashville,Tennessee,Democrat,51.2,75197.0,1803.1395088912257,537.0
Paris Baguette,3.5,Philadelphia,Pennsylvania,Democrat,36.4,60698.0,1715.4754572988052,4517.0
Main Squeeze Juice Co.,4.0,Metairie,Louisiana,Republican,31.2,73256.0,1645.3324786324786,
McDonald's,2.0,Southampton,Pennsylvania,Republican,,60698.0,2500.0,
McDonald's,1.0,Metairie,Louisiana,Republican,31.2,73256.0,1645.3324786324786,
Corner Bakery,3.0,Philadelphia,Pennsylvania,Democrat,36.4,60698.0,1715.4754572988052,4517.0
White Bison Coffee,3.5,Nashville,Tennessee,Democrat,51.2,75197.0,1803.1395088912257,537.0
Cafe Con Leche,4.0,Newtown,Pennsylvania,Republican,45.2,146765.0,2431.944444444445,
Wawa,3.0,Wilmington,Delaware,Democrat,38.7,55269.0,1756.0830026455026,
Tukro Coffee,5.0,Dunedin,Florida,Republican,38.5,68068.0,2087.5775446775447,
McDonald's,2.5,Largo,Florida,Republican,38.5,60465.0,1787.582052090859,
Kolache Factory,4.0,Indianapolis,Indiana,Democrat,35.3,62995.0,1376.034945102525,913.0
The Muse,3.0,Nashville,Tennessee,Democrat,51.2,75197.0,1803.1395088912257,537.0
Dunkin',2.0,New Hope,Pennsylvania,Republican,45.2,158929.0,,
Jersey Bagel Cafe and Pizza,3.0,Willingboro,New Jersey,Democrat,,91000.0,,
Dunkin',3.0,Claymont,Delaware,Democrat,38.7,75808.0,1550.7222222222224,
The Cruising Smoothie,3.5,Tampa,Florida,Republican,39.6,71302.0,2011.9116084311615,1284.0
Starbucks,3.5,Tampa,Florida,Republican,39.6,71302.0,2011.9116084311615,1284.0
The Blind Tiger Cafe - Sparkman Wharf,3.5,Tampa,Florida,Republican,39.6,71302.0,2011.9116084311615,1284.0
Edna's Eatery,4.0,Tucson,Arizona,Democrat,37.9,54546.0,1468.4007810603507,904.0
BARcelona Tapas Restaurant- Indianapolis,3.5,Indianapolis,Indiana,Democrat,35.3,62995.0,1376.034945102525,913.0
M's Coffee & Cafe,3.0,New Orleans,Louisiana,Democrat,43.3,55339.0,1635.4273395346563,892.0
St. Pete Coffee Tour,4.5,St Petersburg,Florida,Republican,,71302.0,2063.6960586694618,
Eggshell Bistro,4.0,Carmel,Indiana,Republican,62.7,134602.0,1827.6327732974908,
McDonald's,2.0,Willingboro,New Jersey,Democrat,,91000.0,,
Dunkin',1.5,Stowe,Pennsylvania,Democrat,,79875.0,,
McDonald's,2.5,Souderton,Pennsylvania,Democrat,55.4,85625.0,,
GloriRod's Coffee Shop,4.5,Tampa,Florida,Republican,39.6,71302.0,2011.9116084311615,1284.0
Jezabel's,3.5,Philadelphia,Pennsylvania,Democrat,36.4,60698.0,1715.4754572988052,4517.0
Banh Mi Boba Tea & Creperie,3.0,Saint Louis,Missouri,Democrat,,55279.0,,
Storming Crab - Kirkwood,4.0,Kirkwood,Missouri,Democrat,46.7,117439.0,2012.5779645191408,
Murph's Corner Brew,4.0,Boise,Idaho,Republican,46.3,76402.0,1769.288449703903,
THAI Chili Pepper,4.0,Lutz,Florida,Republican,39.6,114516.0,2055.789287749288,
Rival Bros Coffee,4.0,Philadelphia,Pennsylvania,Democrat,36.4,60698.0,1715.4754572988052,4517.0
Sisters Tea House & Gift Shop,2.5,Fenton,Missouri,Democrat,46.7,97991.0,1656.9047619047622,
Circle K,1.5,Tucson,Arizona,Democrat,37.9,54546.0,1468.4007810603507,904.0
Dunkin',2.0,Saint Petersburg,Florida,Republican,,71302.0,,
Dunkin' Donuts,1.0,Kenner,Louisiana,Republican,31.2,64099.0,1663.6666666666667,
Alaska Klondike Coffee,4.5,Florissant,Missouri,Democrat,46.7,66344.0,1490.5542857142857,
Willa's,4.5,Tampa,Florida,Republican,39.6,71302.0,2011.9116084311615,1284.0
Krispy Kreme,3.0,Sparks,Nevada,Democrat,37.3,86979.0,1964.762212770985,
Dunkin',3.0,Souderton,Pennsylvania,Democrat,55.4,85625.0,,
McDonald's,2.5,Indianapolis,Indiana,Democrat,35.3,62995.0,1376.034945102525,913.0
Starbucks,3.0,New Orleans,Louisiana,Democrat,43.3,55339.0,1635.4273395346563,892.0
Pour@322,4.5,Belleville,Illinois,Democrat,34.2,60529.0,1072.5014005602245,
Pneumatic Diner,4.0,Reno,Nevada,Democrat,37.3,78448.0,1895.051309846432,920.0
McDonald's,2.0,Indianapolis,Indiana,Democrat,35.3,62995.0,1376.034945102525,913.0
6 North Cafe,4.0,Saint Louis,Missouri,Democrat,,55279.0,,
McDonald's,1.5,Boothwyn,Pennsylvania,Democrat,44.4,83444.0,,
McDonald's,2.0,Nashville,Tennessee,Democrat,51.2,75197.0,1803.1395088912257,537.0
Santorini Greek Cafe,4.5,Tucson,Arizona,Democrat,37.9,54546.0,1468.4007810603507,904.0
Cafe Fuzion,5.0,Nashville,Tennessee,Democrat,51.2,75197.0,1803.1395088912257,537.0
Common Grounds,4.5,St. Petersburg,Florida,Republican,38.5,73118.0,,1632.0
Starbucks,3.5,Paoli,Pennsylvania,Democrat,58.0,117094.0,2429.0333333333333,
McDonald's,1.5,Belleville,Illinois,Democrat,34.2,60529.0,1072.5014005602245,
Lighthouse Coffee,5.0,Reno,Nevada,Democrat,37.3,78448.0,1895.051309846432,920.0
Starbucks,4.0,Zionsville,Indiana,Republican,53.1,159126.0,1692.1625,
Starbucks,4.0,Turnersville,New Jersey,Republican,37.6,156176.0,,
Cafe Brysi,3.0,Philadelphia,Pennsylvania,Democrat,36.4,60698.0,1715.4754572988052,4517.0
C N Bistro & Deli,3.0,Tucson,Arizona,Democrat,37.9,54546.0,1468.4007810603507,904.0
Constant Grind - Seminole Hard Rock Tampa,4.5,Tampa,Florida,Republican,39.6,71302.0,2011.9116084311615,1284.0
Madera Cafe,4.0,Nashville,Tennessee,Democrat,51.2,75197.0,1803.1395088912257,537.0
Dunkin',4.0,Chadds Ford,Pennsylvania,Democrat,58.0,169250.0,,
Wawa,2.0,Philadelphia,Pennsylvania,Democrat,36.4,60698.0,1715.4754572988052,4517.0
Oregon Trail Roasting Co,4.0,Belleville,Illinois,Democrat,34.2,60529.0,1072.5014005602245,
Cafe Beignet on Royal Street,4.0,New Orleans,Louisiana,Democrat,43.3,55339.0,1635.4273395346563,892.0
Sunset Cove,2.0,Sparks,Nevada,Democrat,37.3,86979.0,1964.762212770985,
Grindcore House,4.5,Philadelphia,Pennsylvania,Democrat,36.4,60698.0,1715.4754572988052,4517.0
Corner Cafe,5.0,Largo,Florida,Republican,38.5,60465.0,1787.582052090859,
Tiger Sugar,4.0,Philadelphia,Pennsylvania,Democrat,36.4,60698.0,1715.4754572988052,4517.0
Greenstreet Coffee Co.,4.5,Philadelphia,Pennsylvania,Democrat,36.4,60698.0,1715.4754572988052,4517.0
Green Table,4.5,Santa Barbara,California,Democrat,38.6,101672.0,3646.9091098603294,
Starbucks,3.0,Tampa,Florida,Republican,39.6,71302.0,2011.9116084311615,1284.0
Cocoaddiction,5.0,St. Pete Beach,Florida,Republican,38.5,108931.0,,
Susie Q's Frozen Yogurt and More,4.0,Marlton,New Jersey,Democrat,42.1,94160.0,,
Starbucks,3.0,Nashville,Tennessee,Democrat,51.2,75197.0,1803.1395088912257,537.0
Skif International,5.0,University City,Missouri,Democrat,46.7,76466.0,1582.4187134502924,
Saige Cafe,2.5,Philadelphia,Pennsylvania,Democrat,36.4,60698.0,1715.4754572988052,4517.0
The Hungry A,4.5,Springfield,Pennsylvania,Democrat,,60698.0,,
Xoom Juice,4.0,Tucson,Arizona,Democrat,37.9,54546.0,1468.4007810603507,904.0
Treehouse Café,4.5,Wilmington,Delaware,Democrat,38.7,55269.0,1756.0830026455026,
7-Eleven,3.0,Philadelphia,Pennsylvania,Democrat,36.4,60698.0,1715.4754572988052,4517.0
Dunkin',2.0,Pemberton,New Jersey,Democrat,,88333.0,,
Carmelita's Crazy Cravings,5.0,Reno,Nevada,Democrat,37.3,78448.0,1895.051309846432,920.0
Wawa,3.5,Hockessin,Delaware,Democrat,38.7,172695.0,3090.0,
Dunkin',2.0,Norristown,Pennsylvania,Democrat,55.4,65058.0,1698.5733057280884,
Starbucks,2.5,Jenkintown,Pennsylvania,Democrat,55.4,114306.0,1958.388888888889,
Dunkin',2.0,Tucson,Arizona,Democrat,37.9,54546.0,1468.4007810603507,904.0
7-Eleven,2.5,Reno,Nevada,Democrat,37.3,78448.0,1895.051309846432,920.0
Wawa,3.0,Claymont,Delaware,Democrat,38.7,75808.0,1550.7222222222224,
Zizzo's Coffeehouse,3.5,Goleta,California,Democrat,38.6,118039.0,3642.484920634921,
More Than Coffee,4.5,Manchester,Missouri,Democrat,46.7,92839.0,1347.8333333333333,
Cafe Beignet - Canal Street,4.0,New Orleans,Louisiana,Democrat,43.3,55339.0,1635.4273395346563,892.0
Puccino's Coffee,2.5,Harahan,Louisiana,Republican,31.2,78222.0,1320.2777777777776,
Black & Brew,4.0,Philadelphia,Pennsylvania,Democrat,36.4,60698.0,1715.4754572988052,4517.0
Starbucks,2.5,Sahuarita,Arizona,Democrat,37.9,100719.0,1911.47095959596,
Starbucks,2.5,Philadelphia,Pennsylvania,Democrat,36.4,60698.0,1715.4754572988052,4517.0
McDonald's,3.0,North Wales,Pennsylvania,Democrat,55.4,115833.0,1930.419047619048,
Starbucks,3.5,Dunedin,Florida,Republican,38.5,68068.0,2087.5775446775447,
Teavana,2.5,Nashville,Tennessee,Democrat,51.2,75197.0,1803.1395088912257,537.0
Caffe Craze,4.0,Malvern,Pennsylvania,Democrat,58.0,106638.0,2467.1635327635327,
Dunkin',2.0,Philadelphia,Pennsylvania,Democrat,36.4,60698.0,1715.4754572988052,4517.0
Starbucks,3.0,West Chester,Pennsylvania,Democrat,58.0,81492.0,2121.137626262627,
Cafe 128,4.0,Trenton,New Jersey,Democrat,47.3,47102.0,2197.5047619047623,
Dunkin',2.0,Philadelphia,Pennsylvania,Democrat,36.4,60698.0,1715.4754572988052,4517.0
Milk+Honey807,4.0,Wilmington,Delaware,Democrat,38.7,55269.0,1756.0830026455026,
Latté Lounge,4.5,Florissant,Missouri,Democrat,46.7,66344.0,1490.5542857142857,
McDonald's,2.0,Philadelphia,Pennsylvania,Democrat,36.4,60698.0,1715.4754572988052,4517.0
Sparks Coffee Shop,4.5,Sparks,Nevada,Democrat,37.3,86979.0,1964.762212770985,
Cafe Vinh Long,4.5,Philadelphia,Pennsylvania,Democrat,36.4,60698.0,1715.4754572988052,4517.0
The Spicemans Kitchen,4.5,Tarpon Springs,Florida,Republican,38.5,68877.0,2048.196581196581,
7-Eleven,2.5,Riverview,Florida,Republican,39.6,95442.0,2171.145685305324,
Tout De Suite Cafe,4.5,New Orleans,Louisiana,Democrat,43.3,55339.0,1635.4273395346563,892.0
Olive The World Bistro,4.5,Tarpon Springs,Florida,Republican,38.5,68877.0,2048.196581196581,
Starbucks - Reno,3.5,Reno,Nevada,Democrat,37.3,78448.0,1895.051309846432,920.0
Bluestone Lane,4.0,Philadelphia,Pennsylvania,Democrat,36.4,60698.0,1715.4754572988052,4517.0
biscuit & buns on banks,3.5,New Orleans,Louisiana,Democrat,43.3,55339.0,1635.4273395346563,892.0
Little Europe,4.0,Madeira Beach,Florida,Republican,38.5,79798.0,2394.3888888888887,
Sweet creams,4.0,Santa Barbara,California,Democrat,38.6,101672.0,3646.9091098603294,
Kavka Coffee,5.0,Indianapolis,Indiana,Democrat,35.3,62995.0,1376.034945102525,913.0
The Human Bean,4.0,Sparks,Nevada,Democrat,37.3,86979.0,1964.762212770985,
Dunkin',3.0,Riverview,Florida,Republican,39.6,95442.0,2171.145685305324,
Odyssey Coffee Shop,4.0,Philadelphia,Pennsylvania,Democrat,36.4,60698.0,1715.4754572988052,4517.0
SkyRoast Coffee,4.0,New Hope,Pennsylvania,Republican,45.2,158929.0,,
Craft Kafe,4.5,Saint Petersburg,Florida,Republican,,71302.0,,
McDonald's,2.0,Wilmington,Delaware,Democrat,38.7,55269.0,1756.0830026455026,
Starbucks,3.0,Tampa,Florida,Republican,39.6,71302.0,2011.9116084311615,1284.0
Tree view cafe,4.0,Philadelphia,Pennsylvania,Democrat,36.4,60698.0,1715.4754572988052,4517.0
McDonald's,2.0,St. Petersburg,Florida,Republican,38.5,73118.0,,1632.0
Starbucks,3.5,Tucson,Arizona,Democrat,37.9,54546.0,1468.4007810603507,904.0
Wawa,4.0,Tampa,Florida,Republican,39.6,71302.0,2011.9116084311615,1284.0
Erthe Coffee and Pizzeria,4.5,Hermitage,Tennessee,Democrat,,75197.0,,
Gryphon Cafe,4.0,Philadelphia,Pennsylvania,Democrat,36.4,60698.0,1715.4754572988052,4517.0
Starbucks,2.0,Brentwood,Tennessee,Republican,65.8,184720.0,2257.203703703704,
Stolen Sun,4.0,Exton,Pennsylvania,Democrat,58.0,121189.0,2224.408187134503,
Wawa,4.0,Bensalem,Pennsylvania,Republican,,60698.0,1804.6603174603176,
McDonald's,2.0,New Palestine,Indiana,Republican,35.9,93170.0,,
Sips,5.0,Hermitage,Tennessee,Democrat,,75197.0,,
Le Petit Cafe,5.0,Philadelphia,Pennsylvania,Democrat,36.4,60698.0,1715.4754572988052,4517.0
Vertical Coffee Roasters,4.5,Reno,Nevada,Democrat,37.3,78448.0,1895.051309846432,920.0
Perk It Up,4.5,Saint Louis,Missouri,Democrat,,55279.0,,
TeBella Tea Company,4.5,Tampa,Florida,Republican,39.6,71302.0,2011.9116084311615,1284.0
Dunkin',1.5,New Port Richey,Florida,Republican,31.3,46160.0,1753.8333333333333,
McDonald's,2.5,Cherry Hill,New Jersey,Democrat,38.8,91000.0,2419.9864433811804,
McDonald's,1.5,New Orleans,Louisiana,Democrat,43.3,55339.0,1635.4273395346563,892.0
Olde Town Spice Shoppe,4.5,Saint Charles,Missouri,Republican,,55279.0,,
Starbucks,3.5,Boise,Idaho,Republican,46.3,76402.0,1769.288449703903,
McDonald's,2.0,Franklin,Tennessee,Republican,65.8,115000.0,2052.104521404521,
Chez Pierre Bakery,4.0,Kenner,Louisiana,Republican,31.2,64099.0,1663.6666666666667,
Park Avenue Coffee - Lafayette Square,4.0,Saint Louis,Missouri,Democrat,,55279.0,,
McDonald's,3.0,Indianapolis,Indiana,Democrat,35.3,62995.0,1376.034945102525,913.0
A Cup Of Organic,5.0,San Antonio,Florida,Republican,31.3,89079.0,2199.8015873015875,
Ponte Coffee House,3.5,Philadelphia,Pennsylvania,Democrat,36.4,60698.0,1715.4754572988052,4517.0
Sip Cafe,4.5,Nashville,Tennessee,Democrat,51.2,75197.0,1803.1395088912257,537.0
McDonald's,2.0,Richboro,Pennsylvania,Republican,45.2,153691.0,,
Pj's Coffee,3.5,Harahan,Louisiana,Republican,31.2,78222.0,1320.2777777777776,
Mad Beach Mini Donuts,4.0,Madeira Beach,Florida,Republican,38.5,79798.0,2394.3888888888887,
Napoletano Brothers,5.0,Springfield,Pennsylvania,Democrat,,60698.0,,
Cafe Vino Tinto,4.5,Safety Harbor,Florida,Republican,38.5,105813.0,2389.1,
Dunkin',2.0,Nashville,Tennessee,Democrat,51.2,75197.0,1803.1395088912257,537.0
Mammamia Gelato - Italian Gelato,4.5,Carmel,Indiana,Republican,62.7,134602.0,1827.6327732974908,
McDonald's,2.0,Harleysville,Pennsylvania,Democrat,55.4,111530.0,,
Duck Donuts,4.0,Levittown,Pennsylvania,Republican,45.2,101619.0,1847.9166666666667,
7-Eleven,3.0,Reno,Nevada,Democrat,37.3,78448.0,1895.051309846432,920.0
Frutta Bowls,3.5,Philadelphia,Pennsylvania,Democrat,36.4,60698.0,1715.4754572988052,4517.0
The Cupcake Collection,4.5,Nashville,Tennessee,Democrat,51.2,75197.0,1803.1395088912257,537.0
Dunkin',1.5,Philadelphia,Pennsylvania,Democrat,36.4,60698.0,1715.4754572988052,4517.0
Beiler's Donuts,4.5,Philadelphia,Pennsylvania,Democrat,36.4,60698.0,1715.4754572988052,4517.0
Starbucks,2.5,Tampa,Florida,Republican,39.6,71302.0,2011.9116084311615,1284.0
Starbucks,3.0,New Orleans,Louisiana,Democrat,43.3,55339.0,1635.4273395346563,892.0
Antoine's Annex,3.5,New Orleans,Louisiana,Democrat,43.3,55339.0,1635.4273395346563,892.0
McDonald's,2.5,Manchester,Missouri,Democrat,46.7,92839.0,1347.8333333333333,
Wawa,3.5,Linwood,Pennsylvania,Democrat,44.4,76077.0,,
Crumbs Bake Shop,2.5,Philadelphia,Pennsylvania,Democrat,36.4,60698.0,1715.4754572988052,4517.0
VN Pho & Deli,4.5,Nashville,Tennessee,Democrat,51.2,75197.0,1803.1395088912257,537.0
Lovers & Madmen,3.5,Philadelphia,Pennsylvania,Democrat,36.4,60698.0,1715.4754572988052,4517.0
Starbucks,3.5,Hendersonville,Tennessee,Republican,35.1,91503.0,1604.2083028083027,
Farm To Toast,4.0,Dublin,Pennsylvania,Republican,45.2,80500.0,,
Banyan Cafe & Catering,4.0,Saint Petersburg,Florida,Republican,,71302.0,,
Dutch Bros Coffee,4.0,Tucson,Arizona,Democrat,37.9,54546.0,1468.4007810603507,904.0
Starbucks,3.0,St. Louis,Missouri,Democrat,46.7,55279.0,,1943.0
McDonald's,2.5,Darby,Pennsylvania,Democrat,44.4,45128.0,1571.25,
Orleans Coffee Espresso Bar,4.0,New Orleans,Louisiana,Democrat,43.3,55339.0,1635.4273395346563,892.0
Sebastian's Gourmet Cafe,3.0,Clearwater,Florida,Republican,38.5,64440.0,1956.247155052128,1727.0
San Giorgi's Coffee,4.5,Tucson,Arizona,Democrat,37.9,54546.0,1468.4007810603507,904.0
Elixr Coffee Roasters at ICA,4.5,Philadelphia,Pennsylvania,Democrat,36.4,60698.0,1715.4754572988052,4517.0
McDonald's,2.0,Hazelwood,Missouri,Democrat,46.7,55930.0,1394.4166666666667,
Dunkin',2.0,Roslyn,Pennsylvania,Democrat,55.4,91106.0,,
PJ's Coffee,3.5,New Orleans,Louisiana,Democrat,43.3,55339.0,1635.4273395346563,892.0
La Belle Vie Cafe,4.5,Saint Charles,Missouri,Republican,,55279.0,,
The Arcade Nashville,3.5,Nashville,Tennessee,Democrat,51.2,75197.0,1803.1395088912257,537.0
Coffee Collaborative,3.5,Isla Vista,California,Democrat,38.6,24428.0,9082.222222222224,
McDonald's,2.0,Philadelphia,Pennsylvania,Democrat,36.4,60698.0,1715.4754572988052,4517.0
Starbucks,2.5,Franklin,Tennessee,Republican,65.8,115000.0,2052.104521404521,
McDonald's,2.0,Carpinteria,California,Democrat,38.6,104233.0,4234.166666666667,
Wawa,3.5,Hatfield,Pennsylvania,Democrat,,72070.0,1615.111111111111,
McDonald's,1.5,New Orleans,Louisiana,Democrat,43.3,55339.0,1635.4273395346563,892.0
4th Street Cafe,4.0,Philadelphia,Pennsylvania,Democrat,36.4,60698.0,1715.4754572988052,4517.0
RIM Cafe,4.5,Philadelphia,Pennsylvania,Democrat,36.4,60698.0,1715.4754572988052,4517.0
Regency Cafe,3.5,Lansdowne,Pennsylvania,Democrat,44.4,69261.0,1439.3333333333333,
Levee Baking Co.,4.5,New Orleans,Louisiana,Democrat,43.3,55339.0,1635.4273395346563,892.0
Sunrise Cafe And Bake Shop,4.5,Bridgeport,Pennsylvania,Democrat,55.4,79247.0,1725.8333333333333,
Onyx East Nashville,4.0,Nashville,Tennessee,Democrat,51.2,75197.0,1803.1395088912257,537.0
McDonald's,2.0,Nashville,Tennessee,Democrat,51.2,75197.0,1803.1395088912257,537.0
McDonald's,2.5,Dunedin,Florida,Republican,38.5,68068.0,2087.5775446775447,
Dunkin',2.5,Langhorne,Pennsylvania,Republican,45.2,95568.0,2732.1,
Cream & Sugar,3.5,Philadelphia,Pennsylvania,Democrat,36.4,60698.0,1715.4754572988052,4517.0
Coffee Beanery,2.5,Philadelphia,Pennsylvania,Democrat,36.4,60698.0,1715.4754572988052,4517.0
McDonald's,1.5,Saint Louis,Missouri,Democrat,,55279.0,,
Coffee and Supply,4.5,Eagle,Idaho,Republican,46.3,118037.0,1985.2402777777777,
Tea's Me Cafe,4.5,Indianapolis,Indiana,Democrat,35.3,62995.0,1376.034945102525,913.0
Lakes Coffee,4.5,Medford Lakes,New Jersey,Democrat,42.1,151190.0,,
Starbucks,3.0,Creve Coeur,Missouri,Democrat,46.7,119454.0,1351.9381313131314,
Bahama Buck's,4.5,Odessa,Florida,Republican,31.3,116870.0,2102.758441558442,
McDonald's,2.0,Chalmette,Louisiana,Republican,,56875.0,1436.9444444444446,
Moxie Java Glenwood - Garden City,3.5,Garden City,Idaho,Republican,46.3,66859.0,1762.2539682539682,
Starbucks,2.5,Sparks,Nevada,Democrat,37.3,86979.0,1964.762212770985,
7-Eleven,2.5,Lutz,Florida,Republican,39.6,114516.0,2055.789287749288,
McDonald's,2.0,Woodbury Heights,New Jersey,Republican,37.6,130101.0,,
Commune,4.0,Tampa,Florida,Republican,39.6,71302.0,2011.9116084311615,1284.0
Bucks County Biscotti,5.0,Hilltown,Pennsylvania,Republican,,60698.0,,
Foundry Cafe & Market,4.5,Lebanon,Illinois,Democrat,34.2,84766.0,,
Tea Talk,3.5,Philadelphia,Pennsylvania,Democrat,36.4,60698.0,1715.4754572988052,4517.0
Dunkin',2.0,New Port Richey,Florida,Republican,31.3,46160.0,1753.8333333333333,
Re-Voaked Sandwiches,4.5,St. Louis,Missouri,Democrat,46.7,55279.0,,1943.0
Crushcakes & Cafe,4.0,Santa Barbara,California,Democrat,38.6,101672.0,3646.9091098603294,
Drinkhaus Espresso & Tea,4.0,Nashville,Tennessee,Democrat,51.2,75197.0,1803.1395088912257,537.0
CC's Coffee House,4.0,New Orleans,Louisiana,Democrat,43.3,55339.0,1635.4273395346563,892.0
Gelato-Go Tampa,4.5,Tampa,Florida,Republican,39.6,71302.0,2011.9116084311615,1284.0
McDonald's,1.5,Gretna,Louisiana,Republican,31.2,46045.0,1570.4761904761906,
Leotah's Place Coffeehouse,4.5,Philadelphia,Pennsylvania,Democrat,36.4,60698.0,1715.4754572988052,4517.0
Chez Pierre French Bakery & Cafe,3.0,Metairie,Louisiana,Republican,31.2,73256.0,1645.3324786324786,
Starbucks,3.5,Indianapolis,Indiana,Democrat,35.3,62995.0,1376.034945102525,913.0
Copper Moon Coffee,2.5,Indianapolis,Indiana,Democrat,35.3,62995.0,1376.034945102525,913.0
Cafe Luna,4.0,Summerland,California,Democrat,38.6,133083.0,,
Starbucks,1.5,Havertown,Pennsylvania,Democrat,,60698.0,,
Starbucks,3.5,Brownsburg,Indiana,Republican,37.1,105435.0,1939.3527777777776,
Dunkin',2.0,Medford,New Jersey,Democrat,,91000.0,,
St. Pete Bakery,4.0,St. Petersburg,Florida,Republican,38.5,73118.0,,1632.0
McDonald's,1.0,Philadelphia,Pennsylvania,Democrat,36.4,60698.0,1715.4754572988052,4517.0
Arctic Scoop,4.5,Philadelphia,Pennsylvania,Democrat,36.4,60698.0,1715.4754572988052,4517.0
Rolling Tin Cafe,5.0,Tampa,Florida,Republican,39.6,71302.0,2011.9116084311615,1284.0
Denver CBD Indianapolis,4.5,Indianapolis,Indiana,Democrat,35.3,62995.0,1376.034945102525,913.0
Pie and Plate Cafe,4.5,Ambler,Pennsylvania,Democrat,55.4,80795.0,2596.6666666666665,
Story Brooke Craft Coffee Bar,4.5,Saint Petersburg,Florida,Republican,,71302.0,,
CW's Gin Joint,4.0,Tampa,Florida,Republican,39.6,71302.0,2011.9116084311615,1284.0
Whole Foods Market,3.5,New Orleans,Louisiana,Democrat,43.3,55339.0,1635.4273395346563,892.0
White Bison Coffee,4.0,Nashville,Tennessee,Democrat,51.2,75197.0,1803.1395088912257,537.0
The Langhorne Brewing Company,3.5,Langhorne,Pennsylvania,Republican,45.2,95568.0,2732.1,
Maeva's,4.5,Alton,Illinois,Republican,32.0,53005.0,904.2222222222222,
St. Louis Bread,3.0,St. Louis,Missouri,Democrat,46.7,55279.0,,1943.0
Philly's Cafe,3.0,Philadelphia,Pennsylvania,Democrat,36.4,60698.0,1715.4754572988052,4517.0
Louie's Little Hut,4.0,Philadelphia,Pennsylvania,Democrat,36.4,60698.0,1715.4754572988052,4517.0
District Donuts Sliders & Brew Lakeview,4.0,New Orleans,Louisiana,Democrat,43.3,55339.0,1635.4273395346563,892.0
Restoration Cafe,5.0,Clearwater,Florida,Republican,38.5,64440.0,1956.247155052128,1727.0
The Royal Blend,3.5,Metairie,Louisiana,Republican,31.2,73256.0,1645.3324786324786,
McDonald's,2.5,Kuna,Idaho,Republican,46.3,93545.0,2034.6527777777776,
Cafe Chismosa,4.5,Philadelphia,Pennsylvania,Democrat,36.4,60698.0,1715.4754572988052,4517.0
Starbucks,4.0,Tucson,Arizona,Democrat,37.9,54546.0,1468.4007810603507,904.0
Heart Stone,4.5,Phoenixville,Pennsylvania,Democrat,58.0,94411.0,2006.513888888889,
Dunkin Donuts - Hudson,4.5,Hudson,Florida,Republican,31.3,49063.0,2058.958333333333,
The Mode Lounge,4.0,Boise,Idaho,Republican,46.3,76402.0,1769.288449703903,
McDonald's,1.5,Springfield,Tennessee,Republican,24.5,58741.0,1632.9166666666667,
Hobey's Casino & Restaurant,4.0,Sun Valley,Nevada,Democrat,37.3,76108.0,2322.0,
Bravo Gelato,4.0,Nashville,Tennessee,Democrat,51.2,75197.0,1803.1395088912257,537.0
Artisan Bar and Cafe,4.0,New Orleans,Louisiana,Democrat,43.3,55339.0,1635.4273395346563,892.0
Green Light Bar,4.0,Saint Petersburg,Florida,Republican,,71302.0,,
The Urban Juicer,4.0,Nashville,Tennessee,Democrat,51.2,75197.0,1803.1395088912257,537.0
Silver State Coffee,4.5,Reno,Nevada,Democrat,37.3,78448.0,1895.051309846432,920.0
Wawa,2.0,Wilmington,Delaware,Democrat,38.7,55269.0,1756.0830026455026,
8th & Roast,2.0,Nashville,Tennessee,Democrat,51.2,75197.0,1803.1395088912257,537.0
Backyard Beans Coffee - Ambler,5.0,Ambler,Pennsylvania,Democrat,55.4,80795.0,2596.6666666666665,
Mimi’s Minis,4.5,Port Richey,Florida,Republican,31.3,45435.0,1721.7101449275362,
Cozy Coffee Cafe,4.5,Temple Terrace,Florida,Republican,39.6,65756.0,1778.454415954416,
Cafe Twelve,3.5,Philadelphia,Pennsylvania,Democrat,36.4,60698.0,1715.4754572988052,4517.0
Honest Coffee Roasters,4.0,Franklin,Tennessee,Republican,65.8,115000.0,2052.104521404521,
Holy Smoke Cigar Cafe,5.0,Palm Harbor,Florida,Republican,38.5,75354.0,1901.0656790123455,
City Donuts & Café,3.5,New Orleans,Louisiana,Democrat,43.3,55339.0,1635.4273395346563,892.0
Starbucks,2.5,Franklin,Tennessee,Republican,65.8,115000.0,2052.104521404521,
Dunkin',2.5,Dresher,Pennsylvania,Democrat,,60698.0,,
McDonald's,2.5,Tucson,Arizona,Democrat,37.9,54546.0,1468.4007810603507,904.0
Wawa,2.5,Cherry Hill,New Jersey,Democrat,38.8,91000.0,2419.9864433811804,
Wawa,4.0,Burlington,New Jersey,Democrat,,78009.0,,
Wawa,3.5,Cherry Hill,New Jersey,Democrat,38.8,91000.0,2419.9864433811804,
The Cupcake Collection,4.5,Nashville,Tennessee,Democrat,51.2,75197.0,1803.1395088912257,537.0
Wawa,3.5,Holiday,Florida,Republican,31.3,43996.0,1689.6786324786324,
Dunkin',2.0,Sahuarita,Arizona,Democrat,37.9,100719.0,1911.47095959596,
Dunkin',2.0,Clearwater,Florida,Republican,38.5,64440.0,1956.247155052128,1727.0
Wawa,3.0,Philadelphia,Pennsylvania,Democrat,36.4,60698.0,1715.4754572988052,4517.0
Starbucks,2.5,Goleta,California,Democrat,38.6,118039.0,3642.484920634921,
Fruitwood Standup Market,4.5,Tampa,Florida,Republican,39.6,71302.0,2011.9116084311615,1284.0
Wawa,4.0,Riverview,Florida,Republican,39.6,95442.0,2171.145685305324,
Boudreaux Brothers Kitchen & Catering,4.0,Franklin,Tennessee,Republican,65.8,115000.0,2052.104521404521,
Pennsport Market & Deli,2.5,Philadelphia,Pennsylvania,Democrat,36.4,60698.0,1715.4754572988052,4517.0
French Truck Coffee,4.5,New Orleans,Louisiana,Democrat,43.3,55339.0,1635.4273395346563,892.0
Wawa,3.0,Malvern,Pennsylvania,Democrat,58.0,106638.0,2467.1635327635327,
Dunkin',1.5,Saint Louis,Missouri,Democrat,,55279.0,,
Cafe 405 South,4.0,Tampa Bay,Florida,Republican,,71302.0,,
Just Love Coffee Cafe - Brentwood,4.0,Brentwood,Tennessee,Republican,65.8,184720.0,2257.203703703704,
Foundation Coffee Co,4.5,Riverview,Florida,Republican,39.6,95442.0,2171.145685305324,
La Colombe Coffee,4.0,Philadelphia,Pennsylvania,Democrat,36.4,60698.0,1715.4754572988052,4517.0
Starbucks,3.5,Boise,Idaho,Republican,46.3,76402.0,1769.288449703903,
PJ's Coffee - New Orleans,3.5,New Orleans,Louisiana,Democrat,43.3,55339.0,1635.4273395346563,892.0
The Ketogenic Reset - Nutrition Lifestyle Coaching,5.0,Eagle,Idaho,Republican,46.3,118037.0,1985.2402777777777,
Gryphon Cafe,4.5,West Chester,Pennsylvania,Democrat,58.0,81492.0,2121.137626262627,
Teaful Bliss Cafe,5.0,Philadelphia,Pennsylvania,Democrat,36.4,60698.0,1715.4754572988052,4517.0
Dunkin',3.5,Philadelphia,Pennsylvania,Democrat,36.4,60698.0,1715.4754572988052,4517.0
Peet's Coffee & Tea,3.0,Saint Louis,Missouri,Democrat,,55279.0,,
Kiwi Shake and Bake,4.0,Boise,Idaho,Republican,46.3,76402.0,1769.288449703903,
Cosi,3.5,Bryn Mawr,Pennsylvania,Democrat,55.4,87218.0,2184.9999999999995,
Krispy Kreme,2.5,Brentwood,Tennessee,Republican,65.8,184720.0,2257.203703703704,
Starbucks,3.0,Philadelphia,Pennsylvania,Democrat,36.4,60698.0,1715.4754572988052,4517.0
Work In Harmony Cafe,4.5,Collingswood,New Jersey,Democrat,38.8,83917.0,1593.4864417989418,
Bowled Restaurant,4.5,Saint Petersburg,Florida,Republican,,71302.0,,
Joe Coffee Bar,4.0,Philadelphia,Pennsylvania,Democrat,36.4,60698.0,1715.4754572988052,4517.0
Kaldi's Coffee Roasting,4.0,Saint Louis,Missouri,Democrat,,55279.0,,
Be Well Bakery & Cafe,4.5,Huntingdon Valley,Pennsylvania,Democrat,,60698.0,1954.0,
Dunkin',2.0,Tucson,Arizona,Democrat,37.9,54546.0,1468.4007810603507,904.0
Mary's Miracle Restaurant,3.5,Tampa,Florida,Republican,39.6,71302.0,2011.9116084311615,1284.0
Tucson Coffee Roasters,4.5,Tucson,Arizona,Democrat,37.9,54546.0,1468.4007810603507,904.0
Milk & Honey Bakery,4.5,Plainfield,Indiana,Republican,37.1,85074.0,1703.8148148148148,
McDonald's,2.5,Hazelwood,Missouri,Democrat,46.7,55930.0,1394.4166666666667,
Guggman Haus Brewing Co,5.0,Indianapolis,Indiana,Democrat,35.3,62995.0,1376.034945102525,913.0
Wawa,3.0,Downingtown,Pennsylvania,Democrat,58.0,82292.0,2333.066666666667,
Frothy Monkey,3.5,Nashville,Tennessee,Democrat,51.2,75197.0,1803.1395088912257,537.0
Chill Caw-Fee,5.0,Valrico,Florida,Republican,39.6,98451.0,2396.349170437405,
Nordstrom Ebar Artisan Coffee,4.5,Des Peres,Missouri,Democrat,46.7,214167.0,,
McDonald's,2.0,Riverview,Florida,Republican,39.6,95442.0,2171.145685305324,
McDonald's,2.0,Hermitage,Tennessee,Democrat,,75197.0,,
Starbucks,3.0,Santa Barbara,California,Democrat,38.6,101672.0,3646.9091098603294,
Mark's Cafe,2.0,Philadelphia,Pennsylvania,Democrat,36.4,60698.0,1715.4754572988052,4517.0
FroYo Cafe and Sweets,4.0,New Orleans,Louisiana,Democrat,43.3,55339.0,1635.4273395346563,892.0
Menagerie Coffee at The Bourse,4.5,Philadelphia,Pennsylvania,Democrat,36.4,60698.0,1715.4754572988052,4517.0
Speedway,3.0,Fishers,Indiana,Republican,62.7,128141.0,1951.650886475448,
McDonald's,1.5,Pinellas Park,Florida,Republican,38.5,62043.0,2039.4087024087028,
7-Eleven,2.5,Newtown,Pennsylvania,Republican,45.2,146765.0,2431.944444444445,
Corner Muse,4.5,New Orleans,Louisiana,Democrat,43.3,55339.0,1635.4273395346563,892.0
The Human Bean,4.5,Reno,Nevada,Democrat,37.3,78448.0,1895.051309846432,920.0
Fezziwig's Marketplace,4.5,O'Fallon,Illinois,Democrat,34.2,102793.0,,
Sage the World,4.0,Clearwater,Florida,Republican,38.5,64440.0,1956.247155052128,1727.0
McDonald's,1.0,Philadelphia,Pennsylvania,Democrat,36.4,60698.0,1715.4754572988052,4517.0
McDonald's,2.0,Lansdale,Pennsylvania,Democrat,55.4,86460.0,1966.2497212931996,
Jack's Donuts,3.5,Greenwood,Indiana,Republican,38.0,78765.0,1632.2466230936818,
Cracker Barrel Old Country Store,3.0,Smyrna,Tennessee,Republican,36.6,78409.0,1682.256728778468,
Plenty Café,3.5,Philadelphia,Pennsylvania,Democrat,36.4,60698.0,1715.4754572988052,4517.0
China Pavilion,3.5,Santa Barbara,California,Democrat,38.6,101672.0,3646.9091098603294,
Starbucks,3.5,Sunset Hills,Missouri,Democrat,46.7,133895.0,,
Ely's Home Made & Natural Ice Cream,4.0,Tampa,Florida,Republican,39.6,71302.0,2011.9116084311615,1284.0
King Hookah Lounge & Smoke Shop,4.5,Riverview,Florida,Republican,39.6,95442.0,2171.145685305324,
Woops! Bakeshop Main Gate Square,4.5,Tucson,Arizona,Democrat,37.9,54546.0,1468.4007810603507,904.0
Wawa,3.5,Woodbury Heights,New Jersey,Republican,37.6,130101.0,,
I Love Roti,5.0,Nashville,Tennessee,Democrat,51.2,75197.0,1803.1395088912257,537.0
Kotuku Elixir Bar & Superfood Store,4.5,Santa Barbara,California,Democrat,38.6,101672.0,3646.9091098603294,
Le Pain Quotidien,3.5,Philadelphia,Pennsylvania,Democrat,36.4,60698.0,1715.4754572988052,4517.0
Wawa,4.0,Ambler,Pennsylvania,Democrat,55.4,80795.0,2596.6666666666665,
Dunkin',2.0,Gibbsboro,New Jersey,Democrat,38.8,99881.0,,
Ultimo Coffee,4.0,Philadelphia,Pennsylvania,Democrat,36.4,60698.0,1715.4754572988052,4517.0
Wawa,3.0,Newtown Square,Pennsylvania,Democrat,,60698.0,3116.611111111111,
Cosi,3.0,Wilmington,Delaware,Democrat,38.7,55269.0,1756.0830026455026,
Cafe Olé,4.0,Philadelphia,Pennsylvania,Democrat,36.4,60698.0,1715.4754572988052,4517.0
Lee's Market,4.5,Philadelphia,Pennsylvania,Democrat,36.4,60698.0,1715.4754572988052,4517.0
Dunkin',2.0,Gibsonton,Florida,Republican,39.6,74049.0,2347.35,
Starbucks,4.0,Ambler,Pennsylvania,Democrat,55.4,80795.0,2596.6666666666665,
Hub Coffee Roasters,5.0,Reno,Nevada,Democrat,37.3,78448.0,1895.051309846432,920.0
Shelly's Cafe,4.5,Tampa,Florida,Republican,39.6,71302.0,2011.9116084311615,1284.0
Two Persons Coffee,4.5,Philadelphia,Pennsylvania,Democrat,36.4,60698.0,1715.4754572988052,4517.0
Dunkin',2.5,Clementon,New Jersey,Democrat,38.8,69536.0,1982.5,
Frosty's Caffe,4.0,Metairie,Louisiana,Republican,31.2,73256.0,1645.3324786324786,
The Antidote Juice,5.0,New Orleans,Louisiana,Democrat,43.3,55339.0,1635.4273395346563,892.0
Speedway,1.5,Largo,Florida,Republican,38.5,60465.0,1787.582052090859,
Arbol Café,4.0,Philadelphia,Pennsylvania,Democrat,36.4,60698.0,1715.4754572988052,4517.0
McDonald's,1.5,Ardmore,Pennsylvania,Democrat,55.4,115273.0,2250.083333333333,
Goldy's Corner,4.0,Boise,Idaho,Republican,46.3,76402.0,1769.288449703903,
Twist Vapor Cafe,4.0,Tampa,Florida,Republican,39.6,71302.0,2011.9116084311615,1284.0
A Cupcake Paradise,3.5,Boise,Idaho,Republican,46.3,76402.0,1769.288449703903,
Bubble Tea House,3.0,Nashville,Tennessee,Democrat,51.2,75197.0,1803.1395088912257,537.0
McDonald's,2.0,Gretna,Louisiana,Republican,31.2,46045.0,1570.4761904761906,
Starbucks,3.0,Metairie,Louisiana,Republican,31.2,73256.0,1645.3324786324786,
Wawa,3.0,Folsom,Pennsylvania,Democrat,44.4,100544.0,,
The Wild Muffin,4.5,Nashville,Tennessee,Democrat,51.2,75197.0,1803.1395088912257,537.0
Local Harvest Cafe,4.0,Saint Louis,Missouri,Democrat,,55279.0,,
Shameless Grounds,4.0,Saint Louis,Missouri,Democrat,,55279.0,,
Dunkin',3.5,Bensalem,Pennsylvania,Republican,,60698.0,1804.6603174603176,
Nordstrom Ebar Artisan Coffee,4.0,Newark,Delaware,Democrat,38.7,71373.0,2153.965643274854,
Starbucks,2.5,Carmel,Indiana,Republican,62.7,134602.0,1827.6327732974908,
McDonald's,2.0,Hurffville,New Jersey,Republican,,91000.0,,
Gold Ranch Coffee Bar,4.0,Verdi,Nevada,Democrat,37.3,102625.0,2019.75,
PJ's Coffee,3.5,New Orleans,Louisiana,Democrat,43.3,55339.0,1635.4273395346563,892.0
McDonald's,2.5,Holmes,Pennsylvania,Democrat,,60698.0,,
Dunkin',3.5,West Chester,Pennsylvania,Democrat,58.0,81492.0,2121.137626262627,
Reed's Coffee & Tea House,4.5,Philadelphia,Pennsylvania,Democrat,36.4,60698.0,1715.4754572988052,4517.0
Roll It Ice Cream,4.5,Largo,Florida,Republican,38.5,60465.0,1787.582052090859,
Gelateria del Duomo,4.0,Tampa,Florida,Republican,39.6,71302.0,2011.9116084311615,1284.0
McDonald's,1.5,Wilmington,Delaware,Democrat,38.7,55269.0,1756.0830026455026,
McDonald's,3.0,Carmel,Indiana,Republican,62.7,134602.0,1827.6327732974908,
Starbucks,3.5,Tucson,Arizona,Democrat,37.9,54546.0,1468.4007810603507,904.0
Civano Coffee House,4.0,Tucson,Arizona,Democrat,37.9,54546.0,1468.4007810603507,904.0
Amore Bakery and Cafe,4.5,Gretna,Louisiana,Republican,31.2,46045.0,1570.4761904761906,
Rolo’s Bakery,5.0,Riverview,Florida,Republican,39.6,95442.0,2171.145685305324,
Tube Factory Artspace,4.5,Indianapolis,Indiana,Democrat,35.3,62995.0,1376.034945102525,913.0
Dunn Brothers Coffee,4.0,Nashville,Tennessee,Democrat,51.2,75197.0,1803.1395088912257,537.0
Gong Cha,4.0,Tampa,Florida,Republican,39.6,71302.0,2011.9116084311615,1284.0
Lighthouse Coffee,4.5,Sparks,Nevada,Democrat,37.3,86979.0,1964.762212770985,
Ruby Sunshine,3.5,Nashville,Tennessee,Democrat,51.2,75197.0,1803.1395088912257,537.0
Ebru Coffee,4.5,Eagleville,Pennsylvania,Democrat,55.4,60698.0,,
Wawa,3.0,Newark,Delaware,Democrat,38.7,71373.0,2153.965643274854,
Hibachi Grill and Buffet,3.0,Imperial,Missouri,Republican,25.5,87949.0,,
Quickly Boba Tea,4.0,Brandon,Florida,Republican,39.6,77068.0,1944.9896640826876,
McDonald's,1.5,New Castle,Delaware,Democrat,38.7,92565.0,1786.4166666666667,
Dunkin,3.0,Tucson,Arizona,Democrat,37.9,54546.0,1468.4007810603507,904.0
Starbuck's,2.5,Nashville,Tennessee,Democrat,51.2,75197.0,1803.1395088912257,537.0
McDonald's,1.5,Penndel,Pennsylvania,Republican,45.2,75000.0,,
Exo Roast Co,4.5,Tucson,Arizona,Democrat,37.9,54546.0,1468.4007810603507,904.0
CoffeeStamp,5.0,St. Louis,Missouri,Democrat,46.7,55279.0,,1943.0
McDonald's,2.0,Brentwood,Missouri,Democrat,46.7,86641.0,1751.7460317460318,
Cafe Clave,4.0,Philadelphia,Pennsylvania,Democrat,36.4,60698.0,1715.4754572988052,4517.0
Fuel,3.5,Philadelphia,Pennsylvania,Democrat,36.4,60698.0,1715.4754572988052,4517.0
Dunkin',2.0,Carmel,Indiana,Republican,62.7,134602.0,1827.6327732974908,
Stefano Versace Gelato,3.0,Willow Grove,Pennsylvania,Democrat,55.4,98402.0,2074.1666666666665,
Cumaco Arepa House,4.5,Indianapolis,Indiana,Democrat,35.3,62995.0,1376.034945102525,913.0
Starbucks,3.5,Wilmington,Delaware,Democrat,38.7,55269.0,1756.0830026455026,
Starbucks,3.5,Largo,Florida,Republican,38.5,60465.0,1787.582052090859,
CaffeNation,3.0,Tucson,Arizona,Democrat,37.9,54546.0,1468.4007810603507,904.0
Ali Baba Cafe & Hookah Bar,3.5,Philadelphia,Pennsylvania,Democrat,36.4,60698.0,1715.4754572988052,4517.0
Rybread,4.0,Philadelphia,Pennsylvania,Democrat,36.4,60698.0,1715.4754572988052,4517.0
Starbucks,3.0,Brandon,Florida,Republican,39.6,77068.0,1944.9896640826876,
McDonald's,1.0,Brookhaven,Pennsylvania,Democrat,44.4,96393.0,,
Reggina Gelato & Espresso Bar,5.0,Harrison Township,New Jersey,Republican,,91000.0,,
Rabble Coffee,4.5,Indianapolis,Indiana,Democrat,35.3,62995.0,1376.034945102525,913.0
We Are Poke,4.5,Tampa,Florida,Republican,39.6,71302.0,2011.9116084311615,1284.0
Savaya Coffee Market - Synergy Plaza,4.5,Tucson,Arizona,Democrat,37.9,54546.0,1468.4007810603507,904.0
SIU Korean BBQ,4.0,Sparks,Nevada,Democrat,37.3,86979.0,1964.762212770985,
Giovanni's Gelato Cafe,4.5,Oro Valley,Arizona,Democrat,37.9,105342.0,1923.6564327485376,
H2O by Got-Tea,4.5,Pinellas Park,Florida,Republican,38.5,62043.0,2039.4087024087028,
Starbucks,4.5,Tampa,Florida,Republican,39.6,71302.0,2011.9116084311615,1284.0
Bucks County Coffee Co,3.0,Philadelphia,Pennsylvania,Democrat,36.4,60698.0,1715.4754572988052,4517.0
Dunkin',1.5,Wesley Chapel,Florida,Republican,31.3,107004.0,2225.93855222764,
Dunkin',3.0,Philadelphia,Pennsylvania,Democrat,36.4,60698.0,1715.4754572988052,4517.0
Sweet Treat Hut,4.5,Philadelphia,Pennsylvania,Democrat,36.4,60698.0,1715.4754572988052,4517.0
Rj's Bagels,3.0,Ewing,New Jersey,Democrat,,91000.0,2199.345238095238,
McDonald's,2.5,Linwood,Pennsylvania,Democrat,44.4,76077.0,,
Courtyard Cafe,2.5,Nashville,Tennessee,Democrat,51.2,75197.0,1803.1395088912257,537.0
Muddy Waters Cafe,4.0,Santa Barbara,California,Democrat,38.6,101672.0,3646.9091098603294,
Olivers Daily Grind,4.5,Garden City,Idaho,Republican,46.3,66859.0,1762.2539682539682,
That's Amore Café,5.0,Tucson,Arizona,Democrat,37.9,54546.0,1468.4007810603507,904.0
Dairy Queen Grill & Chill,2.5,Nashville,Tennessee,Democrat,51.2,75197.0,1803.1395088912257,537.0
Jitters Coffee,3.5,Santa Barbara,California,Democrat,38.6,101672.0,3646.9091098603294,
Green Line Cafe,4.0,Philadelphia,Pennsylvania,Democrat,36.4,60698.0,1715.4754572988052,4517.0
Paddywax Candle Bar,4.0,Philadelphia,Pennsylvania,Democrat,36.4,60698.0,1715.4754572988052,4517.0
McDonald's,1.0,Harvey,Louisiana,Republican,31.2,43524.0,1309.2763532763531,
Bottom of the Cup Tearoom,3.5,New Orleans,Louisiana,Democrat,43.3,55339.0,1635.4273395346563,892.0
McDonald's,1.5,Madison,Tennessee,Democrat,,75197.0,,
Cafe Rose Nicaud,4.0,New Orleans,Louisiana,Democrat,43.3,55339.0,1635.4273395346563,892.0
Dunkin',2.5,Florence,New Jersey,Democrat,,99020.0,,
Starbucks,3.0,Deptford,New Jersey,Republican,,91000.0,,
Wine Market & Table,4.5,Indianapolis,Indiana,Democrat,35.3,62995.0,1376.034945102525,913.0
Grassroots Kava House,4.5,Saint Petersburg,Florida,Republican,,71302.0,,
McDonald's,1.5,St. Louis,Missouri,Democrat,46.7,55279.0,,1943.0
Thai Cafe Modern,4.0,Lutz,Florida,Republican,39.6,114516.0,2055.789287749288,
Spaddy's Coffee,5.0,Tampa,Florida,Republican,39.6,71302.0,2011.9116084311615,1284.0
East Lake Cafe,4.0,Palm Harbor,Florida,Republican,38.5,75354.0,1901.0656790123455,
Tre Amici At The Bunker,4.0,Tampa,Florida,Republican,39.6,71302.0,2011.9116084311615,1284.0
Turning Point - Doylestown,3.5,Doylestown,Pennsylvania,Republican,,93672.0,2597.1666666666665,
Buddy Brew Coffee,4.5,Tampa,Florida,Republican,39.6,71302.0,2011.9116084311615,1284.0
Four Worlds Bakery,4.5,Philadelphia,Pennsylvania,Democrat,36.4,60698.0,1715.4754572988052,4517.0
Rocket Cat Cafe,3.0,Philadelphia,Pennsylvania,Democrat,36.4,60698.0,1715.4754572988052,4517.0
Lincoln Lane Coffee,5.0,Indianapolis,Indiana,Democrat,35.3,62995.0,1376.034945102525,913.0
Ardmore Station Cafe,4.0,Ardmore,Pennsylvania,Democrat,55.4,115273.0,2250.083333333333,
Circle K,2.0,Tucson,Arizona,Democrat,37.9,54546.0,1468.4007810603507,904.0
Ocean City Coffee,4.5,Media,Pennsylvania,Democrat,44.4,86219.0,1922.0873015873012,
Divine Art Cafe,4.5,Nashville,Tennessee,Democrat,51.2,75197.0,1803.1395088912257,537.0
Starbucks,4.0,Brandon,Florida,Republican,39.6,77068.0,1944.9896640826876,
Starbucks,3.5,St. Petersburg,Florida,Republican,38.5,73118.0,,1632.0
Wawa,3.5,Malaga,New Jersey,Republican,37.6,107875.0,,
Elsie's,4.0,Santa Barbara,California,Democrat,38.6,101672.0,3646.9091098603294,
Starbucks,2.0,Lutz,Florida,Republican,39.6,114516.0,2055.789287749288,
Willa’s Provisions,4.0,Tampa,Florida,Republican,39.6,71302.0,2011.9116084311615,1284.0
Mr B's Coffeehouse,4.5,Souderton,Pennsylvania,Democrat,55.4,85625.0,,
Dunkin',1.5,Bensalem,Pennsylvania,Republican,,60698.0,1804.6603174603176,
Boba Haus,3.5,Nashville,Tennessee,Democrat,51.2,75197.0,1803.1395088912257,537.0
McDonald's,2.0,Indianapolis,Indiana,Democrat,35.3,62995.0,1376.034945102525,913.0
Old Nelson Food company,4.5,Medford,New Jersey,Democrat,,91000.0,,
Pairings Cigar Bar,4.5,Media,Pennsylvania,Democrat,44.4,86219.0,1922.0873015873012,
McDonald's,2.0,Jefferson,Louisiana,Republican,31.2,56875.0,1506.25,
Le Macaron French Pastries,4.0,Santa Barbara,California,Democrat,38.6,101672.0,3646.9091098603294,
Upshot Coffee Brake Shop,4.0,Saint Charles,Missouri,Republican,,55279.0,,
TM Breads & Pastries,4.5,New Orleans,Louisiana,Democrat,43.3,55339.0,1635.4273395346563,892.0
Litterally Divine Chocolates,4.0,Indianapolis,Indiana,Democrat,35.3,62995.0,1376.034945102525,913.0
Lanai Coffee,4.5,Saint Louis,Missouri,Democrat,,55279.0,,
Boise Boba,4.0,Boise,Idaho,Republican,46.3,76402.0,1769.288449703903,
Chewy Boba,4.5,Tampa,Florida,Republican,39.6,71302.0,2011.9116084311615,1284.0
Sam's Fresh Spot,4.0,Philadelphia,Pennsylvania,Democrat,36.4,60698.0,1715.4754572988052,4517.0
Sanba IM,4.0,Goleta,California,Democrat,38.6,118039.0,3642.484920634921,
Square Donuts,3.5,Fishers,Indiana,Republican,62.7,128141.0,1951.650886475448,
Rivers Edge Cafe,4.0,Reno,Nevada,Democrat,37.3,78448.0,1895.051309846432,920.0
Starbucks,2.5,Nashville,Tennessee,Democrat,51.2,75197.0,1803.1395088912257,537.0
The Bowtie Barista,4.5,Nashville,Tennessee,Democrat,51.2,75197.0,1803.1395088912257,537.0
Envie Espresso Bar & Cafe,4.5,New Orleans,Louisiana,Democrat,43.3,55339.0,1635.4273395346563,892.0
Darling's Coffeehouse & Cheesecake,4.0,Philadelphia,Pennsylvania,Democrat,36.4,60698.0,1715.4754572988052,4517.0
Cafe Tinto,4.5,Philadelphia,Pennsylvania,Democrat,36.4,60698.0,1715.4754572988052,4517.0
Starbucks,3.0,Indianapolis,Indiana,Democrat,35.3,62995.0,1376.034945102525,913.0
Starbucks,2.5,Sparks,Nevada,Democrat,37.3,86979.0,1964.762212770985,
PJ's Coffee Cafe,2.0,New Orleans,Louisiana,Democrat,43.3,55339.0,1635.4273395346563,892.0
Betsys Pancake House,3.5,New Orleans,Louisiana,Democrat,43.3,55339.0,1635.4273395346563,892.0
Jack's Bistro and Famous Bagels,3.5,Santa Barbara,California,Democrat,38.6,101672.0,3646.9091098603294,
Stacks Breakfast & Lunch,3.0,Bala Cynwyd,Pennsylvania,Democrat,55.4,144453.0,,
Cotton & Snow,4.5,Nashville,Tennessee,Democrat,51.2,75197.0,1803.1395088912257,537.0
Eco-Bean Organic Coffee House,4.5,Tarpon Springs,Florida,Republican,38.5,68877.0,2048.196581196581,
Wawa,3.0,Medford,New Jersey,Democrat,,91000.0,,
Dunkin',2.0,Havertown,Pennsylvania,Democrat,,60698.0,,
Infused Tea Company,4.5,St. Petersburg,Florida,Republican,38.5,73118.0,,1632.0
Wawa,2.5,New Hope,Pennsylvania,Republican,45.2,158929.0,,
McDonald's,1.5,Greenwood,Indiana,Republican,38.0,78765.0,1632.2466230936818,
Mystify Vapor,5.0,Tampa,Florida,Republican,39.6,71302.0,2011.9116084311615,1284.0
Dunkin',2.5,Yardley,Pennsylvania,Republican,45.2,118750.0,2695.7000000000003,
East Main Street Coffee and Sandwich Shop,4.5,New Port Richey,Florida,Republican,31.3,46160.0,1753.8333333333333,
Miscellanea House,4.5,Belleville,Illinois,Democrat,34.2,60529.0,1072.5014005602245,
Walden's Coffeehouse,4.5,Reno,Nevada,Democrat,37.3,78448.0,1895.051309846432,920.0
Dunkin',2.0,Burlington,New Jersey,Democrat,,78009.0,,
PJ's Coffee,3.0,New Orleans,Louisiana,Democrat,43.3,55339.0,1635.4273395346563,892.0
Starbucks,3.0,Tucson,Arizona,Democrat,37.9,54546.0,1468.4007810603507,904.0
McDonald's,2.0,Philadelphia,Pennsylvania,Democrat,36.4,60698.0,1715.4754572988052,4517.0
South Street Philly Bagels,4.0,Philadelphia,Pennsylvania,Democrat,36.4,60698.0,1715.4754572988052,4517.0
Fishtown Bikes-n-Beans,4.5,Philadelphia,Pennsylvania,Democrat,36.4,60698.0,1715.4754572988052,4517.0
Kitchen Gia,3.0,Philadelphia,Pennsylvania,Democrat,36.4,60698.0,1715.4754572988052,4517.0
McDonald's,1.5,Tampa,Florida,Republican,39.6,71302.0,2011.9116084311615,1284.0
"Towie's Grocery, Deli & Coffee Shop",4.5,Collingswood,New Jersey,Democrat,38.8,83917.0,1593.4864417989418,
Bergamot Market,3.5,Nashville,Tennessee,Democrat,51.2,75197.0,1803.1395088912257,537.0
Whispering Leaves,4.5,Philadelphia,Pennsylvania,Democrat,36.4,60698.0,1715.4754572988052,4517.0
Woosa Bubble Tea,4.0,Philadelphia,Pennsylvania,Democrat,36.4,60698.0,1715.4754572988052,4517.0
Dunkin',2.5,Bordentown,New Jersey,Democrat,,91208.0,,
Starbucks,3.0,O'Fallon,Illinois,Democrat,34.2,102793.0,,
Parlor Doughnuts,4.5,Nashville,Tennessee,Democrat,51.2,75197.0,1803.1395088912257,537.0
Dunkin',3.0,Philadelphia,Pennsylvania,Democrat,36.4,60698.0,1715.4754572988052,4517.0
Eagle River Coffee,4.0,Eagle,Idaho,Republican,46.3,118037.0,1985.2402777777777,
McDonald's,3.0,West Chester,Pennsylvania,Democrat,58.0,81492.0,2121.137626262627,
Cafe Flora,3.5,Cherry Hill,New Jersey,Democrat,38.8,91000.0,2419.9864433811804,
"The Human Bean Meridian, N. Meridian Rd",4.0,Meridian,Idaho,Republican,46.3,98686.0,2015.2290262803235,
Starbucks,3.0,Trinity,Florida,Republican,31.3,113125.0,,
Dunkin',2.0,Philadelphia,Pennsylvania,Democrat,36.4,60698.0,1715.4754572988052,4517.0
Starbucks,3.0,Tampa,Florida,Republican,39.6,71302.0,2011.9116084311615,1284.0
Twisted Sprocket Cafe,4.0,Land O' Lakes,Florida,Republican,31.3,98648.0,,
Naked Chocolate Cafe,4.0,Philadelphia,Pennsylvania,Democrat,36.4,60698.0,1715.4754572988052,4517.0
Fourth Wall Coffee,5.0,New Orleans,Louisiana,Democrat,43.3,55339.0,1635.4273395346563,892.0
Wawa,3.5,Philadelphia,Pennsylvania,Democrat,36.4,60698.0,1715.4754572988052,4517.0
Central Table,3.0,Saint Louis,Missouri,Democrat,,55279.0,,
The Smoke Bodega,4.0,Tampa,Florida,Republican,39.6,71302.0,2011.9116084311615,1284.0
Lick,5.0,Indianapolis,Indiana,Democrat,35.3,62995.0,1376.034945102525,913.0
Starbucks,2.5,Media,Pennsylvania,Democrat,44.4,86219.0,1922.0873015873012,
The Grind Coffee Bar & Cafe at Westchase,4.0,Tampa,Florida,Republican,39.6,71302.0,2011.9116084311615,1284.0
Wawa,3.0,Chalfont,Pennsylvania,Republican,45.2,131944.0,2450.0,
Moon Mountain,4.5,Brandon,Florida,Republican,39.6,77068.0,1944.9896640826876,
Starbucks,3.0,Indianapolis,Indiana,Democrat,35.3,62995.0,1376.034945102525,913.0
McDonald's,1.5,Whiteland,Indiana,Republican,38.0,88411.0,,
Malelani  Cafe,4.5,Philadelphia,Pennsylvania,Democrat,36.4,60698.0,1715.4754572988052,4517.0
Dunkin',2.0,New Port Richey,Florida,Republican,31.3,46160.0,1753.8333333333333,
Dunkin' Donuts,1.0,Huntingdon Valley,Pennsylvania,Democrat,,60698.0,1954.0,
Starbucks,3.5,Nashville,Tennessee,Democrat,51.2,75197.0,1803.1395088912257,537.0
Drug Store Coffee,4.5,Nashville,Tennessee,Democrat,51.2,75197.0,1803.1395088912257,537.0
McDonald's,1.5,O'Fallon,Illinois,Democrat,34.2,102793.0,,
Wawa,4.0,Collegeville,Pennsylvania,Democrat,55.4,88992.0,2583.753703703704,
Starbucks,3.0,St. Petersburg,Florida,Republican,38.5,73118.0,,1632.0
Caracolillo Coffee Mills,4.0,Tampa,Florida,Republican,39.6,71302.0,2011.9116084311615,1284.0
The New Leaf,3.5,Riverton,New Jersey,Democrat,42.1,126818.0,,
Starbucks,3.5,Paoli,Pennsylvania,Democrat,58.0,117094.0,2429.0333333333333,
Indigo,3.0,Tampa,Florida,Republican,39.6,71302.0,2011.9116084311615,1284.0
The Griddle,4.0,Boise,Idaho,Republican,46.3,76402.0,1769.288449703903,
The Well Coffeehouse and Marketplace,4.5,Hockessin,Delaware,Democrat,38.7,172695.0,3090.0,
McDonald's,3.0,Burlington,New Jersey,Democrat,,78009.0,,
Vapor Road - Tyrone,4.5,St. Petersburg,Florida,Republican,38.5,73118.0,,1632.0
Circle K,2.0,Tucson,Arizona,Democrat,37.9,54546.0,1468.4007810603507,904.0
PJ's Coffee,3.5,New Orleans,Louisiana,Democrat,43.3,55339.0,1635.4273395346563,892.0
El Greco Diner,4.5,Clifton Heights,Pennsylvania,Democrat,44.4,69940.0,1491.829365079365,
Community Coffee,4.0,Metairie,Louisiana,Republican,31.2,73256.0,1645.3324786324786,
Wawa,3.0,Brookhaven,Pennsylvania,Democrat,44.4,96393.0,,
My Favorite Muffin,4.0,Reno,Nevada,Democrat,37.3,78448.0,1895.051309846432,920.0
Handlebar Coffee Roasters,4.5,Santa Barbara,California,Democrat,38.6,101672.0,3646.9091098603294,
Thunder Mug Cafe,5.0,Philadelphia,Pennsylvania,Democrat,36.4,60698.0,1715.4754572988052,4517.0
Strongline Espresso,4.5,Boise,Idaho,Republican,46.3,76402.0,1769.288449703903,
McDonald's,1.5,Tampa,Florida,Republican,39.6,71302.0,2011.9116084311615,1284.0
Genesis Bagels & Deli Inc,3.0,Indianapolis,Indiana,Democrat,35.3,62995.0,1376.034945102525,913.0
Joyful Tea,5.0,Boise,Idaho,Republican,46.3,76402.0,1769.288449703903,
Dunkin' Donuts,4.0,Philadelphia,Pennsylvania,Democrat,36.4,60698.0,1715.4754572988052,4517.0
McDonald's,1.5,King Of Prussia,Pennsylvania,Democrat,55.4,86149.0,2166.7329901329904,
World Cup of Tea,4.0,Franklin,Tennessee,Republican,65.8,115000.0,2052.104521404521,
La Colombe,3.0,Philadelphia,Pennsylvania,Democrat,36.4,60698.0,1715.4754572988052,4517.0
McDonald's,1.5,Wilmington,Delaware,Democrat,38.7,55269.0,1756.0830026455026,
The Bagel Stand,4.5,Reno,Nevada,Democrat,37.3,78448.0,1895.051309846432,920.0
Boise Boba,3.5,Eagle,Idaho,Republican,46.3,118037.0,1985.2402777777777,
Dunkin',2.5,Paulsboro,New Jersey,Republican,37.6,68750.0,,
Dunkin',3.0,Folsom,Pennsylvania,Democrat,44.4,100544.0,,
Buzzy Coffee Co.,5.0,Indianapolis,Indiana,Democrat,35.3,62995.0,1376.034945102525,913.0
McDonald's,1.5,North Wales,Pennsylvania,Democrat,55.4,115833.0,1930.419047619048,
Dunkin',2.0,Brentwood,Tennessee,Republican,65.8,184720.0,2257.203703703704,
Gryphon Cafe,4.5,Rosemont,Pennsylvania,Democrat,55.4,85913.0,,
Starbucks,3.0,Nashville,Tennessee,Democrat,51.2,75197.0,1803.1395088912257,537.0
Kings Arms Coffee Roasters,4.0,Tampa,Florida,Republican,39.6,71302.0,2011.9116084311615,1284.0
Dreamer's Coffee House & Deli,4.0,Reno,Nevada,Democrat,37.3,78448.0,1895.051309846432,920.0
Dunkin',3.0,Plymouth Meeting,Pennsylvania,Democrat,55.4,109706.0,2298.111111111112,
Wawa,2.0,Levittown,Pennsylvania,Republican,45.2,101619.0,1847.9166666666667,
Milk & Honey Market,3.0,Philadelphia,Pennsylvania,Democrat,36.4,60698.0,1715.4754572988052,4517.0
Pint Size Bakery & Coffee,4.5,Saint Louis,Missouri,Democrat,,55279.0,,
Manhattan Bagel,2.0,Chesterbrook,Pennsylvania,Democrat,58.0,140972.0,2566.6666666666665,
Bikes and Beans,4.5,Boise,Idaho,Republican,46.3,76402.0,1769.288449703903,
Panitas Bakery and Bistro,4.0,Tampa,Florida,Republican,39.6,71302.0,2011.9116084311615,1284.0
Café L'Aube,4.5,Philadelphia,Pennsylvania,Democrat,36.4,60698.0,1715.4754572988052,4517.0
Shaw's Coffee,4.0,Saint Louis,Missouri,Democrat,,55279.0,,
Crushcakes Cafe & Simply Pies,3.5,Goleta,California,Democrat,38.6,118039.0,3642.484920634921,
Penguin's Frozen Yogurt Place,4.5,Tucson,Arizona,Democrat,37.9,54546.0,1468.4007810603507,904.0
B2,3.5,Philadelphia,Pennsylvania,Democrat,36.4,60698.0,1715.4754572988052,4517.0
Speedway,4.0,Clermont,Indiana,Democrat,35.3,81979.0,,
The Donut Experiment,4.5,Saint Charles,Missouri,Republican,,55279.0,,
McDonald's,1.5,Indianapolis,Indiana,Democrat,35.3,62995.0,1376.034945102525,913.0
Circle K,3.5,Oro Valley,Arizona,Democrat,37.9,105342.0,1923.6564327485376,
McDonald's,3.0,Mount Laurel,New Jersey,Democrat,,91000.0,,
Einstein Bros. Bagels,3.0,Paoli,Pennsylvania,Democrat,58.0,117094.0,2429.0333333333333,
The Foundry Bakery,5.0,Maryland Heights,Missouri,Democrat,46.7,86485.0,1322.1503759398497,
Starbucks,4.0,Tucson,Arizona,Democrat,37.9,54546.0,1468.4007810603507,904.0
The Mocha Nut Coffee Shop,4.5,Indianapolis,Indiana,Democrat,35.3,62995.0,1376.034945102525,913.0
Franny's Place Family Restaurant,4.0,Kenner,Louisiana,Republican,31.2,64099.0,1663.6666666666667,
Mugshots Coffeehouse & Cafe,3.0,Philadelphia,Pennsylvania,Democrat,36.4,60698.0,1715.4754572988052,4517.0
McDonald's,1.5,St. Charles,Missouri,Republican,43.4,85522.0,,
MamaBuntz Donut Company,4.5,Sewell,New Jersey,Republican,37.6,135141.0,2450.833333333333,
Dunkin',4.0,Deptford,New Jersey,Republican,,91000.0,,
McDonald's,1.5,Ferguson,Missouri,Democrat,46.7,46106.0,1299.638888888889,
Nesbit's Poeyfarre Market,4.5,New Orleans,Louisiana,Democrat,43.3,55339.0,1635.4273395346563,892.0
Starbucks,2.0,Philadelphia,Pennsylvania,Democrat,36.4,60698.0,1715.4754572988052,4517.0
Mugshots,4.0,Philadelphia,Pennsylvania,Democrat,36.4,60698.0,1715.4754572988052,4517.0
The Bikery,4.5,St Petersburg,Florida,Republican,,71302.0,2063.6960586694618,
Donatello's Italian Restaurant,3.5,Carmel,Indiana,Republican,62.7,134602.0,1827.6327732974908,
Speedway,1.5,Philadelphia,Pennsylvania,Democrat,36.4,60698.0,1715.4754572988052,4517.0
Sandpiper Coffee Roaster Cafe,4.5,Dunedin,Florida,Republican,38.5,68068.0,2087.5775446775447,
Wawa,3.0,Colmar,Pennsylvania,Democrat,,60698.0,,
McDonald's,1.5,Abington,Pennsylvania,Democrat,,60698.0,,
Kahwa Coffee Roasting,4.0,Tampa,Florida,Republican,39.6,71302.0,2011.9116084311615,1284.0
Fusion Bowl,4.5,Tampa,Florida,Republican,39.6,71302.0,2011.9116084311615,1284.0
Gelato Di Riso,4.5,Saint Louis,Missouri,Democrat,,55279.0,,
Wawa,3.5,Bryn Mawr,Pennsylvania,Democrat,55.4,87218.0,2184.9999999999995,
Go Bananas Frozen Yogurt,4.0,Richboro,Pennsylvania,Republican,45.2,153691.0,,
Specialtea Tea Room,4.5,Chadds Ford,Pennsylvania,Democrat,58.0,169250.0,,
Roastere EXPRESS,5.0,Boise,Idaho,Republican,46.3,76402.0,1769.288449703903,
Dunkin',3.0,Philadelphia,Pennsylvania,Democrat,36.4,60698.0,1715.4754572988052,4517.0
Mary's Diner,4.0,Upper Darby,Pennsylvania,Democrat,,60698.0,1262.75,
Southerner's Coffee,4.5,Franklin,Tennessee,Republican,65.8,115000.0,2052.104521404521,
Rise'n Roll Bakery - Downtown Indy,5.0,Indianapolis,Indiana,Democrat,35.3,62995.0,1376.034945102525,913.0
Burlap and Bean West End Roast House,4.0,Media,Pennsylvania,Democrat,44.4,86219.0,1922.0873015873012,
Dunkin',3.0,Philadelphia,Pennsylvania,Democrat,36.4,60698.0,1715.4754572988052,4517.0
Dunkin',3.5,Drexel Hill,Pennsylvania,Democrat,44.4,87993.0,1913.0555555555557,
Starbucks,3.5,Vail,Arizona,Democrat,37.9,121385.0,2101.555555555556,
Revelator Paloma Cafe,4.0,New Orleans,Louisiana,Democrat,43.3,55339.0,1635.4273395346563,892.0
Symbowl - Kirkwood,4.0,Kirkwood,Missouri,Democrat,46.7,117439.0,2012.5779645191408,
La Segunda Central Bakery,4.5,Tampa,Florida,Republican,39.6,71302.0,2011.9116084311615,1284.0
Drama Burger,3.5,Tampa,Florida,Republican,39.6,71302.0,2011.9116084311615,1284.0
Starbucks,4.0,Richmond Heights,Missouri,Democrat,46.7,90670.0,1542.0238095238094,
Coffeehouse Five,4.5,Greenwood,Indiana,Republican,38.0,78765.0,1632.2466230936818,
Krispy Kreme,3.0,Saint Louis,Missouri,Democrat,,55279.0,,
Track 3 Microbrewery and Coffee House,4.5,Dresher,Pennsylvania,Democrat,,60698.0,,
Dunkin',3.0,Cherry Hill,New Jersey,Democrat,38.8,91000.0,2419.9864433811804,
Wawa,3.5,Mullica Hill,New Jersey,Republican,37.6,133750.0,,
Wawa,2.0,Philadelphia,Pennsylvania,Democrat,36.4,60698.0,1715.4754572988052,4517.0
McDonald's,2.5,Lebanon,Illinois,Democrat,34.2,84766.0,,
McDonald's,1.5,Fenton,Missouri,Democrat,46.7,97991.0,1656.9047619047622,
Creme Brulee Bistro & Cafe,4.5,Philadelphia,Pennsylvania,Democrat,36.4,60698.0,1715.4754572988052,4517.0
Beijing Restaurant,3.5,Philadelphia,Pennsylvania,Democrat,36.4,60698.0,1715.4754572988052,4517.0
LeBus Bakery,3.5,Philadelphia,Pennsylvania,Democrat,36.4,60698.0,1715.4754572988052,4517.0
Fat Straw,3.5,Nashville,Tennessee,Democrat,51.2,75197.0,1803.1395088912257,537.0
Black Star Books & Caffe,5.0,New Orleans,Louisiana,Democrat,43.3,55339.0,1635.4273395346563,892.0
Headquarters,4.5,Nashville,Tennessee,Democrat,51.2,75197.0,1803.1395088912257,537.0
Java Joe's,3.0,Folsom,Pennsylvania,Democrat,44.4,100544.0,,
Frothy Monkey,4.0,Nashville,Tennessee,Democrat,51.2,75197.0,1803.1395088912257,537.0
Dunkin',2.5,Exton,Pennsylvania,Democrat,58.0,121189.0,2224.408187134503,
Wawa,3.0,Pennsauken,New Jersey,Democrat,38.8,91000.0,2524.0,
Dunkin',3.0,Havertown,Pennsylvania,Democrat,,60698.0,,
Orient Hookah Lounge,4.0,Philadelphia,Pennsylvania,Democrat,36.4,60698.0,1715.4754572988052,4517.0
Spark'd Creative Pastry,4.0,Wilmington,Delaware,Democrat,38.7,55269.0,1756.0830026455026,
The Wine Market at Irvington,5.0,Indianapolis,Indiana,Democrat,35.3,62995.0,1376.034945102525,913.0
Starbucks,3.5,Tucson,Arizona,Democrat,37.9,54546.0,1468.4007810603507,904.0
Starbucks,2.5,Tucson,Arizona,Democrat,37.9,54546.0,1468.4007810603507,904.0
Blessed Cup,4.5,Clearwater Beach,Florida,Republican,,71302.0,,
McDonald's,1.5,Philadelphia,Pennsylvania,Democrat,36.4,60698.0,1715.4754572988052,4517.0
Dunkin',3.0,Philadelphia,Pennsylvania,Democrat,36.4,60698.0,1715.4754572988052,4517.0
Breaking Grounds Coffee & Cafe,5.0,Mount Holly,New Jersey,Democrat,,91000.0,,
Savoy Cafe & Deli,4.5,Santa Barbara,California,Democrat,38.6,101672.0,3646.9091098603294,
Biscuit Love - Franklin,4.0,Franklin,Tennessee,Republican,65.8,115000.0,2052.104521404521,
Wawa,2.5,Sicklerville,New Jersey,Democrat,38.8,102881.0,2218.611111111112,
Pacific Trading - Seminole,4.5,Seminole,Florida,Republican,38.5,77335.0,2247.2611111111114,
Corner Bakery,3.0,Philadelphia,Pennsylvania,Democrat,36.4,60698.0,1715.4754572988052,4517.0
Pho House Thang Long,3.5,Philadelphia,Pennsylvania,Democrat,36.4,60698.0,1715.4754572988052,4517.0
McDonald's,1.5,Lansdowne,Pennsylvania,Democrat,44.4,69261.0,1439.3333333333333,
The Kettle,4.0,Havertown,Pennsylvania,Democrat,,60698.0,,
Cosmic Donuts,4.0,Palm Harbor,Florida,Republican,38.5,75354.0,1901.0656790123455,
Chronicle Coffee,4.5,Saint Louis,Missouri,Democrat,,55279.0,,
7-Eleven,2.5,Clearwater,Florida,Republican,38.5,64440.0,1956.247155052128,1727.0
Germantown Espresso Bar,4.5,Philadelphia,Pennsylvania,Democrat,36.4,60698.0,1715.4754572988052,4517.0
Starbucks,3.0,Reno,Nevada,Democrat,37.3,78448.0,1895.051309846432,920.0
Groove Coffee,4.0,Meridian,Idaho,Republican,46.3,98686.0,2015.2290262803235,
The Outbound Station,4.0,Conshohocken,Pennsylvania,Democrat,55.4,117330.0,2378.5670794633643,
Puccino's Coffee,2.5,Metairie,Louisiana,Republican,31.2,73256.0,1645.3324786324786,
Starbucks,4.0,Indianapolis,Indiana,Democrat,35.3,62995.0,1376.034945102525,913.0
Starbucks,3.0,Dresher,Pennsylvania,Democrat,,60698.0,,
Dunkin',3.5,Pinellas Park,Florida,Republican,38.5,62043.0,2039.4087024087028,
Starbucks,3.0,Philadelphia,Pennsylvania,Democrat,36.4,60698.0,1715.4754572988052,4517.0
McDonald's,1.5,Tucson,Arizona,Democrat,37.9,54546.0,1468.4007810603507,904.0
Bulk Nation,4.0,Clearwater,Florida,Republican,38.5,64440.0,1956.247155052128,1727.0
Le Buzz,4.5,Tucson,Arizona,Democrat,37.9,54546.0,1468.4007810603507,904.0
Woodbine Coffee Co.,4.5,Nashville,Tennessee,Democrat,51.2,75197.0,1803.1395088912257,537.0
Wawa,3.5,St. Petersburg,Florida,Republican,38.5,73118.0,,1632.0
Replenish Boise,5.0,Boise,Idaho,Republican,46.3,76402.0,1769.288449703903,
Wawa,3.0,Mount Laurel,New Jersey,Democrat,,91000.0,,
McDonald's,2.5,Brownsburg,Indiana,Republican,37.1,105435.0,1939.3527777777776,
Wawa,4.0,Jamison,Pennsylvania,Republican,,60698.0,,
Dunkin' Donuts,3.5,Clearwater,Florida,Republican,38.5,64440.0,1956.247155052128,1727.0
The Coffee Scoop,5.0,Pipersville,Pennsylvania,Republican,,60698.0,,
Kubos Cafe - Korean Dessert,4.5,Tampa Bay,Florida,Republican,,71302.0,,
Starbucks,2.5,Madison,Tennessee,Democrat,,75197.0,,
Wawa,3.0,Ewing,New Jersey,Democrat,,91000.0,2199.345238095238,
Starbucks,3.5,Meridian,Idaho,Republican,46.3,98686.0,2015.2290262803235,
Dunkin',1.5,Philadelphia,Pennsylvania,Democrat,36.4,60698.0,1715.4754572988052,4517.0
The Poké Company,4.5,Tampa,Florida,Republican,39.6,71302.0,2011.9116084311615,1284.0
Dunkin',3.5,Wilmington,Delaware,Democrat,38.7,55269.0,1756.0830026455026,
Fat tuna,3.5,Philadelphia,Pennsylvania,Democrat,36.4,60698.0,1715.4754572988052,4517.0
Pie Lady Cafe,5.0,Moorestown,New Jersey,Democrat,,91000.0,,
Brunch Everyday,4.5,Conshohocken,Pennsylvania,Democrat,55.4,117330.0,2378.5670794633643,
McDonald's,2.0,New Orleans,Louisiana,Democrat,43.3,55339.0,1635.4273395346563,892.0
Finestra Cafe,3.0,Santa Barbara,California,Democrat,38.6,101672.0,3646.9091098603294,
Hook And Press Donuts,4.5,Santa Barbara,California,Democrat,38.6,101672.0,3646.9091098603294,
Federal Donuts,4.0,Philadelphia,Pennsylvania,Democrat,36.4,60698.0,1715.4754572988052,4517.0
Fiddlehead Fern Café,4.5,St Louis,Missouri,Democrat,,55279.0,1297.475912635836,
Starbucks,2.0,Philadelphia,Pennsylvania,Democrat,36.4,60698.0,1715.4754572988052,4517.0
Dutch Bros Coffee,4.0,Reno,Nevada,Democrat,37.3,78448.0,1895.051309846432,920.0
Frankie's Java,4.5,Meridian,Idaho,Republican,46.3,98686.0,2015.2290262803235,
Rojo's Roastery,4.0,Lambertville,New Jersey,Republican,57.7,106236.0,2700.0,
Wawa,3.5,Boothwyn,Pennsylvania,Democrat,44.4,83444.0,,
Capital Teas,4.0,Tampa,Florida,Republican,39.6,71302.0,2011.9116084311615,1284.0
Sweet Jojo Frozen Yogurt & Cup Cake,4.0,Indianapolis,Indiana,Democrat,35.3,62995.0,1376.034945102525,913.0
McDonald's,2.0,Old Hickory,Tennessee,Democrat,,75197.0,,
McDonald's,1.0,New Castle,Delaware,Democrat,38.7,92565.0,1786.4166666666667,
Tradestone Cafe,3.5,Conshohocken,Pennsylvania,Democrat,55.4,117330.0,2378.5670794633643,
Global Crepes & Local Shakes,4.5,Philadelphia,Pennsylvania,Democrat,36.4,60698.0,1715.4754572988052,4517.0
"Golly G's Coffee, Ice Cream & Sweets",4.5,Pleasant View,Tennessee,Republican,,101591.0,,
White Duck Espresso,5.0,New Port Richey,Florida,Republican,31.3,46160.0,1753.8333333333333,
Just Great Frozen Yogurt,3.0,Philadelphia,Pennsylvania,Democrat,36.4,60698.0,1715.4754572988052,4517.0
Old City Coffee,3.5,Philadelphia,Pennsylvania,Democrat,36.4,60698.0,1715.4754572988052,4517.0
The Cafe at The Four Crows,4.5,New Hope,Pennsylvania,Republican,45.2,158929.0,,
Starbucks,4.0,Philadelphia,Pennsylvania,Democrat,36.4,60698.0,1715.4754572988052,4517.0
Illy Coffee Shops,2.5,Tampa,Florida,Republican,39.6,71302.0,2011.9116084311615,1284.0
Starbucks,3.5,Newtown,Pennsylvania,Republican,45.2,146765.0,2431.944444444445,
Conservative Grounds,4.0,Largo,Florida,Republican,38.5,60465.0,1787.582052090859,
Dunkin',3.0,Bensalem,Pennsylvania,Republican,,60698.0,1804.6603174603176,
New Leaf Club,5.0,Rosemont,Pennsylvania,Democrat,55.4,85913.0,,
McDonald's,1.0,Shrewsbury,Missouri,Democrat,46.7,84942.0,,
Brigade Coffee Company,4.0,New Orleans,Louisiana,Democrat,43.3,55339.0,1635.4273395346563,892.0
Up & Adam Eatz,4.0,New Orleans,Louisiana,Democrat,43.3,55339.0,1635.4273395346563,892.0
Phresh Teas,4.0,Goleta,California,Democrat,38.6,118039.0,3642.484920634921,
Ferino Distillery,5.0,Reno,Nevada,Democrat,37.3,78448.0,1895.051309846432,920.0
Cafe Maggie,4.5,Tucson,Arizona,Democrat,37.9,54546.0,1468.4007810603507,904.0
Grassroots Kava House,4.5,Tampa,Florida,Republican,39.6,71302.0,2011.9116084311615,1284.0
Cup Grinders,5.0,Philadelphia,Pennsylvania,Democrat,36.4,60698.0,1715.4754572988052,4517.0
Token Ramen & Kung Fu Tea,4.0,Tampa,Florida,Republican,39.6,71302.0,2011.9116084311615,1284.0
Reading Terminal Market,4.5,Philadelphia,Pennsylvania,Democrat,36.4,60698.0,1715.4754572988052,4517.0
Rad's,4.5,Carmel,Indiana,Republican,62.7,134602.0,1827.6327732974908,
Chill  Cawfee Riverview,5.0,Riverview,Florida,Republican,39.6,95442.0,2171.145685305324,
Hubbard & Cravens Coffee,4.5,Indianapolis,Indiana,Democrat,35.3,62995.0,1376.034945102525,913.0
The Bean Bag,4.5,Nashville,Tennessee,Democrat,51.2,75197.0,1803.1395088912257,537.0
Juniper Tree Juice & Coffee Bar,4.5,Chester Springs,Pennsylvania,Democrat,,60698.0,,
Fray's Donut House,4.0,St. Petersburg,Florida,Republican,38.5,73118.0,,1632.0
Starbucks,2.5,Huntingdon Valley,Pennsylvania,Democrat,,60698.0,1954.0,
Starbucks,4.0,Indianapolis,Indiana,Democrat,35.3,62995.0,1376.034945102525,913.0
Konditori,3.5,Philadelphia,Pennsylvania,Democrat,36.4,60698.0,1715.4754572988052,4517.0
The Perch,4.0,Nashville,Tennessee,Democrat,51.2,75197.0,1803.1395088912257,537.0
Dunkin',3.0,Philadelphia,Pennsylvania,Democrat,36.4,60698.0,1715.4754572988052,4517.0
Starbucks,3.5,Franklin,Tennessee,Republican,65.8,115000.0,2052.104521404521,
Hollywood & Grind,2.0,Maryland Heights,Missouri,Democrat,46.7,86485.0,1322.1503759398497,
Dunkin',2.5,Cheltenham,Pennsylvania,Democrat,,60698.0,,
Saxbys Coffee,4.0,New Hope,Pennsylvania,Republican,45.2,158929.0,,
Starbucks,5.0,Indianapolis,Indiana,Democrat,35.3,62995.0,1376.034945102525,913.0
Moore Bagels,4.5,Marlton,New Jersey,Democrat,42.1,94160.0,,
672 Brew,4.0,White House,Tennessee,Republican,24.5,87315.0,1801.2055555555555,
McDonald's,1.0,Marrero,Louisiana,Republican,31.2,45633.0,1651.5873015873017,
Starbucks,3.0,Tucson,Arizona,Democrat,37.9,54546.0,1468.4007810603507,904.0
River Wards Cafe,5.0,Philadelphia,Pennsylvania,Democrat,36.4,60698.0,1715.4754572988052,4517.0
McDonald's,1.5,Florissant,Missouri,Democrat,46.7,66344.0,1490.5542857142857,
Dutch Bros Coffee,4.0,Green Valley,Arizona,Democrat,37.9,58268.0,1533.3333333333337,
Wawa,2.5,Wilmington,Delaware,Democrat,38.7,55269.0,1756.0830026455026,
Cafe Quiquiriqui,4.0,Tampa,Florida,Republican,39.6,71302.0,2011.9116084311615,1284.0
Sawgrass Tiki Bar & Tea House,5.0,Saint Petersburg,Florida,Republican,,71302.0,,
Fill A Bagel & Breads - Oreland,4.0,Oreland,Pennsylvania,Democrat,55.4,110100.0,,
Dunkin',2.0,Philadelphia,Pennsylvania,Democrat,36.4,60698.0,1715.4754572988052,4517.0
The Ice Cream Palace,4.5,New Port Richey,Florida,Republican,31.3,46160.0,1753.8333333333333,
Dairy Queen,3.0,Doylestown,Pennsylvania,Republican,,93672.0,2597.1666666666665,
Twice Daily,3.0,Nashville,Tennessee,Democrat,51.2,75197.0,1803.1395088912257,537.0
Starbucks,3.0,Philadelphia,Pennsylvania,Democrat,36.4,60698.0,1715.4754572988052,4517.0
McDonald's,1.5,Bridgeton,Missouri,Democrat,46.7,73320.0,,
Mo'Joe Coffeehouse,3.5,Indianapolis,Indiana,Democrat,35.3,62995.0,1376.034945102525,913.0
Starbucks,3.5,Safety Harbor,Florida,Republican,38.5,105813.0,2389.1,
Le Macaron French Pastries,4.0,Tampa,Florida,Republican,39.6,71302.0,2011.9116084311615,1284.0
Kitchen House Coffee,4.5,Saint Louis,Missouri,Democrat,,55279.0,,
McDonald's,1.5,Mullica Hill,New Jersey,Republican,37.6,133750.0,,
Presta Coffee Roasters,4.0,Tucson,Arizona,Democrat,37.9,54546.0,1468.4007810603507,904.0
BAMBU,3.5,Philadelphia,Pennsylvania,Democrat,36.4,60698.0,1715.4754572988052,4517.0
Native Cafe,5.0,Doylestown,Pennsylvania,Republican,,93672.0,2597.1666666666665,
MJ Cafe,3.5,Mount Juliet,Tennessee,Republican,40.2,107847.0,2179.7969498910675,
Espresso Express,3.0,New Orleans,Louisiana,Democrat,43.3,55339.0,1635.4273395346563,892.0
My Favorite Muffin,3.5,Phoenixville,Pennsylvania,Democrat,58.0,94411.0,2006.513888888889,
Bran N Shorts Coffee House,4.5,Mooresville,Indiana,Republican,21.6,70228.0,,
Dantè,4.0,Philadelphia,Pennsylvania,Democrat,36.4,60698.0,1715.4754572988052,4517.0
Lighthouse Coffee,4.5,Reno,Nevada,Democrat,37.3,78448.0,1895.051309846432,920.0
Black Crow Coffee Old NE,4.5,Saint Petersburg,Florida,Republican,,71302.0,,
Break Time Cafe,3.5,North Wales,Pennsylvania,Democrat,55.4,115833.0,1930.419047619048,
Dunkin',3.0,Santa Barbara,California,Democrat,38.6,101672.0,3646.9091098603294,
Kimi's Ice Cream and Sweets,4.5,Apollo Beach,Florida,Republican,39.6,113130.0,2339.319035947712,
Le Citron Bistro,3.5,New Orleans,Louisiana,Democrat,43.3,55339.0,1635.4273395346563,892.0
Milkboy Coffee,4.0,Bryn Mawr,Pennsylvania,Democrat,55.4,87218.0,2184.9999999999995,
Dunkin',1.5,Franklin,Tennessee,Republican,65.8,115000.0,2052.104521404521,
Louise,4.0,New Orleans,Louisiana,Democrat,43.3,55339.0,1635.4273395346563,892.0
Revelator Nashville,3.5,Nashville,Tennessee,Democrat,51.2,75197.0,1803.1395088912257,537.0
Dunkin',2.5,Swarthmore,Pennsylvania,Democrat,44.4,146992.0,,
Mister Gregory's,4.0,New Orleans,Louisiana,Democrat,43.3,55339.0,1635.4273395346563,892.0
The Original Coffee Bar & Roaster,5.0,Morton,Pennsylvania,Democrat,44.4,54881.0,1400.0,
Cafe Polis,5.0,Tarpon Springs,Florida,Republican,38.5,68877.0,2048.196581196581,
Sunshine Spice Bakery & Cafe,5.0,Boise,Idaho,Republican,46.3,76402.0,1769.288449703903,
Orleans Coffee House,3.0,New Orleans,Louisiana,Democrat,43.3,55339.0,1635.4273395346563,892.0
Starbucks,3.0,Reno,Nevada,Democrat,37.3,78448.0,1895.051309846432,920.0
McDonald's,2.0,St. Louis,Missouri,Democrat,46.7,55279.0,,1943.0
Einstein Bagels Co,2.0,Indianapolis,Indiana,Democrat,35.3,62995.0,1376.034945102525,913.0
Dunkin' Donuts,3.0,Newark,Delaware,Democrat,38.7,71373.0,2153.965643274854,
Janjou Patisserie,4.5,Boise,Idaho,Republican,46.3,76402.0,1769.288449703903,
Bodhi Coffee,4.0,Philadelphia,Pennsylvania,Democrat,36.4,60698.0,1715.4754572988052,4517.0
River City Coffee & Cafe,3.5,Boise,Idaho,Republican,46.3,76402.0,1769.288449703903,
Starbucks,3.0,Evesham,New Jersey,Democrat,,91000.0,,
Swiss Haus Cafe & Pastry Bar,2.5,Philadelphia,Pennsylvania,Democrat,36.4,60698.0,1715.4754572988052,4517.0
Bonté Wafflerie & Café,3.5,Philadelphia,Pennsylvania,Democrat,36.4,60698.0,1715.4754572988052,4517.0
McDonald's,2.0,Tampa,Florida,Republican,39.6,71302.0,2011.9116084311615,1284.0
Coffee Works Roastery & Cafe,3.5,Voorhees,New Jersey,Democrat,,66927.0,,
Canvas Coffee Company,3.5,Philadelphia,Pennsylvania,Democrat,36.4,60698.0,1715.4754572988052,4517.0
Beans & Barlour,4.5,St. Petersburg,Florida,Republican,38.5,73118.0,,1632.0
Wawa,3.5,Horsham,Pennsylvania,Republican,25.9,99121.0,1631.6666666666667,
McDonald's,1.5,Catalina,Arizona,Democrat,37.9,79092.0,,
Dunkin',3.5,Philadelphia,Pennsylvania,Democrat,36.4,60698.0,1715.4754572988052,4517.0
Black Press Coffee Shop #003,4.0,Gallatin,Tennessee,Republican,35.1,73589.0,1688.3159523809525,
PJ's Coffee,1.5,Kenner,Louisiana,Republican,31.2,64099.0,1663.6666666666667,
Vida Coffee,4.5,Reno,Nevada,Democrat,37.3,78448.0,1895.051309846432,920.0
Commissary Barber & Barista,5.0,Indianapolis,Indiana,Democrat,35.3,62995.0,1376.034945102525,913.0
McDonald's,2.5,Clearwater,Florida,Republican,38.5,64440.0,1956.247155052128,1727.0
Dunkin',3.5,Wayne,Pennsylvania,Democrat,44.4,143981.0,2133.833333333333,
Fezziwig's Sweet Shoppe,4.0,Philadelphia,Pennsylvania,Democrat,36.4,60698.0,1715.4754572988052,4517.0
The Gold Standard,3.0,Philadelphia,Pennsylvania,Democrat,36.4,60698.0,1715.4754572988052,4517.0
Westward,5.0,Boise,Idaho,Republican,46.3,76402.0,1769.288449703903,
The Black Cat Cafe,4.5,Devon,Pennsylvania,Democrat,58.0,194813.0,2037.2222222222224,
Nourishing Storm Studio & Cafe,4.5,Hatboro,Pennsylvania,Democrat,55.4,108927.0,2555.833333333333,
Ugly Mugs Coffee & Tea,4.5,East Nashville,Tennessee,Democrat,,75197.0,,
Vices & Spices From Around the World,4.5,Santa Barbara,California,Democrat,38.6,101672.0,3646.9091098603294,
Krispy Kreme,3.0,Collingswood,New Jersey,Democrat,38.8,83917.0,1593.4864417989418,
Dunkin',2.0,Clementon,New Jersey,Democrat,38.8,69536.0,1982.5,
Starbucks,3.5,St. Louis,Missouri,Democrat,46.7,55279.0,,1943.0
Langhorne Coffee House,4.5,Langhorne,Pennsylvania,Republican,45.2,95568.0,2732.1,
Cafe Bon Ami,4.5,New Orleans,Louisiana,Democrat,43.3,55339.0,1635.4273395346563,892.0
Liberty's Kitchen,4.5,New Orleans,Louisiana,Democrat,43.3,55339.0,1635.4273395346563,892.0
Kolache Factory,4.0,Carmel,Indiana,Republican,62.7,134602.0,1827.6327732974908,
McDonald's,1.0,New Orleans,Louisiana,Democrat,43.3,55339.0,1635.4273395346563,892.0
Sharetea,4.5,Philadelphia,Pennsylvania,Democrat,36.4,60698.0,1715.4754572988052,4517.0
Thomas Hammer Coffee,3.5,Boise,Idaho,Republican,46.3,76402.0,1769.288449703903,
Vernick Coffee Bar,4.5,Philadelphia,Pennsylvania,Democrat,36.4,60698.0,1715.4754572988052,4517.0
Starbucks,2.0,Philadelphia,Pennsylvania,Democrat,36.4,60698.0,1715.4754572988052,4517.0
Wawa,3.0,Pennsauken,New Jersey,Democrat,38.8,91000.0,2524.0,
Dunkin',2.0,Whites Creek,Tennessee,Democrat,,75197.0,,
La Cosecha Coffee Roasters,4.5,Maplewood,Missouri,Democrat,46.7,65510.0,1205.2407407407406,
McDonald's,2.0,Zionsville,Indiana,Republican,53.1,159126.0,1692.1625,
Tabora Farm & Orchard,4.5,Lansdale,Pennsylvania,Democrat,55.4,86460.0,1966.2497212931996,
Bisbee Breakfast Club,3.5,Tucson,Arizona,Democrat,37.9,54546.0,1468.4007810603507,904.0
Starbucks,2.5,Santa Barbara,California,Democrat,38.6,101672.0,3646.9091098603294,
The Laughing C A T,5.0,Reno,Nevada,Democrat,37.3,78448.0,1895.051309846432,920.0
McDonald's,2.5,Indianapolis,Indiana,Democrat,35.3,62995.0,1376.034945102525,913.0
Starbucks,3.0,Greenwood,Indiana,Republican,38.0,78765.0,1632.2466230936818,
Dunkin',1.5,Oaklyn,New Jersey,Democrat,38.8,81514.0,,
Dunkin',2.5,Gallatin,Tennessee,Republican,35.1,73589.0,1688.3159523809525,
Moxie,4.5,Metairie,Louisiana,Republican,31.2,73256.0,1645.3324786324786,
Portland Brew,3.5,Nashville,Tennessee,Democrat,51.2,75197.0,1803.1395088912257,537.0
Coffee Mill,4.5,Largo,Florida,Republican,38.5,60465.0,1787.582052090859,
Starbucks,4.5,Tampa,Florida,Republican,39.6,71302.0,2011.9116084311615,1284.0
Undergrowth Coffee,5.0,New Orleans,Louisiana,Democrat,43.3,55339.0,1635.4273395346563,892.0
Starbucks,3.5,Avon,Indiana,Republican,37.1,80292.0,1762.1857142857143,
Chocolate Iguana On 4th,4.0,Tucson,Arizona,Democrat,37.9,54546.0,1468.4007810603507,904.0
McDonald's,2.0,St. Louis,Missouri,Democrat,46.7,55279.0,,1943.0
Bamboozle Cafe,4.0,Tampa,Florida,Republican,39.6,71302.0,2011.9116084311615,1284.0
Dunkin',2.0,Hermitage,Tennessee,Democrat,,75197.0,,
Falls Flowers,5.0,Philadelphia,Pennsylvania,Democrat,36.4,60698.0,1715.4754572988052,4517.0
Washington Avenue Post,4.5,Saint Louis,Missouri,Democrat,,55279.0,,
Du Jour Commerce Square,3.0,Philadelphia,Pennsylvania,Democrat,36.4,60698.0,1715.4754572988052,4517.0
Dunkin',2.0,Temple Terrace,Florida,Republican,39.6,65756.0,1778.454415954416,
Westside Cafe & Coffee Company,4.0,Reno,Nevada,Democrat,37.3,78448.0,1895.051309846432,920.0
7-Eleven,4.5,Mehlville,Missouri,Democrat,46.7,65395.0,1446.8333333333333,
McDonald's,1.0,Indianapolis,Indiana,Democrat,35.3,62995.0,1376.034945102525,913.0
Starbucks,3.5,Carmel,Indiana,Republican,62.7,134602.0,1827.6327732974908,
Speedway,3.0,Indianapolis,Indiana,Democrat,35.3,62995.0,1376.034945102525,913.0
The Cake Box By Neelma,4.0,Bordentown,New Jersey,Democrat,,91208.0,,
Kalina's Coffee & European Food,4.5,Saint Petersburg,Florida,Republican,,71302.0,,
7-Eleven,3.5,Chesterfield,Missouri,Democrat,46.7,133380.0,1689.8092691622105,
Crushcakes & Co,4.5,Montecito,California,Democrat,38.6,222966.0,,
Caffe D'arte - Boise,4.5,Boise,Idaho,Republican,46.3,76402.0,1769.288449703903,
McDonald's,1.5,Reno,Nevada,Democrat,37.3,78448.0,1895.051309846432,920.0
Caffe Milano,4.0,Tucson,Arizona,Democrat,37.9,54546.0,1468.4007810603507,904.0
McDonald's,1.5,New Orleans,Louisiana,Democrat,43.3,55339.0,1635.4273395346563,892.0
Cafe Soleil,4.5,Tierra Verde,Florida,Republican,38.5,148785.0,,
Circle K,2.5,Tucson,Arizona,Democrat,37.9,54546.0,1468.4007810603507,904.0
Hickory Stick Ice Cream,4.0,Perkasie,Pennsylvania,Republican,45.2,99474.0,,
Krispy Kreme,2.5,Brandon,Florida,Republican,39.6,77068.0,1944.9896640826876,
Balance Coffee and Tea,5.0,Belleville,Illinois,Democrat,34.2,60529.0,1072.5014005602245,
Circle K,3.0,Tucson,Arizona,Democrat,37.9,54546.0,1468.4007810603507,904.0
The Landing Kitchen,4.5,Bala Cynwyd,Pennsylvania,Democrat,55.4,144453.0,,
Lily Of The Valley Cupcakery and Café,4.5,Philadelphia,Pennsylvania,Democrat,36.4,60698.0,1715.4754572988052,4517.0
Roasted Tea and Coffee Shop,4.5,Tucson,Arizona,Democrat,37.9,54546.0,1468.4007810603507,904.0
McDonald's,2.0,Nashville,Tennessee,Democrat,51.2,75197.0,1803.1395088912257,537.0
Sun City Cafe,3.5,Sun City Center,Florida,Republican,39.6,71012.0,2150.534722222222,
Dunkin',1.5,Levittown,Pennsylvania,Republican,45.2,101619.0,1847.9166666666667,
Drip Affogato Bar,4.5,New Orleans,Louisiana,Democrat,43.3,55339.0,1635.4273395346563,892.0
Java House Coffee Bar,4.5,Carmel,Indiana,Republican,62.7,134602.0,1827.6327732974908,
The Decadence Shoppe,4.0,New Orleans,Louisiana,Democrat,43.3,55339.0,1635.4273395346563,892.0
Dashing Bicycles & Accessories,4.5,New Orleans,Louisiana,Democrat,43.3,55339.0,1635.4273395346563,892.0
Broadway Bean Coffee,4.5,Saint Louis,Missouri,Democrat,,55279.0,,
Starbucks,4.0,Reno,Nevada,Democrat,37.3,78448.0,1895.051309846432,920.0
Starbucks - Maryland Heights,3.5,Maryland Heights,Missouri,Democrat,46.7,86485.0,1322.1503759398497,
Kahwa Tampa Westchase,4.0,Tampa,Florida,Republican,39.6,71302.0,2011.9116084311615,1284.0
Coma Coffee Roasters,4.5,Richmond Heights,Missouri,Democrat,46.7,90670.0,1542.0238095238094,
Starbucks,3.5,Tucson,Arizona,Democrat,37.9,54546.0,1468.4007810603507,904.0
Remi's Minis,4.5,Riverview,Florida,Republican,39.6,95442.0,2171.145685305324,
Dunkin',3.5,Spring Hill,Florida,Republican,22.1,66557.0,1896.568681988972,
Teavana,3.5,Clearwater,Florida,Republican,38.5,64440.0,1956.247155052128,1727.0
Girard Bruncherie,4.5,Philadelphia,Pennsylvania,Democrat,36.4,60698.0,1715.4754572988052,4517.0
Dunkin',1.5,Phoenixville,Pennsylvania,Democrat,58.0,94411.0,2006.513888888889,
Neutral Ground Coffee House,4.0,New Orleans,Louisiana,Democrat,43.3,55339.0,1635.4273395346563,892.0
Wawa,4.5,Souderton,Pennsylvania,Democrat,55.4,85625.0,,
Cafe Barbera Since 1870,4.5,Tampa,Florida,Republican,39.6,71302.0,2011.9116084311615,1284.0
7-Eleven,3.0,Santa Barbara,California,Democrat,38.6,101672.0,3646.9091098603294,
Smash Social,4.5,Indianapolis,Indiana,Democrat,35.3,62995.0,1376.034945102525,913.0
Cafe La Maude,4.5,Philadelphia,Pennsylvania,Democrat,36.4,60698.0,1715.4754572988052,4517.0
Olive Street Cafe,4.0,Saint Louis,Missouri,Democrat,,55279.0,,
It's Your Day Cafe,4.0,Indian Rocks Beach,Florida,Republican,38.5,98279.0,3046.3888888888887,
McDonald's,1.5,Indianapolis,Indiana,Democrat,35.3,62995.0,1376.034945102525,913.0
7-Eleven,3.0,Goleta,California,Democrat,38.6,118039.0,3642.484920634921,
Loving Hut,4.0,Tampa,Florida,Republican,39.6,71302.0,2011.9116084311615,1284.0
Saxbys,4.0,Philadelphia,Pennsylvania,Democrat,36.4,60698.0,1715.4754572988052,4517.0
Starbucks,4.0,Tucson,Arizona,Democrat,37.9,54546.0,1468.4007810603507,904.0
Starbucks,3.5,Tucson,Arizona,Democrat,37.9,54546.0,1468.4007810603507,904.0
Code Coffee,4.0,Reno,Nevada,Democrat,37.3,78448.0,1895.051309846432,920.0
Cherry's Ice Cream & Water Ice,4.0,Cherry Hill,New Jersey,Democrat,38.8,91000.0,2419.9864433811804,
Dunkin',1.5,Blue Bell,Pennsylvania,Democrat,55.4,159963.0,2504.2666666666664,
Starbucks,3.0,Sicklerville,New Jersey,Democrat,38.8,102881.0,2218.611111111112,
The Franklin Fountain,4.0,Philadelphia,Pennsylvania,Democrat,36.4,60698.0,1715.4754572988052,4517.0
Melba's,3.5,New Orleans,Louisiana,Democrat,43.3,55339.0,1635.4273395346563,892.0
McDonald's,1.5,Indianapolis,Indiana,Democrat,35.3,62995.0,1376.034945102525,913.0
The Sweet Spot,4.5,Philadelphia,Pennsylvania,Democrat,36.4,60698.0,1715.4754572988052,4517.0
Starbucks,3.0,Boise,Idaho,Republican,46.3,76402.0,1769.288449703903,
Rox Cafe,2.5,Philadelphia,Pennsylvania,Democrat,36.4,60698.0,1715.4754572988052,4517.0
The Corner Bistro,3.0,Haddonfield,New Jersey,Democrat,38.8,190882.0,1900.8333333333333,
The Trailer Perk,3.0,Nashville,Tennessee,Democrat,51.2,75197.0,1803.1395088912257,537.0
ArtBar,3.0,Philadelphia,Pennsylvania,Democrat,36.4,60698.0,1715.4754572988052,4517.0
McDonald's,2.0,Riverview,Florida,Republican,39.6,95442.0,2171.145685305324,
Joe's Good Java,3.5,Reno,Nevada,Democrat,37.3,78448.0,1895.051309846432,920.0
Johnny Gibson's Downtown Market,4.0,Tucson,Arizona,Democrat,37.9,54546.0,1468.4007810603507,904.0
Dunkin',2.5,Prospect Park,Pennsylvania,Democrat,44.4,38750.0,,
Lucky Perk Coffee,4.0,Meridian,Idaho,Republican,46.3,98686.0,2015.2290262803235,
Rue De La Course,3.5,New Orleans,Louisiana,Democrat,43.3,55339.0,1635.4273395346563,892.0
Krispy Kreme,3.5,Tampa,Florida,Republican,39.6,71302.0,2011.9116084311615,1284.0
L A Cafe,4.0,Whitestown,Indiana,Republican,53.1,118884.0,2005.7857142857144,
Tiny Bites,4.5,Tampa,Florida,Republican,39.6,71302.0,2011.9116084311615,1284.0
Wawa,2.5,Tampa,Florida,Republican,39.6,71302.0,2011.9116084311615,1284.0
McDonald's,2.5,Oro Valley,Arizona,Democrat,37.9,105342.0,1923.6564327485376,
Kahwa Coffee West,4.5,St Petersburg,Florida,Republican,,71302.0,2063.6960586694618,
7-Eleven,4.0,Cherry Hill,New Jersey,Democrat,38.8,91000.0,2419.9864433811804,
Starbucks,1.5,Goleta,California,Democrat,38.6,118039.0,3642.484920634921,
TKK Fried Chicken,4.0,Philadelphia,Pennsylvania,Democrat,36.4,60698.0,1715.4754572988052,4517.0
Starbucks,3.0,Tucson,Arizona,Democrat,37.9,54546.0,1468.4007810603507,904.0
Wawa,3.5,Feasterville,Pennsylvania,Republican,45.2,80208.0,,
Basimo Beach Cafe,4.0,Clearwater,Florida,Republican,38.5,64440.0,1956.247155052128,1727.0
McDonald's,1.5,Boise,Idaho,Republican,46.3,76402.0,1769.288449703903,
Barnes and Noble,3.5,Wesley Chapel,Florida,Republican,31.3,107004.0,2225.93855222764,
Essen Bakery,5.0,Philadelphia,Pennsylvania,Democrat,36.4,60698.0,1715.4754572988052,4517.0
The Coffee Bean & Tea Leaf,3.5,Goleta,California,Democrat,38.6,118039.0,3642.484920634921,
Starbucks,3.5,Tucson,Arizona,Democrat,37.9,54546.0,1468.4007810603507,904.0
Raging Sage,4.0,Tucson,Arizona,Democrat,37.9,54546.0,1468.4007810603507,904.0
Lazy Daze Coffee House,3.5,Indianapolis,Indiana,Democrat,35.3,62995.0,1376.034945102525,913.0
Hennings Coffee House,4.5,Harleysville,Pennsylvania,Democrat,55.4,111530.0,,
Sip,4.5,New Port Richey,Florida,Republican,31.3,46160.0,1753.8333333333333,
Loving Hut,4.0,Philadelphia,Pennsylvania,Democrat,36.4,60698.0,1715.4754572988052,4517.0
Dunkin',3.0,Clearwater,Florida,Republican,38.5,64440.0,1956.247155052128,1727.0
Starbucks,3.5,Franklin,Tennessee,Republican,65.8,115000.0,2052.104521404521,
NOCHI Cafe by Gracious,4.5,New Orleans,Louisiana,Democrat,43.3,55339.0,1635.4273395346563,892.0
The Garfield Eatery & Coffee,4.0,Indianapolis,Indiana,Democrat,35.3,62995.0,1376.034945102525,913.0
The Coffee Bar,3.0,Philadelphia,Pennsylvania,Democrat,36.4,60698.0,1715.4754572988052,4517.0
Cherry Coffee Roasters,4.5,New Orleans,Louisiana,Democrat,43.3,55339.0,1635.4273395346563,892.0
McDonald's,1.5,Alton,Illinois,Republican,32.0,53005.0,904.2222222222222,
McDonald's,4.0,Bensalem,Pennsylvania,Republican,,60698.0,1804.6603174603176,
Starbucks,2.5,Reno,Nevada,Democrat,37.3,78448.0,1895.051309846432,920.0
Old City Coffee,4.0,Philadelphia,Pennsylvania,Democrat,36.4,60698.0,1715.4754572988052,4517.0
Amelia Grey's Cafe & Catering,3.5,Tucson,Arizona,Democrat,37.9,54546.0,1468.4007810603507,904.0
Le Café,2.5,Isla Vista,California,Democrat,38.6,24428.0,9082.222222222224,
2Schae Cafe,4.5,Saint Louis,Missouri,Democrat,,55279.0,,
Post Commons,4.5,Alton,Illinois,Republican,32.0,53005.0,904.2222222222222,
McDonald's,1.5,St. Petersburg,Florida,Republican,38.5,73118.0,,1632.0
Wawa,4.0,Springfield,Pennsylvania,Democrat,,60698.0,,
Square One Coffee,4.0,Philadelphia,Pennsylvania,Democrat,36.4,60698.0,1715.4754572988052,4517.0
Krispy Kreme,2.5,Havertown,Pennsylvania,Democrat,,60698.0,,
The Spice & Tea Exchange - Saint Petersburg,5.0,St. Petersburg,Florida,Republican,38.5,73118.0,,1632.0
Poppy's Coffee House Restaurant,4.5,Aston,Pennsylvania,Democrat,,60698.0,,
Starbucks,3.0,Wesley Chapel,Florida,Republican,31.3,107004.0,2225.93855222764,
The Waffle Taco,4.0,Antioch,Tennessee,Democrat,,75197.0,,
Coffee Times Drive,4.5,Tucson,Arizona,Democrat,37.9,54546.0,1468.4007810603507,904.0
MFA Cafe,4.0,Saint Petersburg,Florida,Republican,,71302.0,,
St Yared Ethiopian Restaurant,5.0,Indianapolis,Indiana,Democrat,35.3,62995.0,1376.034945102525,913.0
Knish King,4.5,Brandon,Florida,Republican,39.6,77068.0,1944.9896640826876,
The Lucky Cupcake Company's Village Bakery,3.0,Lahaska,Pennsylvania,Republican,,60698.0,,
Sound Café,3.5,New Orleans,Louisiana,Democrat,43.3,55339.0,1635.4273395346563,892.0
Baker Street Bread Co,4.0,Philadelphia,Pennsylvania,Democrat,36.4,60698.0,1715.4754572988052,4517.0
McDonald's,1.5,Edwardsville,Illinois,Republican,32.0,92671.0,1571.0952380952378,
Milkcrate Cafe,4.5,Philadelphia,Pennsylvania,Democrat,36.4,60698.0,1715.4754572988052,4517.0
Jet City Espresso -Seminole Heights,4.5,Tampa,Florida,Republican,39.6,71302.0,2011.9116084311615,1284.0
Customs Coffee House,3.5,Philadelphia,Pennsylvania,Democrat,36.4,60698.0,1715.4754572988052,4517.0
Starbucks,3.0,Montgomeryville,Pennsylvania,Democrat,55.4,130769.0,,
Urban Element,4.0,Indianapolis,Indiana,Democrat,35.3,62995.0,1376.034945102525,913.0
Vape N Joe,3.5,Largo,Florida,Republican,38.5,60465.0,1787.582052090859,
Greek From Greece,5.0,Philadelphia,Pennsylvania,Democrat,36.4,60698.0,1715.4754572988052,4517.0
Goleta Coffee Co and Loca Vivant Kitchen,4.0,Santa Barbara,California,Democrat,38.6,101672.0,3646.9091098603294,
Kava Culture Kava Bar - Tampa,4.5,Tampa,Florida,Republican,39.6,71302.0,2011.9116084311615,1284.0
Saint Coffee,4.0,New Orleans,Louisiana,Democrat,43.3,55339.0,1635.4273395346563,892.0
Speedway,3.5,Brownsburg,Indiana,Republican,37.1,105435.0,1939.3527777777776,
The Shoe Bar & Grill,4.5,Reno,Nevada,Democrat,37.3,78448.0,1895.051309846432,920.0
McDonald's,2.5,Tucson,Arizona,Democrat,37.9,54546.0,1468.4007810603507,904.0
Starbucks,3.5,St. Louis,Missouri,Democrat,46.7,55279.0,,1943.0
Mugshots Espresso,4.5,Reno,Nevada,Democrat,37.3,78448.0,1895.051309846432,920.0
The Point on Penn,4.5,Indianapolis,Indiana,Democrat,35.3,62995.0,1376.034945102525,913.0
Dunkin',1.5,Philadelphia,Pennsylvania,Democrat,36.4,60698.0,1715.4754572988052,4517.0
V J Coffee & Tea,2.0,Saint Louis,Missouri,Democrat,,55279.0,,
Dunkin',1.5,Tampa,Florida,Republican,39.6,71302.0,2011.9116084311615,1284.0
Dunkin',2.0,New Port Richey,Florida,Republican,31.3,46160.0,1753.8333333333333,
McDonald's,1.5,Plainfield,Indiana,Republican,37.1,85074.0,1703.8148148148148,
Flora Gallery & Coffee Shop,4.0,New Orleans,Louisiana,Democrat,43.3,55339.0,1635.4273395346563,892.0
HAPP'S,4.5,Philadelphia,Pennsylvania,Democrat,36.4,60698.0,1715.4754572988052,4517.0
Jet City Espresso Hyde Park,5.0,Tampa,Florida,Republican,39.6,71302.0,2011.9116084311615,1284.0
Wawa,3.5,Philadelphia,Pennsylvania,Democrat,36.4,60698.0,1715.4754572988052,4517.0
The Globe Coffee Lounge,4.0,St. Petersburg,Florida,Republican,38.5,73118.0,,1632.0
Starbucks,3.0,Warrington,Pennsylvania,Republican,,60698.0,,
Black Rock Coffee Bar,4.5,Boise,Idaho,Republican,46.3,76402.0,1769.288449703903,
Solid Rock Cafe & Books,4.5,Chalfont,Pennsylvania,Republican,45.2,131944.0,2450.0,
Basik Açai Cafe,4.5,Reno,Nevada,Democrat,37.3,78448.0,1895.051309846432,920.0
Brakeman's Cafe,4.5,Boyertown,Pennsylvania,Republican,28.5,54179.0,,
Mutts Premium Hot Dogs & Sausages,3.5,Tucson,Arizona,Democrat,37.9,54546.0,1468.4007810603507,904.0
Circle Bev,5.0,Indianapolis,Indiana,Democrat,35.3,62995.0,1376.034945102525,913.0
New Leaf Cafe,4.5,Tampa,Florida,Republican,39.6,71302.0,2011.9116084311615,1284.0
Lagniappe Bayou Kitchen,4.5,Goodlettsville,Tennessee,Republican,35.1,65898.0,1786.8333333333333,
Au Bon Pain,3.0,Philadelphia,Pennsylvania,Democrat,36.4,60698.0,1715.4754572988052,4517.0
Brewd Coffee & Food,4.0,Tucson,Arizona,Democrat,37.9,54546.0,1468.4007810603507,904.0
New Dey Rising Cafe and Bakery,4.0,Beech Grove,Indiana,Democrat,35.3,49452.0,,
Starbucks,4.0,Wayne,Pennsylvania,Democrat,44.4,143981.0,2133.833333333333,
Starbucks,2.0,St. Louis,Missouri,Democrat,46.7,55279.0,,1943.0
Mugshots Coffeehouse,4.0,Philadelphia,Pennsylvania,Democrat,36.4,60698.0,1715.4754572988052,4517.0
Starbucks,3.0,Philadelphia,Pennsylvania,Democrat,36.4,60698.0,1715.4754572988052,4517.0
Starbucks,3.5,Tucson,Arizona,Democrat,37.9,54546.0,1468.4007810603507,904.0
Sha's Coffee N Teas,4.5,Saint Charles,Missouri,Republican,,55279.0,,
Sombra Coffee,4.0,Seminole,Florida,Republican,38.5,77335.0,2247.2611111111114,
Au Bon Pain Lockefield,4.5,Indianapolis,Indiana,Democrat,35.3,62995.0,1376.034945102525,913.0
Oat Bakery,5.0,Santa Barbara,California,Democrat,38.6,101672.0,3646.9091098603294,
Dunkin',2.0,Saint Petersburg,Florida,Republican,,71302.0,,
Lost & Found Cafe,5.0,Carpinteria,California,Democrat,38.6,104233.0,4234.166666666667,
Dunkin',2.0,Largo,Florida,Republican,38.5,60465.0,1787.582052090859,
Creative Cafe,4.0,Philadelphia,Pennsylvania,Democrat,36.4,60698.0,1715.4754572988052,4517.0
Starbucks,3.5,Indianapolis,Indiana,Democrat,35.3,62995.0,1376.034945102525,913.0
Speedway,2.5,Wesley Chapel,Florida,Republican,31.3,107004.0,2225.93855222764,
Café Ventana,3.5,Saint Louis,Missouri,Democrat,,55279.0,,
Starbucks,2.5,Indianapolis,Indiana,Democrat,35.3,62995.0,1376.034945102525,913.0
Kitchen Gia,3.0,Philadelphia,Pennsylvania,Democrat,36.4,60698.0,1715.4754572988052,4517.0
Starbucks,4.0,Indianapolis,Indiana,Democrat,35.3,62995.0,1376.034945102525,913.0
Wawa,3.0,Clifton Heights,Pennsylvania,Democrat,44.4,69940.0,1491.829365079365,
Dutch Bros Coffee,4.0,Boise,Idaho,Republican,46.3,76402.0,1769.288449703903,
Savaya Coffee Market,4.5,Oro Valley,Arizona,Democrat,37.9,105342.0,1923.6564327485376,
